1980,1,1,57
1980,1,2,18.4
1980,1,3,23.4
1980,1,4,66.2
1980,1,5,5.8
1980,1,6,9.4
1980,1,7,8.6
1980,1,8,0
1980,1,9,9.6
1980,1,10,12.4
1980,1,11,0
1980,1,12,9.2
1980,1,13,8.6
1980,1,14,11
1980,1,15,61.8
1980,1,16,3.4
1980,1,17,0
1980,1,18,55.8
1980,1,19,41.4
1980,1,20,5
1980,1,21,3.4
1980,1,22,1.6
1980,1,23,40
1980,1,24,18
1980,1,25,3.6
1980,1,26,0
1980,1,27,18.6
1980,1,28,42.2
1980,1,29,9
1980,1,30,3.2
1980,1,31,0
1980,2,1,0.8
1980,2,2,41.6
1980,2,3,40.2
1980,2,4,96.6
1980,2,5,53.5
1980,2,6,18.4
1980,2,7,18.8
1980,2,8,39.6
1980,2,9,16.2
1980,2,10,56.4
1980,2,11,16
1980,2,12,4
1980,2,13,10.4
1980,2,14,6.4
1980,2,15,37.2
1980,2,16,0
1980,2,17,2.4
1980,2,18,0
1980,2,19,23
1980,2,20,0
1980,2,21,0
1980,2,22,0
1980,2,23,26
1980,2,24,14.4
1980,2,25,3.8
1980,2,26,0
1980,2,27,0
1980,2,28,0
1980,3,1,0
1980,3,2,0
1980,3,3,0
1980,3,4,0
1980,3,5,0
1980,3,6,0
1980,3,7,38
1980,3,8,14.4
1980,3,9,0
1980,3,10,8.6
1980,3,11,2.4
1980,3,12,32
1980,3,13,0
1980,3,14,30
1980,3,15,23
1980,3,16,16.2
1980,3,17,0
1980,3,18,0
1980,3,19,1.2
1980,3,20,34
1980,3,21,1.8
1980,3,22,1.4
1980,3,23,2.6
1980,3,24,23.4
1980,3,25,11
1980,3,26,5.2
1980,3,27,39
1980,3,28,0.4
1980,3,29,0
1980,3,30,5.4
1980,3,31,0
1980,4,1,0
1980,4,2,0.2
1980,4,3,5.6
1980,4,4,1.2
1980,4,5,11.8
1980,4,6,0
1980,4,7,0
1980,4,8,0
1980,4,9,0
1980,4,10,0
1980,4,11,0
1980,4,12,1.2
1980,4,13,0
1980,4,14,0
1980,4,15,0
1980,4,16,0
1980,4,17,1.6
1980,4,18,0
1980,4,19,9.4
1980,4,20,0
1980,4,21,0
1980,4,22,23
1980,4,23,0.4
1980,4,24,0.6
1980,4,25,14.8
1980,4,26,1.6
1980,4,27,0.2
1980,4,28,0
1980,4,29,0
1980,4,30,0
1980,5,1,4.4
1980,5,2,0
1980,5,3,0.8
1980,5,4,0
1980,5,5,1.6
1980,5,6,0
1980,5,7,0
1980,5,8,0
1980,5,9,0
1980,5,10,6.2
1980,5,11,17.8
1980,5,12,0.2
1980,5,13,0.2
1980,5,14,0
1980,5,15,0
1980,5,16,0
1980,5,17,0
1980,5,18,0
1980,5,19,0
1980,5,20,0
1980,5,21,0
1980,5,22,2
1980,5,23,0
1980,5,24,0
1980,5,25,0
1980,5,26,0
1980,5,27,0.2
1980,5,28,0
1980,5,29,1.6
1980,5,30,0
1980,5,31,0
1980,6,1,0.4
1980,6,2,0.2
1980,6,3,0.2
1980,6,4,0
1980,6,5,0
1980,6,6,0
1980,6,7,0
1980,6,8,0
1980,6,9,0
1980,6,10,0
1980,6,11,0
1980,6,12,0
1980,6,13,0
1980,6,14,0
1980,6,15,0
1980,6,16,0
1980,6,17,0
1980,6,18,0
1980,6,19,0
1980,6,20,0
1980,6,21,0
1980,6,22,0
1980,6,23,0
1980,6,24,0
1980,6,25,0
1980,6,26,0
1980,6,27,0
1980,6,28,0.2
1980,6,29,0
1980,6,30,0
1980,7,1,0
1980,7,2,0
1980,7,3,0.2
1980,7,4,0
1980,7,5,0
1980,7,6,0
1980,7,7,0
1980,7,8,0
1980,7,9,0
1980,7,10,0
1980,7,11,0
1980,7,12,0
1980,7,13,0
1980,7,14,0
1980,7,15,0
1980,7,16,0
1980,7,17,0
1980,7,18,0
1980,7,19,0
1980,7,20,0
1980,7,21,0
1980,7,22,0
1980,7,23,0
1980,7,24,0
1980,7,25,0
1980,7,26,0
1980,7,27,0
1980,7,28,0
1980,7,29,0
1980,7,30,0
1980,7,31,0
1980,8,1,0
1980,8,2,0
1980,8,3,0
1980,8,4,0
1980,8,5,0
1980,8,6,0
1980,8,7,0
1980,8,8,0.2
1980,8,9,0
1980,8,10,0
1980,8,11,0
1980,8,12,0
1980,8,13,0
1980,8,14,0
1980,8,15,0
1980,8,16,0
1980,8,17,0
1980,8,18,0
1980,8,19,0
1980,8,20,0
1980,8,21,0
1980,8,22,0
1980,8,23,0
1980,8,24,0
1980,8,25,0
1980,8,26,0
1980,8,27,0
1980,8,28,0.6
1980,8,29,0.2
1980,8,30,0
1980,8,31,0
1980,9,1,0
1980,9,2,0
1980,9,3,0
1980,9,4,0
1980,9,5,0
1980,9,6,0
1980,9,7,0
1980,9,8,0
1980,9,9,0
1980,9,10,0
1980,9,11,0
1980,9,12,0
1980,9,13,0
1980,9,14,0
1980,9,15,0
1980,9,16,0
1980,9,17,0
1980,9,18,0
1980,9,19,0
1980,9,20,0
1980,9,21,0.2
1980,9,22,0
1980,9,23,0
1980,9,24,0.2
1980,9,25,0
1980,9,26,0
1980,9,27,0
1980,9,28,0
1980,9,29,0
1980,9,30,0
1980,10,1,0
1980,10,2,0
1980,10,3,0
1980,10,4,0
1980,10,5,0
1980,10,6,0
1980,10,7,0
1980,10,8,0
1980,10,9,0
1980,10,10,0
1980,10,11,0
1980,10,12,0
1980,10,13,0
1980,10,14,0
1980,10,15,0
1980,10,16,0
1980,10,17,0
1980,10,18,27.6
1980,10,19,0
1980,10,20,0
1980,10,21,0
1980,10,22,5.6
1980,10,23,0
1980,10,24,0
1980,10,25,0
1980,10,26,0.4
1980,10,27,1.6
1980,10,28,6.4
1980,10,29,2.8
1980,10,30,1
1980,10,31,0
1980,11,1,0
1980,11,2,11.2
1980,11,3,0
1980,11,4,0
1980,11,5,0
1980,11,6,0
1980,11,7,0
1980,11,8,0
1980,11,9,3.6
1980,11,10,7.4
1980,11,11,0.2
1980,11,12,4.6
1980,11,13,2.4
1980,11,14,37.2
1980,11,15,0
1980,11,16,0.2
1980,11,17,9.4
1980,11,18,29.6
1980,11,19,15.8
1980,11,20,1.2
1980,11,21,0
1980,11,22,1.4
1980,11,23,5.8
1980,11,24,18.6
1980,11,25,0
1980,11,26,0
1980,11,27,41.2
1980,11,28,0
1980,11,29,28.8
1980,11,30,56.2
1980,12,1,0
1980,12,2,20
1980,12,3,6.8
1980,12,4,0
1980,12,5,30.6
1980,12,6,15.2
1980,12,7,0
1980,12,8,0
1980,12,9,46.4
1980,12,10,10.6
1980,12,11,49
1980,12,12,0.4
1980,12,13,0
1980,12,14,0
1980,12,15,0
1980,12,16,0
1980,12,17,0
1980,12,18,0
1980,12,19,6.4
1980,12,20,7.6
1980,12,21,0
1980,12,22,25.4
1980,12,23,153
1980,12,24,0.2
1980,12,25,0
1980,12,26,23.2
1980,12,27,0.2
1980,12,28,13.4
1980,12,29,26.6
1980,12,30,21.4
1980,12,31,1.4
1981,1,1,0
1981,1,2,0
1981,1,3,0
1981,1,4,1.6
1981,1,5,8
1981,1,6,1.2
1981,1,7,16.8
1981,1,8,25.8
1981,1,9,27.4
1981,1,10,1.4
1981,1,11,127.4
1981,1,12,45.6
1981,1,13,33.8
1981,1,14,52.6
1981,1,15,30
1981,1,16,38.4
1981,1,17,0.2
1981,1,18,0.2
1981,1,19,4.4
1981,1,20,4.2
1981,1,21,12.8
1981,1,22,21
1981,1,23,7.4
1981,1,24,0
1981,1,25,0
1981,1,26,5.2
1981,1,27,7.6
1981,1,28,82.6
1981,1,29,53.8
1981,1,30,26.2
1981,1,31,15.2
1981,2,1,28.2
1981,2,2,65.8
1981,2,3,15.8
1981,2,4,8
1981,2,5,14.8
1981,2,6,0.2
1981,2,7,28
1981,2,8,14
1981,2,9,27.2
1981,2,10,14.6
1981,2,11,62.2
1981,2,12,11.6
1981,2,13,10.2
1981,2,14,0
1981,2,15,0.6
1981,2,16,0
1981,2,17,12.2
1981,2,18,0.8
1981,2,19,0.2
1981,2,20,19
1981,2,21,4.8
1981,2,22,2.2
1981,2,23,1.6
1981,2,24,26.6
1981,2,25,4.8
1981,2,26,6
1981,2,27,0
1981,2,28,0.4
1981,3,1,0
1981,3,2,1.2
1981,3,3,10.6
1981,3,4,25.8
1981,3,5,13.2
1981,3,6,44.6
1981,3,7,0.4
1981,3,8,7.4
1981,3,9,0
1981,3,10,0
1981,3,11,9.2
1981,3,12,10.6
1981,3,13,5.4
1981,3,14,0.4
1981,3,15,0.2
1981,3,16,0
1981,3,17,0.2
1981,3,18,5
1981,3,19,0
1981,3,20,0
1981,3,21,0
1981,3,22,1.2
1981,3,23,2.2
1981,3,24,0
1981,3,25,0
1981,3,26,29
1981,3,27,0
1981,3,28,33.6
1981,3,29,0
1981,3,30,0
1981,3,31,1.4
1981,4,1,0
1981,4,2,7
1981,4,3,6.8
1981,4,4,4.2
1981,4,5,23.8
1981,4,6,14
1981,4,7,3.2
1981,4,8,12
1981,4,9,0
1981,4,10,0.2
1981,4,11,2.4
1981,4,12,0
1981,4,13,0
1981,4,14,10.4
1981,4,15,14.4
1981,4,16,2.4
1981,4,17,0
1981,4,18,0
1981,4,19,0
1981,4,20,0
1981,4,21,0
1981,4,22,29.8
1981,4,23,4
1981,4,24,0.2
1981,4,25,0.8
1981,4,26,0.2
1981,4,27,0
1981,4,28,0
1981,4,29,0
1981,4,30,3
1981,5,1,0.2
1981,5,2,0
1981,5,3,0
1981,5,4,9.2
1981,5,5,0
1981,5,6,0
1981,5,7,0
1981,5,8,0
1981,5,9,0
1981,5,10,0
1981,5,11,0
1981,5,12,0
1981,5,13,0
1981,5,14,0.6
1981,5,15,0
1981,5,16,0
1981,5,17,0
1981,5,18,0
1981,5,19,0
1981,5,20,3.8
1981,5,21,2.4
1981,5,22,0
1981,5,23,0
1981,5,24,0
1981,5,25,0
1981,5,26,0
1981,5,27,0
1981,5,28,0
1981,5,29,0
1981,5,30,0
1981,5,31,0.4
1981,6,1,0
1981,6,2,0
1981,6,3,0
1981,6,4,0
1981,6,5,0
1981,6,6,0
1981,6,7,0
1981,6,8,0
1981,6,9,0
1981,6,10,0
1981,6,11,0
1981,6,12,0
1981,6,13,20
1981,6,14,0
1981,6,15,0
1981,6,16,0
1981,6,17,0
1981,6,18,0
1981,6,19,0
1981,6,20,0
1981,6,21,0
1981,6,22,0
1981,6,23,0
1981,6,24,0
1981,6,25,0
1981,6,26,0
1981,6,27,0
1981,6,28,0
1981,6,29,0
1981,6,30,0
1981,7,1,0
1981,7,2,2
1981,7,3,1.4
1981,7,4,0
1981,7,5,0
1981,7,6,0
1981,7,7,0
1981,7,8,0
1981,7,9,0
1981,7,10,0
1981,7,11,0
1981,7,12,0
1981,7,13,0
1981,7,14,0
1981,7,15,0
1981,7,16,0
1981,7,17,0
1981,7,18,0
1981,7,19,0
1981,7,20,0
1981,7,21,0
1981,7,22,0
1981,7,23,0.2
1981,7,24,0.2
1981,7,25,0
1981,7,26,0
1981,7,27,0
1981,7,28,1.6
1981,7,29,0
1981,7,30,0
1981,7,31,0
1981,8,1,0
1981,8,2,0
1981,8,3,0
1981,8,4,0.2
1981,8,5,0
1981,8,6,0.2
1981,8,7,0.2
1981,8,8,0.2
1981,8,9,0.2
1981,8,10,0
1981,8,11,0
1981,8,12,0.8
1981,8,13,0
1981,8,14,0
1981,8,15,0
1981,8,16,0
1981,8,17,0
1981,8,18,0.2
1981,8,19,0
1981,8,20,0
1981,8,21,0.2
1981,8,22,0
1981,8,23,0
1981,8,24,0
1981,8,25,0
1981,8,26,13.2
1981,8,27,0
1981,8,28,0.4
1981,8,29,0.2
1981,8,30,0
1981,8,31,0
1981,9,1,1.2
1981,9,2,0
1981,9,3,0
1981,9,4,0
1981,9,5,0
1981,9,6,0
1981,9,7,0
1981,9,8,0
1981,9,9,0
1981,9,10,0
1981,9,11,0
1981,9,12,0
1981,9,13,0
1981,9,14,0
1981,9,15,0
1981,9,16,0
1981,9,17,0
1981,9,18,0
1981,9,19,9.2
1981,9,20,0
1981,9,21,0
1981,9,22,0
1981,9,23,0.8
1981,9,24,0
1981,9,25,0
1981,9,26,0
1981,9,27,20.6
1981,9,28,8
1981,9,29,2.4
1981,9,30,0.2
1981,10,1,0.2
1981,10,2,0
1981,10,3,0
1981,10,4,0.8
1981,10,5,0
1981,10,6,0
1981,10,7,1.8
1981,10,8,0.2
1981,10,9,0
1981,10,10,0
1981,10,11,0.2
1981,10,12,19
1981,10,13,12.6
1981,10,14,3.8
1981,10,15,3.8
1981,10,16,0
1981,10,17,0
1981,10,18,0
1981,10,19,2.6
1981,10,20,0
1981,10,21,0
1981,10,22,0
1981,10,23,0.4
1981,10,24,0
1981,10,25,0
1981,10,26,0
1981,10,27,0
1981,10,28,1.4
1981,10,29,0
1981,10,30,23.8
1981,10,31,0
1981,11,1,6.2
1981,11,2,15
1981,11,3,22.8
1981,11,4,0.2
1981,11,5,33.4
1981,11,6,4.4
1981,11,7,0
1981,11,8,0
1981,11,9,0
1981,11,10,0
1981,11,11,0
1981,11,12,0
1981,11,13,0
1981,11,14,0
1981,11,15,1.6
1981,11,16,3.4
1981,11,17,0
1981,11,18,0
1981,11,19,18.8
1981,11,20,15.2
1981,11,21,7.4
1981,11,22,2
1981,11,23,0
1981,11,24,0
1981,11,25,0
1981,11,26,0
1981,11,27,0
1981,11,28,20
1981,11,29,0.6
1981,11,30,0.4
1981,12,1,1.6
1981,12,2,0.6
1981,12,3,41
1981,12,4,150
1981,12,5,10.2
1981,12,6,0.4
1981,12,7,0
1981,12,8,11.4
1981,12,9,0
1981,12,10,10.4
1981,12,11,0.6
1981,12,12,0.4
1981,12,13,0
1981,12,14,3
1981,12,15,14
1981,12,16,4.6
1981,12,17,0
1981,12,18,0
1981,12,19,0
1981,12,20,0.4
1981,12,21,1.4
1981,12,22,2.4
1981,12,23,1.6
1981,12,24,0
1981,12,25,0
1981,12,26,0
1981,12,27,0
1981,12,28,0
1981,12,29,0
1981,12,30,1.6
1981,12,31,37.8
1982,1,1,0
1982,1,2,0.4
1982,1,3,26.2
1982,1,4,5.2
1982,1,5,27.4
1982,1,6,5.2
1982,1,7,0
1982,1,8,30
1982,1,9,0.4
1982,1,10,25.8
1982,1,11,0.2
1982,1,12,23
1982,1,13,10
1982,1,14,13.2
1982,1,15,31.6
1982,1,16,92.4
1982,1,17,75.6
1982,1,18,31.4
1982,1,19,10.4
1982,1,20,25.4
1982,1,21,22.8
1982,1,22,19.2
1982,1,23,12.4
1982,1,24,20.2
1982,1,25,40
1982,1,26,0.8
1982,1,27,1.8
1982,1,28,2
1982,1,29,30.2
1982,1,30,4.8
1982,1,31,21.2
1982,2,1,13.4
1982,2,2,0
1982,2,3,0
1982,2,4,0
1982,2,5,2.8
1982,2,6,0
1982,2,7,9
1982,2,8,35.4
1982,2,9,0.4
1982,2,10,4
1982,2,11,3.8
1982,2,12,13.2
1982,2,13,56.8
1982,2,14,0.2
1982,2,15,27.4
1982,2,16,1.1
1982,2,17,63.2
1982,2,18,1.4
1982,2,19,1
1982,2,20,15.8
1982,2,21,17.4
1982,2,22,41.8
1982,2,23,17.8
1982,2,24,38
1982,2,25,15.4
1982,2,26,0
1982,2,27,3.8
1982,2,28,3.8
1982,3,1,0.4
1982,3,2,0
1982,3,3,38.4
1982,3,4,10
1982,3,5,29.2
1982,3,6,19.4
1982,3,7,29.8
1982,3,8,6.6
1982,3,9,14
1982,3,10,0.8
1982,3,11,0
1982,3,12,0.8
1982,3,13,9.2
1982,3,14,0
1982,3,15,7.2
1982,3,16,0.4
1982,3,17,0
1982,3,18,0
1982,3,19,14.2
1982,3,20,65.6
1982,3,21,9.8
1982,3,22,5.4
1982,3,23,5.4
1982,3,24,61.4
1982,3,25,0.2
1982,3,26,36.6
1982,3,27,0.2
1982,3,28,9.8
1982,3,29,4
1982,3,30,1
1982,3,31,0.2
1982,4,1,0.8
1982,4,2,3.8
1982,4,3,0
1982,4,4,0
1982,4,5,0
1982,4,6,0
1982,4,7,0
1982,4,8,0
1982,4,9,0
1982,4,10,0
1982,4,11,0
1982,4,12,0
1982,4,13,0
1982,4,14,0
1982,4,15,0
1982,4,16,0
1982,4,17,0
1982,4,18,0.6
1982,4,19,0.2
1982,4,20,0
1982,4,21,0
1982,4,22,0
1982,4,23,0
1982,4,24,0
1982,4,25,0
1982,4,26,21.4
1982,4,27,0
1982,4,28,28.2
1982,4,29,13.6
1982,4,30,0.2
1982,5,1,0
1982,5,2,0
1982,5,3,0
1982,5,4,0
1982,5,5,0
1982,5,6,0
1982,5,7,0
1982,5,8,0
1982,5,9,0
1982,5,10,0
1982,5,11,0
1982,5,12,0
1982,5,13,0
1982,5,14,0.2
1982,5,15,0
1982,5,16,0
1982,5,17,0
1982,5,18,1.2
1982,5,19,1.6
1982,5,20,0
1982,5,21,0
1982,5,22,0
1982,5,23,0
1982,5,24,0
1982,5,25,0
1982,5,26,0
1982,5,27,0
1982,5,28,0
1982,5,29,0
1982,5,30,0
1982,5,31,0
1982,6,1,0
1982,6,2,0
1982,6,3,0
1982,6,4,0
1982,6,5,0
1982,6,6,0
1982,6,7,0
1982,6,8,0
1982,6,9,0.2
1982,6,10,0.2
1982,6,11,0
1982,6,12,0.2
1982,6,13,0
1982,6,14,0
1982,6,15,0
1982,6,16,0
1982,6,17,0.2
1982,6,18,0.2
1982,6,19,0
1982,6,20,0
1982,6,21,0
1982,6,22,0
1982,6,23,0
1982,6,24,0
1982,6,25,0
1982,6,26,0
1982,6,27,0
1982,6,28,0
1982,6,29,0
1982,6,30,0
1982,7,1,0.2
1982,7,2,0.2
1982,7,3,0.2
1982,7,4,0
1982,7,5,0
1982,7,6,0
1982,7,7,0
1982,7,8,0
1982,7,9,0
1982,7,10,0
1982,7,11,0
1982,7,12,0
1982,7,13,0
1982,7,14,0
1982,7,15,0
1982,7,16,0
1982,7,17,0
1982,7,18,0
1982,7,19,0.2
1982,7,20,0
1982,7,21,0.2
1982,7,22,0
1982,7,23,0
1982,7,24,0.2
1982,7,25,0.2
1982,7,26,0
1982,7,27,0
1982,7,28,0
1982,7,29,0
1982,7,30,0
1982,7,31,0
1982,8,1,0
1982,8,2,0
1982,8,3,0
1982,8,4,0
1982,8,5,0
1982,8,6,0
1982,8,7,0
1982,8,8,0
1982,8,9,0
1982,8,10,0
1982,8,11,0
1982,8,12,0
1982,8,13,0
1982,8,14,0
1982,8,15,0
1982,8,16,0
1982,8,17,0
1982,8,18,0
1982,8,19,0
1982,8,20,0
1982,8,21,0
1982,8,22,0
1982,8,23,0
1982,8,24,0
1982,8,25,0
1982,8,26,0.6
1982,8,27,0
1982,8,28,0
1982,8,29,0
1982,8,30,0.2
1982,8,31,0.8
1982,9,1,0.4
1982,9,2,0
1982,9,3,1
1982,9,4,0
1982,9,5,0
1982,9,6,0
1982,9,7,9.6
1982,9,8,0.8
1982,9,9,0
1982,9,10,0
1982,9,11,0
1982,9,12,0
1982,9,13,0
1982,9,14,0
1982,9,15,0
1982,9,16,0.2
1982,9,17,0
1982,9,18,0
1982,9,19,0
1982,9,20,0
1982,9,21,0
1982,9,22,0
1982,9,23,0
1982,9,24,0
1982,9,25,0.2
1982,9,26,0
1982,9,27,0.2
1982,9,28,0
1982,9,29,0
1982,9,30,0
1982,10,1,0
1982,10,2,0
1982,10,3,0
1982,10,4,0
1982,10,5,0
1982,10,6,0
1982,10,7,0
1982,10,8,0
1982,10,9,0
1982,10,10,0
1982,10,11,0
1982,10,12,0
1982,10,13,0
1982,10,14,0
1982,10,15,0
1982,10,16,0
1982,10,17,0
1982,10,18,0.2
1982,10,19,0.2
1982,10,20,0
1982,10,21,0
1982,10,22,0
1982,10,23,0.2
1982,10,24,0
1982,10,25,0
1982,10,26,0
1982,10,27,0
1982,10,28,0
1982,10,29,0
1982,10,30,0
1982,10,31,0
1982,11,1,0
1982,11,2,0
1982,11,3,0.2
1982,11,4,0
1982,11,5,0
1982,11,6,0
1982,11,7,0
1982,11,8,2
1982,11,9,23.2
1982,11,10,0.6
1982,11,11,0
1982,11,12,0
1982,11,13,0
1982,11,14,0
1982,11,15,0
1982,11,16,0
1982,11,17,0
1982,11,18,0
1982,11,19,12.4
1982,11,20,1
1982,11,21,0
1982,11,22,0
1982,11,23,0
1982,11,24,0
1982,11,25,0
1982,11,26,0
1982,11,27,0
1982,11,28,0
1982,11,29,0
1982,11,30,0
1982,12,1,0
1982,12,2,0
1982,12,3,0
1982,12,4,13.6
1982,12,5,7.2
1982,12,6,0
1982,12,7,0
1982,12,8,0
1982,12,9,30.2
1982,12,10,0
1982,12,11,0
1982,12,12,6.2
1982,12,13,8.6
1982,12,14,3
1982,12,15,23.2
1982,12,16,0
1982,12,17,0
1982,12,18,4
1982,12,19,24.8
1982,12,20,0
1982,12,21,0
1982,12,22,0
1982,12,23,0.2
1982,12,24,6.6
1982,12,25,22.2
1982,12,26,2
1982,12,27,14
1982,12,28,3.4
1982,12,29,0
1982,12,30,46.8
1982,12,31,0
1983,1,1,1.6
1983,1,2,16.4
1983,1,3,0.8
1983,1,4,68.4
1983,1,5,133
1983,1,6,9.2
1983,1,7,1.6
1983,1,8,0
1983,1,9,0
1983,1,10,0
1983,1,11,0
1983,1,12,9.2
1983,1,13,0
1983,1,14,0
1983,1,15,0
1983,1,16,0
1983,1,17,3.2
1983,1,18,0.6
1983,1,19,0
1983,1,20,0
1983,1,21,0.8
1983,1,22,0
1983,1,23,0
1983,1,24,0
1983,1,25,0
1983,1,26,28.4
1983,1,27,4.2
1983,1,28,0.2
1983,1,29,0
1983,1,30,33.4
1983,1,31,2.4
1983,2,1,0
1983,2,2,5.4
1983,2,3,3
1983,2,4,0.4
1983,2,5,21.2
1983,2,6,7.4
1983,2,7,20.2
1983,2,8,32.6
1983,2,9,44.4
1983,2,10,1.2
1983,2,11,18
1983,2,12,0.4
1983,2,13,13.6
1983,2,14,18.8
1983,2,15,29.4
1983,2,16,2.4
1983,2,17,0.4
1983,2,18,0
1983,2,19,1
1983,2,20,11.4
1983,2,21,0
1983,2,22,53.4
1983,2,23,55.4
1983,2,24,45
1983,2,25,3
1983,2,26,0
1983,2,27,111
1983,2,28,15.4
1983,3,1,3.4
1983,3,2,0.2
1983,3,3,4.6
1983,3,4,2.2
1983,3,5,0
1983,3,6,0.3
1983,3,7,70.9
1983,3,8,40.2
1983,3,9,21.8
1983,3,10,28.8
1983,3,11,80.2
1983,3,12,17
1983,3,13,0.4
1983,3,14,25
1983,3,15,54.4
1983,3,16,6.4
1983,3,17,0.2
1983,3,18,0
1983,3,19,0
1983,3,20,0
1983,3,21,0
1983,3,22,0
1983,3,23,12.9
1983,3,24,8
1983,3,25,6.2
1983,3,26,0.4
1983,3,27,0
1983,3,28,0
1983,3,29,20
1983,3,30,0
1983,3,31,0
1983,4,1,0.9
1983,4,2,8.6
1983,4,3,25.6
1983,4,4,1
1983,4,5,1.4
1983,4,6,67
1983,4,7,21
1983,4,8,0.6
1983,4,9,0.2
1983,4,10,0.1
1983,4,11,0
1983,4,12,0
1983,4,13,0
1983,4,14,0
1983,4,15,0
1983,4,16,0
1983,4,17,2.4
1983,4,18,17.4
1983,4,19,7.2
1983,4,20,0.4
1983,4,21,3.4
1983,4,22,25.2
1983,4,23,6.8
1983,4,24,10.6
1983,4,25,15
1983,4,26,0.8
1983,4,27,14.2
1983,4,28,0
1983,4,29,41.8
1983,4,30,0.8
1983,5,1,8.6
1983,5,2,0
1983,5,3,0.1
1983,5,4,0
1983,5,5,0
1983,5,6,0
1983,5,7,0
1983,5,8,0
1983,5,9,0
1983,5,10,0
1983,5,11,1
1983,5,12,0
1983,5,13,0
1983,5,14,0.1
1983,5,15,0.6
1983,5,16,0.2
1983,5,17,0
1983,5,18,0.1
1983,5,19,0
1983,5,20,0
1983,5,21,0
1983,5,22,0
1983,5,23,0
1983,5,24,0
1983,5,25,0
1983,5,26,0.1
1983,5,27,0
1983,5,28,0
1983,5,29,0
1983,5,30,0.1
1983,5,31,0
1983,6,1,0
1983,6,2,0
1983,6,3,0
1983,6,4,0
1983,6,5,0
1983,6,6,0
1983,6,7,0
1983,6,8,0.1
1983,6,9,0.2
1983,6,10,0
1983,6,11,0
1983,6,12,0
1983,6,13,0
1983,6,14,0
1983,6,15,0
1983,6,16,0
1983,6,17,0
1983,6,18,0
1983,6,19,0
1983,6,20,0
1983,6,21,0
1983,6,22,0
1983,6,23,0
1983,6,24,0
1983,6,25,0.1
1983,6,26,0
1983,6,27,0
1983,6,28,0.1
1983,6,29,0
1983,6,30,0.1
1983,7,1,0.2
1983,7,2,0
1983,7,3,0
1983,7,4,0
1983,7,5,0
1983,7,6,0
1983,7,7,0
1983,7,8,0
1983,7,9,0
1983,7,10,0
1983,7,11,0.1
1983,7,12,0
1983,7,13,0
1983,7,14,0
1983,7,15,0
1983,7,16,0
1983,7,17,0
1983,7,18,0.1
1983,7,19,0.1
1983,7,20,0
1983,7,21,0
1983,7,22,0
1983,7,23,0
1983,7,24,0
1983,7,25,0.2
1983,7,26,0.1
1983,7,27,0.1
1983,7,28,0.1
1983,7,29,0.1
1983,7,30,0
1983,7,31,0.1
1983,8,1,0
1983,8,2,0
1983,8,3,0
1983,8,4,0
1983,8,5,0
1983,8,6,0
1983,8,7,0
1983,8,8,0
1983,8,9,0
1983,8,10,0
1983,8,11,0
1983,8,12,0
1983,8,13,0
1983,8,14,0
1983,8,15,0
1983,8,16,0
1983,8,17,0
1983,8,18,0
1983,8,19,0.4
1983,8,20,0.2
1983,8,21,0
1983,8,22,0
1983,8,23,0
1983,8,24,0
1983,8,25,0
1983,8,26,0
1983,8,27,0
1983,8,28,0
1983,8,29,0
1983,8,30,0
1983,8,31,0
1983,9,1,0
1983,9,2,0
1983,9,3,0
1983,9,4,0
1983,9,5,0
1983,9,6,0
1983,9,7,0
1983,9,8,0
1983,9,9,1
1983,9,10,0.8
1983,9,11,0
1983,9,12,0
1983,9,13,0
1983,9,14,0
1983,9,15,0
1983,9,16,0
1983,9,17,0
1983,9,18,0
1983,9,19,0
1983,9,20,0
1983,9,21,0
1983,9,22,0
1983,9,23,10.8
1983,9,24,0
1983,9,25,0
1983,9,26,4
1983,9,27,3.4
1983,9,28,0
1983,9,29,4.6
1983,9,30,0
1983,10,1,0
1983,10,2,0
1983,10,3,37
1983,10,4,3.1
1983,10,5,16.2
1983,10,6,0.3
1983,10,7,38
1983,10,8,0.2
1983,10,9,0
1983,10,10,0
1983,10,11,0
1983,10,12,9.8
1983,10,13,20.4
1983,10,14,0
1983,10,15,0
1983,10,16,0
1983,10,17,0
1983,10,18,0
1983,10,19,0
1983,10,20,0
1983,10,21,7.4
1983,10,22,0
1983,10,23,3
1983,10,24,0
1983,10,25,1
1983,10,26,0
1983,10,27,1
1983,10,28,2.8
1983,10,29,2.8
1983,10,30,43.2
1983,10,31,0
1983,11,1,9.2
1983,11,2,20
1983,11,3,1
1983,11,4,0
1983,11,5,0
1983,11,6,2
1983,11,7,4.4
1983,11,8,16
1983,11,9,0
1983,11,10,28
1983,11,11,1.4
1983,11,12,0
1983,11,13,4.8
1983,11,14,16.8
1983,11,15,0
1983,11,16,0
1983,11,17,6.8
1983,11,18,0
1983,11,19,7.8
1983,11,20,0
1983,11,21,0
1983,11,22,0.6
1983,11,23,6.8
1983,11,24,0
1983,11,25,0
1983,11,26,2.8
1983,11,27,0
1983,11,28,0
1983,11,29,0
1983,11,30,0
1983,12,1,3.2
1983,12,2,4.2
1983,12,3,27.4
1983,12,4,10.4
1983,12,5,1
1983,12,6,0
1983,12,7,0
1983,12,8,0
1983,12,9,15.4
1983,12,10,25.6
1983,12,11,0
1983,12,12,0
1983,12,13,5.2
1983,12,14,26.8
1983,12,15,9
1983,12,16,15
1983,12,17,1
1983,12,18,5.4
1983,12,19,1.4
1983,12,20,0
1983,12,21,0
1983,12,22,0
1983,12,23,0
1983,12,24,2.2
1983,12,25,0
1983,12,26,0
1983,12,27,21.6
1983,12,28,18.4
1983,12,29,27.6
1983,12,30,0
1983,12,31,0
1984,1,1,0
1984,1,2,0
1984,1,3,0
1984,1,4,0
1984,1,5,20.4
1984,1,6,25.4
1984,1,7,6.2
1984,1,8,4.3
1984,1,9,27.6
1984,1,10,5
1984,1,11,0
1984,1,12,1
1984,1,13,23.3
1984,1,14,23.8
1984,1,15,21.4
1984,1,16,17.8
1984,1,17,5
1984,1,18,3
1984,1,19,4.8
1984,1,20,1.2
1984,1,21,36
1984,1,22,2.2
1984,1,23,0.6
1984,1,24,0
1984,1,25,0
1984,1,26,1
1984,1,27,8.4
1984,1,28,29.4
1984,1,29,8
1984,1,30,0
1984,1,31,1
1984,2,1,34.8
1984,2,2,47.8
1984,2,3,28
1984,2,4,0
1984,2,5,27
1984,2,6,0
1984,2,7,7.2
1984,2,8,11.2
1984,2,9,8.4
1984,2,10,2.8
1984,2,11,29.6
1984,2,12,5
1984,2,13,14.4
1984,2,14,17
1984,2,15,0.2
1984,2,16,9.6
1984,2,17,41
1984,2,18,21.4
1984,2,19,101
1984,2,20,77.6
1984,2,21,34.6
1984,2,22,9
1984,2,23,1.6
1984,2,24,45
1984,2,25,10.8
1984,2,26,14.6
1984,2,27,14.8
1984,2,28,0
1984,3,1,0
1984,3,2,3.4
1984,3,3,60
1984,3,4,118.4
1984,3,5,42.2
1984,3,6,5
1984,3,7,49
1984,3,8,113.8
1984,3,9,1
1984,3,10,0
1984,3,11,6.2
1984,3,12,4.8
1984,3,13,0.2
1984,3,14,0
1984,3,15,17.8
1984,3,16,22
1984,3,17,10.8
1984,3,18,0
1984,3,19,0
1984,3,20,19.8
1984,3,21,46
1984,3,22,8.2
1984,3,23,13.4
1984,3,24,5
1984,3,25,71
1984,3,26,32.2
1984,3,27,14.8
1984,3,28,0
1984,3,29,4.8
1984,3,30,0
1984,3,31,25.2
1984,4,1,10.8
1984,4,2,9
1984,4,3,24
1984,4,4,0.6
1984,4,5,2
1984,4,6,0
1984,4,7,4
1984,4,8,0
1984,4,9,0
1984,4,10,0
1984,4,11,0
1984,4,12,0
1984,4,13,0
1984,4,14,3.6
1984,4,15,2
1984,4,16,0
1984,4,17,0.2
1984,4,18,0
1984,4,19,0
1984,4,20,0
1984,4,21,0
1984,4,22,0
1984,4,23,1.4
1984,4,24,0
1984,4,25,0
1984,4,26,0
1984,4,27,0
1984,4,28,0
1984,4,29,0
1984,4,30,0
1984,5,1,4
1984,5,2,10.8
1984,5,3,4.4
1984,5,4,0
1984,5,5,0
1984,5,6,0
1984,5,7,0
1984,5,8,0
1984,5,9,0
1984,5,10,0
1984,5,11,0
1984,5,12,0
1984,5,13,0.8
1984,5,14,0
1984,5,15,0
1984,5,16,0
1984,5,17,0.2
1984,5,18,0
1984,5,19,0
1984,5,20,0
1984,5,21,0
1984,5,22,0
1984,5,23,3
1984,5,24,1.4
1984,5,25,0
1984,5,26,0
1984,5,27,0
1984,5,28,0
1984,5,29,0
1984,5,30,0
1984,5,31,0
1984,6,1,0
1984,6,2,0
1984,6,3,0
1984,6,4,0
1984,6,5,0
1984,6,6,0
1984,6,7,0
1984,6,8,0
1984,6,9,0
1984,6,10,0
1984,6,11,0
1984,6,12,0
1984,6,13,0
1984,6,14,0
1984,6,15,0
1984,6,16,0
1984,6,17,0
1984,6,18,0
1984,6,19,0
1984,6,20,0
1984,6,21,0
1984,6,22,0
1984,6,23,0
1984,6,24,0
1984,6,25,0
1984,6,26,0
1984,6,27,0
1984,6,28,0
1984,6,29,0
1984,6,30,0
1984,7,1,0
1984,7,2,0
1984,7,3,0
1984,7,4,0
1984,7,5,0
1984,7,6,0
1984,7,7,0
1984,7,8,0
1984,7,9,0
1984,7,10,0
1984,7,11,0
1984,7,12,0
1984,7,13,0
1984,7,14,0
1984,7,15,0
1984,7,16,0
1984,7,17,0
1984,7,18,0
1984,7,19,0
1984,7,20,0
1984,7,21,0
1984,7,22,0
1984,7,23,0
1984,7,24,0
1984,7,25,0
1984,7,26,0.8
1984,7,27,0
1984,7,28,0
1984,7,29,0
1984,7,30,0
1984,7,31,0
1984,8,1,0
1984,8,2,0
1984,8,3,0
1984,8,4,0
1984,8,5,0.2
1984,8,6,0
1984,8,7,0
1984,8,8,0
1984,8,9,0
1984,8,10,0
1984,8,11,0
1984,8,12,0.2
1984,8,13,0
1984,8,14,0
1984,8,15,0
1984,8,16,0
1984,8,17,0
1984,8,18,0
1984,8,19,0
1984,8,20,0
1984,8,21,0
1984,8,22,0
1984,8,23,0
1984,8,24,0
1984,8,25,0.6
1984,8,26,2.6
1984,8,27,0
1984,8,28,0
1984,8,29,0
1984,8,30,0
1984,8,31,0
1984,9,1,0
1984,9,2,0
1984,9,3,69.8
1984,9,4,1
1984,9,5,0
1984,9,6,1.4
1984,9,7,0
1984,9,8,8.6
1984,9,9,0
1984,9,10,0
1984,9,11,0
1984,9,12,0
1984,9,13,0
1984,9,14,1.2
1984,9,15,0
1984,9,16,0
1984,9,17,0
1984,9,18,1.4
1984,9,19,33
1984,9,20,0.8
1984,9,21,0
1984,9,22,0
1984,9,23,0
1984,9,24,0
1984,9,25,0
1984,9,26,0
1984,9,27,1
1984,9,28,6.4
1984,9,29,0
1984,9,30,0
1984,10,1,0
1984,10,2,0
1984,10,3,0
1984,10,4,0
1984,10,5,0
1984,10,6,0
1984,10,7,0
1984,10,8,0
1984,10,9,0
1984,10,10,3
1984,10,11,0
1984,10,12,0
1984,10,13,0
1984,10,14,0
1984,10,15,0
1984,10,16,0
1984,10,17,0
1984,10,18,16.6
1984,10,19,0
1984,10,20,0
1984,10,21,0
1984,10,22,0
1984,10,23,0
1984,10,24,0
1984,10,25,0
1984,10,26,2
1984,10,27,2.8
1984,10,28,0.8
1984,10,29,0
1984,10,30,0
1984,10,31,0
1984,11,1,0
1984,11,2,0
1984,11,3,0
1984,11,4,0
1984,11,5,0
1984,11,6,0
1984,11,7,0
1984,11,8,0
1984,11,9,0.2
1984,11,10,0
1984,11,11,0
1984,11,12,2.6
1984,11,13,0
1984,11,14,15
1984,11,15,0
1984,11,16,24
1984,11,17,30.8
1984,11,18,0
1984,11,19,2.2
1984,11,20,9.4
1984,11,21,0
1984,11,22,8
1984,11,23,0
1984,11,24,22
1984,11,25,16.8
1984,11,26,0
1984,11,27,16
1984,11,28,1.8
1984,11,29,0
1984,11,30,0.8
1984,12,1,3.8
1984,12,2,0
1984,12,3,0.8
1984,12,4,0
1984,12,5,9
1984,12,6,0
1984,12,7,0
1984,12,8,6
1984,12,9,2.8
1984,12,10,3.4
1984,12,11,20.6
1984,12,12,4.2
1984,12,13,14.6
1984,12,14,22
1984,12,15,48.5
1984,12,16,12
1984,12,17,11.4
1984,12,18,8.2
1984,12,19,0.8
1984,12,20,0
1984,12,21,0
1984,12,22,11.6
1984,12,23,1
1984,12,24,0
1984,12,25,16
1984,12,26,0
1984,12,27,0
1984,12,28,0
1984,12,29,0
1984,12,30,0
1984,12,31,0
1985,1,1,6
1985,1,2,2.4
1985,1,3,0
1985,1,4,1
1985,1,5,10.6
1985,1,6,17.6
1985,1,7,0.8
1985,1,8,4
1985,1,9,40.6
1985,1,10,33
1985,1,11,26.2
1985,1,12,0
1985,1,13,1
1985,1,14,0
1985,1,15,0
1985,1,16,0
1985,1,17,0
1985,1,18,3.6
1985,1,19,0
1985,1,20,0
1985,1,21,0
1985,1,22,0
1985,1,23,4.8
1985,1,24,0
1985,1,25,4.2
1985,1,26,32.8
1985,1,27,0.8
1985,1,28,0.2
1985,1,29,13.8
1985,1,30,0
1985,1,31,0
1985,2,1,0
1985,2,2,6
1985,2,3,17
1985,2,4,7
1985,2,5,8.2
1985,2,6,37.2
1985,2,7,0
1985,2,8,3.8
1985,2,9,0.8
1985,2,10,9.6
1985,2,11,10
1985,2,12,1
1985,2,13,5
1985,2,14,0
1985,2,15,24.4
1985,2,16,20.8
1985,2,17,36.2
1985,2,18,17.6
1985,2,19,56.8
1985,2,20,42.8
1985,2,21,1
1985,2,22,0
1985,2,23,0
1985,2,24,4.4
1985,2,25,0
1985,2,26,0
1985,2,27,8
1985,2,28,4
1985,3,1,0
1985,3,2,45
1985,3,3,4.4
1985,3,4,14.2
1985,3,5,0
1985,3,6,13.6
1985,3,7,0
1985,3,8,1.6
1985,3,9,6.4
1985,3,10,1.4
1985,3,11,1
1985,3,12,45
1985,3,13,0
1985,3,14,0
1985,3,15,0
1985,3,16,1.6
1985,3,17,6.4
1985,3,18,22.4
1985,3,19,10.2
1985,3,20,18.6
1985,3,21,6.4
1985,3,22,7
1985,3,23,0
1985,3,24,0
1985,3,25,21
1985,3,26,21.6
1985,3,27,4.6
1985,3,28,15
1985,3,29,0
1985,3,30,27.4
1985,3,31,0
1985,4,1,0
1985,4,2,8.4
1985,4,3,0
1985,4,4,0
1985,4,5,0
1985,4,6,0
1985,4,7,0
1985,4,8,2.8
1985,4,9,15
1985,4,10,0
1985,4,11,0
1985,4,12,3.4
1985,4,13,26.6
1985,4,14,61.2
1985,4,15,0.6
1985,4,16,0
1985,4,17,0
1985,4,18,0
1985,4,19,0
1985,4,20,0
1985,4,21,0
1985,4,22,0
1985,4,23,0
1985,4,24,0
1985,4,25,0
1985,4,26,0
1985,4,27,0
1985,4,28,0
1985,4,29,0
1985,4,30,0
1985,5,1,0
1985,5,2,0
1985,5,3,0
1985,5,4,0
1985,5,5,0
1985,5,6,1.6
1985,5,7,0
1985,5,8,0
1985,5,9,0
1985,5,10,0
1985,5,11,0
1985,5,12,0
1985,5,13,0
1985,5,14,0
1985,5,15,0
1985,5,16,0
1985,5,17,0
1985,5,18,0
1985,5,19,0
1985,5,20,0
1985,5,21,0
1985,5,22,0
1985,5,23,0
1985,5,24,0
1985,5,25,0.2
1985,5,26,0
1985,5,27,0
1985,5,28,0
1985,5,29,0
1985,5,30,0
1985,5,31,0
1985,6,1,0
1985,6,2,0
1985,6,3,0
1985,6,4,0
1985,6,5,0
1985,6,6,0
1985,6,7,0
1985,6,8,0
1985,6,9,0
1985,6,10,0
1985,6,11,0
1985,6,12,0
1985,6,13,0
1985,6,14,0
1985,6,15,0
1985,6,16,0
1985,6,17,0
1985,6,18,0
1985,6,19,0
1985,6,20,0
1985,6,21,0
1985,6,22,0
1985,6,23,0
1985,6,24,0
1985,6,25,0
1985,6,26,0
1985,6,27,0
1985,6,28,0
1985,6,29,0
1985,6,30,0
1985,7,1,0
1985,7,2,0
1985,7,3,0
1985,7,4,0
1985,7,5,0
1985,7,6,0
1985,7,7,0
1985,7,8,0
1985,7,9,0
1985,7,10,0
1985,7,11,0
1985,7,12,0
1985,7,13,0
1985,7,14,0
1985,7,15,0
1985,7,16,0
1985,7,17,0
1985,7,18,0
1985,7,19,0
1985,7,20,0
1985,7,21,0
1985,7,22,0
1985,7,23,0
1985,7,24,0
1985,7,25,0
1985,7,26,0
1985,7,27,0
1985,7,28,0
1985,7,29,0
1985,7,30,0
1985,7,31,0
1985,8,1,0
1985,8,2,0
1985,8,3,0
1985,8,4,0
1985,8,5,0
1985,8,6,0
1985,8,7,0
1985,8,8,0
1985,8,9,0
1985,8,10,0
1985,8,11,0
1985,8,12,0
1985,8,13,0
1985,8,14,0
1985,8,15,0
1985,8,16,0
1985,8,17,0
1985,8,18,0
1985,8,19,0
1985,8,20,0
1985,8,21,0
1985,8,22,0
1985,8,23,0
1985,8,24,0
1985,8,25,0
1985,8,26,0
1985,8,27,0
1985,8,28,0
1985,8,29,0
1985,8,30,0
1985,8,31,0
1985,9,1,0
1985,9,2,0
1985,9,3,0
1985,9,4,0
1985,9,5,0
1985,9,6,0
1985,9,7,0
1985,9,8,0
1985,9,9,0
1985,9,10,0
1985,9,11,0
1985,9,12,0
1985,9,13,0
1985,9,14,0
1985,9,15,0
1985,9,16,0
1985,9,17,0
1985,9,18,0
1985,9,19,0
1985,9,20,0
1985,9,21,0
1985,9,22,0
1985,9,23,0
1985,9,24,0
1985,9,25,0
1985,9,26,0
1985,9,27,0
1985,9,28,4.6
1985,9,29,0
1985,9,30,0
1985,10,1,0
1985,10,2,0
1985,10,3,0
1985,10,4,0
1985,10,5,0
1985,10,6,0
1985,10,7,9.8
1985,10,8,0
1985,10,9,0.4
1985,10,10,0
1985,10,11,0
1985,10,12,0
1985,10,13,20.2
1985,10,14,0
1985,10,15,0
1985,10,16,0
1985,10,17,0
1985,10,18,0
1985,10,19,0
1985,10,20,0
1985,10,21,0
1985,10,22,0
1985,10,23,0
1985,10,24,0
1985,10,25,0
1985,10,26,0
1985,10,27,18.8
1985,10,28,5.4
1985,10,29,0
1985,10,30,30.6
1985,10,31,25
1985,11,1,0
1985,11,2,0
1985,11,3,8
1985,11,4,61
1985,11,5,28
1985,11,6,28.2
1985,11,7,12
1985,11,8,0
1985,11,9,21.4
1985,11,10,40
1985,11,11,1.2
1985,11,12,0
1985,11,13,0
1985,11,14,0
1985,11,15,0
1985,11,16,4.8
1985,11,17,0
1985,11,18,5
1985,11,19,3.6
1985,11,20,0
1985,11,21,0
1985,11,22,0
1985,11,23,0
1985,11,24,0
1985,11,25,0
1985,11,26,0
1985,11,27,10
1985,11,28,0
1985,11,29,0.8
1985,11,30,54.8
1985,12,1,0
1985,12,2,0
1985,12,3,0
1985,12,4,0.4
1985,12,5,0
1985,12,6,0
1985,12,7,0
1985,12,8,0
1985,12,9,19
1985,12,10,4.6
1985,12,11,0
1985,12,12,0
1985,12,13,10.4
1985,12,14,0
1985,12,15,1.2
1985,12,16,19.8
1985,12,17,0.6
1985,12,18,0
1985,12,19,0
1985,12,20,0.6
1985,12,21,1.6
1985,12,22,4.2
1985,12,23,4.9
1985,12,24,0.2
1985,12,25,5.8
1985,12,26,2.6
1985,12,27,49.4
1985,12,28,4.8
1985,12,29,8.8
1985,12,30,11
1985,12,31,0
1986,1,1,1.2
1986,1,2,1.6
1986,1,3,3.6
1986,1,4,13.2
1986,1,5,44
1986,1,6,16.4
1986,1,7,37.2
1986,1,8,4.8
1986,1,9,0
1986,1,10,15
1986,1,11,20.4
1986,1,12,84.4
1986,1,13,3.4
1986,1,14,0
1986,1,15,8.4
1986,1,16,28
1986,1,17,47.4
1986,1,18,23.8
1986,1,19,27.2
1986,1,20,30.6
1986,1,21,30.2
1986,1,22,0
1986,1,23,0
1986,1,24,14.4
1986,1,25,30.6
1986,1,26,13
1986,1,27,13.2
1986,1,28,79.6
1986,1,29,0
1986,1,30,49.2
1986,1,31,1.8
1986,2,1,4.8
1986,2,2,0
1986,2,3,0
1986,2,4,0
1986,2,5,0.4
1986,2,6,0
1986,2,7,23.2
1986,2,8,0
1986,2,9,1.2
1986,2,10,0
1986,2,11,3
1986,2,12,14.4
1986,2,13,3.6
1986,2,14,34
1986,2,15,18.6
1986,2,16,9.4
1986,2,17,16.2
1986,2,18,1.4
1986,2,19,8
1986,2,20,13.4
1986,2,21,9.2
1986,2,22,0
1986,2,23,0
1986,2,24,0
1986,2,25,2.6
1986,2,26,0.4
1986,2,27,0
1986,2,28,7.6
1986,3,1,14.4
1986,3,2,6.2
1986,3,3,2
1986,3,4,0
1986,3,5,0.4
1986,3,6,7.2
1986,3,7,1.2
1986,3,8,1.6
1986,3,9,0
1986,3,10,13.2
1986,3,11,4
1986,3,12,1.4
1986,3,13,25.2
1986,3,14,0.2
1986,3,15,5.8
1986,3,16,22
1986,3,17,0
1986,3,18,0
1986,3,19,3
1986,3,20,3.2
1986,3,21,0
1986,3,22,0
1986,3,23,6
1986,3,24,0.4
1986,3,25,48.2
1986,3,26,4.6
1986,3,27,3.4
1986,3,28,0
1986,3,29,2.4
1986,3,30,1
1986,3,31,1
1986,4,1,0
1986,4,2,6.4
1986,4,3,0
1986,4,4,0.4
1986,4,5,17
1986,4,6,0.2
1986,4,7,7.4
1986,4,8,28.4
1986,4,9,18.6
1986,4,10,1.2
1986,4,11,1.4
1986,4,12,12.2
1986,4,13,6.2
1986,4,14,0.2
1986,4,15,0.2
1986,4,16,0
1986,4,17,0.4
1986,4,18,0
1986,4,19,0
1986,4,20,0
1986,4,21,4
1986,4,22,0
1986,4,23,1
1986,4,24,0
1986,4,25,0
1986,4,26,0
1986,4,27,0
1986,4,28,0
1986,4,29,0
1986,4,30,0
1986,5,1,0
1986,5,2,0
1986,5,3,0
1986,5,4,0
1986,5,5,11
1986,5,6,11.6
1986,5,7,0
1986,5,8,1.2
1986,5,9,16.6
1986,5,10,6.8
1986,5,11,1.2
1986,5,12,0
1986,5,13,0
1986,5,14,0
1986,5,15,0
1986,5,16,0
1986,5,17,1.4
1986,5,18,0
1986,5,19,0
1986,5,20,0
1986,5,21,0
1986,5,22,0
1986,5,23,0
1986,5,24,0
1986,5,25,2.2
1986,5,26,0
1986,5,27,0
1986,5,28,0
1986,5,29,0
1986,5,30,0
1986,5,31,0
1986,6,1,0
1986,6,2,0
1986,6,3,0
1986,6,4,0
1986,6,5,0
1986,6,6,0.4
1986,6,7,0
1986,6,8,0
1986,6,9,0
1986,6,10,0
1986,6,11,0
1986,6,12,0
1986,6,13,0
1986,6,14,0
1986,6,15,0
1986,6,16,0
1986,6,17,0
1986,6,18,0
1986,6,19,0
1986,6,20,0
1986,6,21,0
1986,6,22,0.2
1986,6,23,0.4
1986,6,24,0
1986,6,25,0
1986,6,26,0
1986,6,27,0
1986,6,28,0
1986,6,29,0
1986,6,30,12
1986,7,1,2.4
1986,7,2,4.8
1986,7,3,0
1986,7,4,0
1986,7,5,0
1986,7,6,0
1986,7,7,0
1986,7,8,0
1986,7,9,0
1986,7,10,0
1986,7,11,0
1986,7,12,0
1986,7,13,0
1986,7,14,0
1986,7,15,0
1986,7,16,0
1986,7,17,0
1986,7,18,0
1986,7,19,0
1986,7,20,0
1986,7,21,0
1986,7,22,0
1986,7,23,0
1986,7,24,0.2
1986,7,25,0
1986,7,26,25.2
1986,7,27,8.2
1986,7,28,4.4
1986,7,29,0
1986,7,30,0
1986,7,31,0
1986,8,1,0
1986,8,2,0
1986,8,3,0
1986,8,4,0
1986,8,5,0
1986,8,6,0
1986,8,7,0
1986,8,8,0
1986,8,9,0
1986,8,10,0
1986,8,11,0
1986,8,12,0
1986,8,13,0
1986,8,14,0
1986,8,15,0
1986,8,16,0
1986,8,17,0
1986,8,18,0.8
1986,8,19,0
1986,8,20,0
1986,8,21,0
1986,8,22,0
1986,8,23,0
1986,8,24,0
1986,8,25,0
1986,8,26,0
1986,8,27,0
1986,8,28,0
1986,8,29,0
1986,8,30,0
1986,8,31,28.8
1986,9,1,7.2
1986,9,2,0
1986,9,3,0
1986,9,4,0
1986,9,5,0
1986,9,6,0
1986,9,7,0
1986,9,8,0
1986,9,9,0
1986,9,10,0
1986,9,11,0
1986,9,12,0
1986,9,13,0
1986,9,14,0
1986,9,15,0
1986,9,16,0
1986,9,17,0
1986,9,18,0
1986,9,19,0
1986,9,20,0
1986,9,21,0
1986,9,22,0
1986,9,23,0
1986,9,24,0
1986,9,25,0
1986,9,26,0
1986,9,27,0
1986,9,28,0
1986,9,29,0
1986,9,30,0
1986,10,1,8.4
1986,10,2,0
1986,10,3,0
1986,10,4,1.4
1986,10,5,0
1986,10,6,0
1986,10,7,13.4
1986,10,8,1.6
1986,10,9,0
1986,10,10,0
1986,10,11,0
1986,10,12,0
1986,10,13,0
1986,10,14,0
1986,10,15,34.2
1986,10,16,6
1986,10,17,0.8
1986,10,18,0
1986,10,19,0
1986,10,20,0
1986,10,21,0.2
1986,10,22,1.6
1986,10,23,0
1986,10,24,0
1986,10,25,0
1986,10,26,0
1986,10,27,0.4
1986,10,28,0
1986,10,29,0.2
1986,10,30,10.2
1986,10,31,15.8
1986,11,1,14.4
1986,11,2,7.4
1986,11,3,0
1986,11,4,3.2
1986,11,5,0
1986,11,6,0
1986,11,7,21.4
1986,11,8,2.8
1986,11,9,20.8
1986,11,10,0
1986,11,11,3
1986,11,12,0
1986,11,13,0
1986,11,14,0
1986,11,15,2
1986,11,16,0
1986,11,17,0
1986,11,18,0
1986,11,19,0
1986,11,20,0
1986,11,21,10.2
1986,11,22,50.6
1986,11,23,29
1986,11,24,0.6
1986,11,25,6.2
1986,11,26,11.8
1986,11,27,0
1986,11,28,1.4
1986,11,29,10.4
1986,11,30,2
1986,12,1,1.4
1986,12,2,0
1986,12,3,0
1986,12,4,0.4
1986,12,5,0
1986,12,6,35
1986,12,7,5.6
1986,12,8,0.6
1986,12,9,0.8
1986,12,10,36.6
1986,12,11,0.2
1986,12,12,0
1986,12,13,0
1986,12,14,0
1986,12,15,0
1986,12,16,0
1986,12,17,0
1986,12,18,0
1986,12,19,0
1986,12,20,3.4
1986,12,21,0
1986,12,22,0
1986,12,23,5
1986,12,24,0
1986,12,25,2.4
1986,12,26,2.2
1986,12,27,0
1986,12,28,0.8
1986,12,29,0
1986,12,30,0
1986,12,31,0
1987,1,1,0
1987,1,2,9.2
1987,1,3,11.8
1987,1,4,17.2
1987,1,5,0
1987,1,6,0.6
1987,1,7,1
1987,1,8,7.8
1987,1,9,0
1987,1,10,6.2
1987,1,11,2.2
1987,1,12,7.2
1987,1,13,9.6
1987,1,14,69
1987,1,15,23.6
1987,1,16,100.4
1987,1,17,28.6
1987,1,18,31.2
1987,1,19,24.2
1987,1,20,32
1987,1,21,18
1987,1,22,56.4
1987,1,23,0
1987,1,24,2.2
1987,1,25,0
1987,1,26,12.6
1987,1,27,2.2
1987,1,28,23.2
1987,1,29,19.4
1987,1,30,24.8
1987,1,31,22.6
1987,2,1,11.6
1987,2,2,10.8
1987,2,3,0
1987,2,4,17.8
1987,2,5,5
1987,2,6,19.2
1987,2,7,22.6
1987,2,8,79.6
1987,2,9,10.3
1987,2,10,11.8
1987,2,11,0.8
1987,2,12,1
1987,2,13,77.4
1987,2,14,12.4
1987,2,15,17.8
1987,2,16,2.4
1987,2,17,0.4
1987,2,18,16
1987,2,19,3.8
1987,2,20,46.8
1987,2,21,35.2
1987,2,22,21.8
1987,2,23,7.6
1987,2,24,1.6
1987,2,25,0
1987,2,26,29.4
1987,2,27,0.2
1987,2,28,12.4
1987,3,1,4.8
1987,3,2,3.2
1987,3,3,0
1987,3,4,0
1987,3,5,0
1987,3,6,0
1987,3,7,0
1987,3,8,0
1987,3,9,0
1987,3,10,26
1987,3,11,4.2
1987,3,12,6.2
1987,3,13,0
1987,3,14,0
1987,3,15,0
1987,3,16,0
1987,3,17,4.4
1987,3,18,25.2
1987,3,19,4.4
1987,3,20,8
1987,3,21,0
1987,3,22,10
1987,3,23,7.2
1987,3,24,0
1987,3,25,0.6
1987,3,26,0
1987,3,27,21.4
1987,3,28,0
1987,3,29,5.2
1987,3,30,0.2
1987,3,31,0.4
1987,4,1,0
1987,4,2,0
1987,4,3,0.2
1987,4,4,0
1987,4,5,0
1987,4,6,1.2
1987,4,7,1.4
1987,4,8,17.6
1987,4,9,0
1987,4,10,0.6
1987,4,11,55.3
1987,4,12,16.6
1987,4,13,11
1987,4,14,0
1987,4,15,0
1987,4,16,0
1987,4,17,0
1987,4,18,0
1987,4,19,0
1987,4,20,0
1987,4,21,0
1987,4,22,0
1987,4,23,0
1987,4,24,0
1987,4,25,0
1987,4,26,12.8
1987,4,27,2.2
1987,4,28,2.2
1987,4,29,1.4
1987,4,30,0
1987,5,1,0
1987,5,2,0
1987,5,3,0
1987,5,4,0
1987,5,5,0
1987,5,6,0
1987,5,7,0
1987,5,8,0
1987,5,9,0
1987,5,10,0
1987,5,11,0
1987,5,12,0
1987,5,13,0
1987,5,14,0
1987,5,15,0
1987,5,16,0
1987,5,17,53
1987,5,18,24.8
1987,5,19,18.8
1987,5,20,0
1987,5,21,0
1987,5,22,0
1987,5,23,0
1987,5,24,0
1987,5,25,0
1987,5,26,0
1987,5,27,0
1987,5,28,0
1987,5,29,0
1987,5,30,0
1987,5,31,0
1987,6,1,0
1987,6,2,0
1987,6,3,0
1987,6,4,0
1987,6,5,0
1987,6,6,0
1987,6,7,0
1987,6,8,0.2
1987,6,9,0
1987,6,10,0
1987,6,11,0
1987,6,12,0
1987,6,13,0
1987,6,14,0
1987,6,15,0
1987,6,16,0
1987,6,17,0
1987,6,18,0
1987,6,19,0
1987,6,20,0
1987,6,21,0
1987,6,22,0
1987,6,23,0
1987,6,24,0
1987,6,25,0.2
1987,6,26,0
1987,6,27,0
1987,6,28,0
1987,6,29,0
1987,6,30,0
1987,7,1,0
1987,7,2,0
1987,7,3,0
1987,7,4,0
1987,7,5,0
1987,7,6,0
1987,7,7,0
1987,7,8,0
1987,7,9,0
1987,7,10,0
1987,7,11,0
1987,7,12,0
1987,7,13,0
1987,7,14,0
1987,7,15,0
1987,7,16,0
1987,7,17,0
1987,7,18,0
1987,7,19,0
1987,7,20,0
1987,7,21,0
1987,7,22,0
1987,7,23,0
1987,7,24,0
1987,7,25,0
1987,7,26,0
1987,7,27,0
1987,7,28,0
1987,7,29,0
1987,7,30,0
1987,7,31,0
1987,8,1,0
1987,8,2,0
1987,8,3,0
1987,8,4,0
1987,8,5,0
1987,8,6,0
1987,8,7,0
1987,8,8,0
1987,8,9,0
1987,8,10,0
1987,8,11,0
1987,8,12,0
1987,8,13,0
1987,8,14,0
1987,8,15,0
1987,8,16,0
1987,8,17,0
1987,8,18,0
1987,8,19,0
1987,8,20,0
1987,8,21,0
1987,8,22,0
1987,8,23,0
1987,8,24,0
1987,8,25,0
1987,8,26,0
1987,8,27,0
1987,8,28,0
1987,8,29,0
1987,8,30,0
1987,8,31,0
1987,9,1,0
1987,9,2,0
1987,9,3,0
1987,9,4,0
1987,9,5,0
1987,9,6,0
1987,9,7,0
1987,9,8,0
1987,9,9,2
1987,9,10,0
1987,9,11,0
1987,9,12,0
1987,9,13,0
1987,9,14,0.2
1987,9,15,0
1987,9,16,0
1987,9,17,0
1987,9,18,0
1987,9,19,0
1987,9,20,0
1987,9,21,0
1987,9,22,0
1987,9,23,0
1987,9,24,0
1987,9,25,0
1987,9,26,0
1987,9,27,0
1987,9,28,0
1987,9,29,0
1987,9,30,0
1987,10,1,2.6
1987,10,2,0
1987,10,3,0
1987,10,4,2
1987,10,5,4.5
1987,10,6,0
1987,10,7,0
1987,10,8,0
1987,10,9,0
1987,10,10,0
1987,10,11,0
1987,10,12,0
1987,10,13,0
1987,10,14,0
1987,10,15,0
1987,10,16,0
1987,10,17,0
1987,10,18,0
1987,10,19,0
1987,10,20,0
1987,10,21,18
1987,10,22,0
1987,10,23,0
1987,10,24,0
1987,10,25,0
1987,10,26,0
1987,10,27,0
1987,10,28,6
1987,10,29,20.2
1987,10,30,0
1987,10,31,0
1987,11,1,0
1987,11,2,1.4
1987,11,3,0
1987,11,4,30.8
1987,11,5,0.4
1987,11,6,0
1987,11,7,12.4
1987,11,8,0
1987,11,9,10.6
1987,11,10,40
1987,11,11,0
1987,11,12,0
1987,11,13,13.8
1987,11,14,0
1987,11,15,2.6
1987,11,16,0.6
1987,11,17,0.4
1987,11,18,0
1987,11,19,0.2
1987,11,20,21.6
1987,11,21,0
1987,11,22,5.2
1987,11,23,0
1987,11,24,2
1987,11,25,0.8
1987,11,26,13.4
1987,11,27,0
1987,11,28,0
1987,11,29,0
1987,11,30,0.8
1987,12,1,0
1987,12,2,0
1987,12,3,5.6
1987,12,4,9.4
1987,12,5,6
1987,12,6,0.8
1987,12,7,7.6
1987,12,8,0
1987,12,9,0
1987,12,10,5.2
1987,12,11,0
1987,12,12,1
1987,12,13,9
1987,12,14,4.4
1987,12,15,0.8
1987,12,16,0.6
1987,12,17,30.2
1987,12,18,13.8
1987,12,19,36.6
1987,12,20,37.4
1987,12,21,71
1987,12,22,9.2
1987,12,23,52.8
1987,12,24,36.8
1987,12,25,11.6
1987,12,26,50
1987,12,27,0.6
1987,12,28,2.4
1987,12,29,0.4
1987,12,30,3.2
1987,12,31,28.4
1988,1,1,40.2
1988,1,2,0
1988,1,3,0
1988,1,4,17.6
1988,1,5,26.2
1988,1,6,10
1988,1,7,10.4
1988,1,8,0
1988,1,9,0
1988,1,10,0
1988,1,11,1.4
1988,1,12,9
1988,1,13,0
1988,1,14,20.6
1988,1,15,0
1988,1,16,2.6
1988,1,17,0
1988,1,18,11
1988,1,19,0
1988,1,20,0
1988,1,21,0
1988,1,22,1.2
1988,1,23,11.4
1988,1,24,0.6
1988,1,25,0
1988,1,26,1.8
1988,1,27,18.4
1988,1,28,0
1988,1,29,50.2
1988,1,30,0
1988,1,31,0.6
1988,2,1,3.8
1988,2,2,0
1988,2,3,0
1988,2,4,0
1988,2,5,16
1988,2,6,0
1988,2,7,25.4
1988,2,8,3.8
1988,2,9,50.6
1988,2,10,22.4
1988,2,11,0.4
1988,2,12,6
1988,2,13,32.6
1988,2,14,0
1988,2,15,61
1988,2,16,0
1988,2,17,0
1988,2,18,0
1988,2,19,9
1988,2,20,45
1988,2,21,0
1988,2,22,45.8
1988,2,23,14
1988,2,24,0
1988,2,25,0
1988,2,26,0
1988,2,27,0
1988,2,28,0
1988,3,1,0
1988,3,2,0
1988,3,3,0
1988,3,4,0
1988,3,5,0
1988,3,6,1.2
1988,3,7,36
1988,3,8,5.4
1988,3,9,0
1988,3,10,2
1988,3,11,11.6
1988,3,12,10.4
1988,3,13,6.2
1988,3,14,0
1988,3,15,4
1988,3,16,0
1988,3,17,0
1988,3,18,8.6
1988,3,19,3
1988,3,20,3
1988,3,21,4
1988,3,22,22.2
1988,3,23,0
1988,3,24,0.4
1988,3,25,12.4
1988,3,26,11.6
1988,3,27,13
1988,3,28,40
1988,3,29,7.6
1988,3,30,11.8
1988,3,31,0
1988,4,1,2.4
1988,4,2,19.8
1988,4,3,0.2
1988,4,4,3.6
1988,4,5,0
1988,4,6,0
1988,4,7,23.2
1988,4,8,0.6
1988,4,9,6
1988,4,10,44.6
1988,4,11,11.2
1988,4,12,1.2
1988,4,13,0
1988,4,14,0
1988,4,15,0
1988,4,16,0
1988,4,17,0
1988,4,18,0
1988,4,19,0
1988,4,20,0
1988,4,21,0
1988,4,22,0
1988,4,23,10.2
1988,4,24,0
1988,4,25,0
1988,4,26,0
1988,4,27,0
1988,4,28,0
1988,4,29,0
1988,4,30,0
1988,5,1,0
1988,5,2,0
1988,5,3,0
1988,5,4,0
1988,5,5,0
1988,5,6,0
1988,5,7,0
1988,5,8,0
1988,5,9,0
1988,5,10,0
1988,5,11,0
1988,5,12,0
1988,5,13,0
1988,5,14,0
1988,5,15,0
1988,5,16,0
1988,5,17,2.4
1988,5,18,3.4
1988,5,19,0
1988,5,20,0
1988,5,21,0
1988,5,22,14.6
1988,5,23,1.4
1988,5,24,0
1988,5,25,0.2
1988,5,26,0
1988,5,27,0
1988,5,28,0
1988,5,29,0
1988,5,30,0
1988,5,31,0
1988,6,1,0
1988,6,2,0
1988,6,3,0
1988,6,4,0
1988,6,5,0
1988,6,6,0
1988,6,7,0
1988,6,8,0
1988,6,9,0
1988,6,10,0
1988,6,11,0
1988,6,12,0
1988,6,13,0
1988,6,14,0
1988,6,15,0
1988,6,16,0
1988,6,17,0
1988,6,18,0
1988,6,19,0
1988,6,20,0
1988,6,21,0
1988,6,22,0
1988,6,23,0
1988,6,24,0
1988,6,25,0
1988,6,26,0
1988,6,27,0
1988,6,28,0
1988,6,29,0
1988,6,30,0
1988,7,1,0
1988,7,2,0
1988,7,3,0
1988,7,4,0
1988,7,5,0
1988,7,6,0
1988,7,7,0
1988,7,8,0
1988,7,9,0
1988,7,10,0
1988,7,11,0
1988,7,12,0
1988,7,13,0
1988,7,14,0
1988,7,15,0
1988,7,16,0
1988,7,17,0
1988,7,18,0
1988,7,19,0
1988,7,20,0
1988,7,21,0
1988,7,22,0
1988,7,23,0
1988,7,24,0
1988,7,25,0
1988,7,26,0
1988,7,27,0
1988,7,28,0
1988,7,29,0
1988,7,30,0
1988,7,31,0
1988,8,1,0
1988,8,2,0
1988,8,3,0
1988,8,4,0
1988,8,5,0
1988,8,6,0
1988,8,7,0
1988,8,8,0
1988,8,9,0
1988,8,10,0
1988,8,11,0
1988,8,12,0
1988,8,13,0
1988,8,14,0
1988,8,15,0
1988,8,16,0
1988,8,17,0
1988,8,18,0
1988,8,19,32.8
1988,8,20,38.2
1988,8,21,0
1988,8,22,0
1988,8,23,0.8
1988,8,24,0
1988,8,25,0
1988,8,26,0
1988,8,27,0
1988,8,28,0
1988,8,29,0
1988,8,30,0
1988,8,31,0
1988,9,1,0
1988,9,2,0
1988,9,3,0
1988,9,4,0
1988,9,5,0
1988,9,6,0
1988,9,7,0
1988,9,8,0
1988,9,9,0
1988,9,10,0
1988,9,11,2.2
1988,9,12,0
1988,9,13,0
1988,9,14,0
1988,9,15,0
1988,9,16,0
1988,9,17,0
1988,9,18,0
1988,9,19,0
1988,9,20,0
1988,9,21,0
1988,9,22,0
1988,9,23,0
1988,9,24,0
1988,9,25,5.6
1988,9,26,8.8
1988,9,27,3.8
1988,9,28,0
1988,9,29,0
1988,9,30,0
1988,10,1,0
1988,10,2,0
1988,10,3,0
1988,10,4,0
1988,10,5,0
1988,10,6,0
1988,10,7,0.6
1988,10,8,6.8
1988,10,9,0.4
1988,10,10,0
1988,10,11,0
1988,10,12,0
1988,10,13,0
1988,10,14,0.6
1988,10,15,4.8
1988,10,16,0
1988,10,17,15.4
1988,10,18,33.2
1988,10,19,14.8
1988,10,20,31.8
1988,10,21,0
1988,10,22,2.4
1988,10,23,10.4
1988,10,24,4
1988,10,25,10.2
1988,10,26,0
1988,10,27,39
1988,10,28,0
1988,10,29,2.6
1988,10,30,14.4
1988,10,31,9.4
1988,11,1,13.4
1988,11,2,23.6
1988,11,3,0
1988,11,4,0.6
1988,11,5,5
1988,11,6,0
1988,11,7,6.4
1988,11,8,15.2
1988,11,9,0
1988,11,10,0.2
1988,11,11,56
1988,11,12,13.2
1988,11,13,0
1988,11,14,0
1988,11,15,0
1988,11,16,10.4
1988,11,17,0.6
1988,11,18,0
1988,11,19,0
1988,11,20,2
1988,11,21,8.2
1988,11,22,12
1988,11,23,0
1988,11,24,2
1988,11,25,50.4
1988,11,26,0
1988,11,27,45.4
1988,11,28,14
1988,11,29,25.8
1988,11,30,2.4
1988,12,1,25.8
1988,12,2,62.8
1988,12,3,53
1988,12,4,0
1988,12,5,0
1988,12,6,8.2
1988,12,7,14
1988,12,8,38.2
1988,12,9,0
1988,12,10,15.4
1988,12,11,15.6
1988,12,12,29.2
1988,12,13,36.2
1988,12,14,2.8
1988,12,15,3.8
1988,12,16,0
1988,12,17,1.6
1988,12,18,24
1988,12,19,4.2
1988,12,20,0
1988,12,21,0
1988,12,22,0
1988,12,23,0
1988,12,24,0
1988,12,25,44.4
1988,12,26,29.2
1988,12,27,23.2
1988,12,28,21
1988,12,29,10
1988,12,30,25.4
1988,12,31,39.4
1989,1,1,2.8
1989,1,2,44.6
1989,1,3,1
1989,1,4,0
1989,1,5,0
1989,1,6,0
1989,1,7,0
1989,1,8,4.8
1989,1,9,0.8
1989,1,10,0
1989,1,11,1.4
1989,1,12,0
1989,1,13,0
1989,1,14,0
1989,1,15,0.2
1989,1,16,0
1989,1,17,2
1989,1,18,7
1989,1,19,0.8
1989,1,20,10.2
1989,1,21,12.2
1989,1,22,11
1989,1,23,0
1989,1,24,0
1989,1,25,33
1989,1,26,6
1989,1,27,38.4
1989,1,28,1.4
1989,1,29,25.2
1989,1,30,22.2
1989,1,31,52.6
1989,2,1,21
1989,2,2,2.2
1989,2,3,39.2
1989,2,4,0
1989,2,5,0.8
1989,2,6,8
1989,2,7,1.8
1989,2,8,16.2
1989,2,9,12.6
1989,2,10,0
1989,2,11,0
1989,2,12,10.4
1989,2,13,0
1989,2,14,36
1989,2,15,36.8
1989,2,16,3
1989,2,17,16.6
1989,2,18,0
1989,2,19,14.6
1989,2,20,16.8
1989,2,21,0
1989,2,22,29.6
1989,2,23,0
1989,2,24,0
1989,2,25,0
1989,2,26,0
1989,2,27,0
1989,2,28,27
1989,3,1,6
1989,3,2,0.6
1989,3,3,0
1989,3,4,25.4
1989,3,5,7.6
1989,3,6,50.4
1989,3,7,2.6
1989,3,8,0.8
1989,3,9,71.2
1989,3,10,75.4
1989,3,11,51.4
1989,3,12,1.6
1989,3,13,3
1989,3,14,41.8
1989,3,15,27.8
1989,3,16,28.8
1989,3,17,2.2
1989,3,18,22.2
1989,3,19,1
1989,3,20,10.2
1989,3,21,8
1989,3,22,2.6
1989,3,23,10.8
1989,3,24,0.6
1989,3,25,9.2
1989,3,26,48.2
1989,3,27,11.4
1989,3,28,2.4
1989,3,29,17.4
1989,3,30,0
1989,3,31,0
1989,4,1,10
1989,4,2,11
1989,4,3,0
1989,4,4,6
1989,4,5,0.4
1989,4,6,0
1989,4,7,1
1989,4,8,0
1989,4,9,20.4
1989,4,10,0
1989,4,11,0
1989,4,12,2
1989,4,13,0
1989,4,14,0
1989,4,15,0
1989,4,16,0
1989,4,17,29.1
1989,4,18,90.2
1989,4,19,22.4
1989,4,20,0
1989,4,21,17.8
1989,4,22,0
1989,4,23,2.4
1989,4,24,1.2
1989,4,25,14
1989,4,26,2.6
1989,4,27,18.4
1989,4,28,11
1989,4,29,9.1
1989,4,30,15.4
1989,5,1,29.8
1989,5,2,2.6
1989,5,3,0
1989,5,4,0
1989,5,5,0
1989,5,6,0
1989,5,7,0
1989,5,8,0
1989,5,9,0
1989,5,10,0
1989,5,11,0
1989,5,12,0
1989,5,13,1.4
1989,5,14,0
1989,5,15,0
1989,5,16,0
1989,5,17,0
1989,5,18,0
1989,5,19,0
1989,5,20,0
1989,5,21,0
1989,5,22,0
1989,5,23,0
1989,5,24,0
1989,5,25,0
1989,5,26,0
1989,5,27,0.8
1989,5,28,0
1989,5,29,0
1989,5,30,0
1989,5,31,0
1989,6,1,0
1989,6,2,0
1989,6,3,0
1989,6,4,0
1989,6,5,4.8
1989,6,6,0
1989,6,7,0
1989,6,8,0
1989,6,9,0
1989,6,10,0
1989,6,11,0
1989,6,12,0
1989,6,13,0
1989,6,14,0
1989,6,15,0
1989,6,16,0
1989,6,17,0
1989,6,18,0
1989,6,19,0
1989,6,20,0
1989,6,21,0
1989,6,22,0
1989,6,23,0
1989,6,24,0
1989,6,25,0
1989,6,26,0
1989,6,27,0
1989,6,28,0
1989,6,29,0
1989,6,30,0
1989,7,1,0
1989,7,2,0
1989,7,3,0
1989,7,4,0
1989,7,5,0
1989,7,6,0
1989,7,7,0
1989,7,8,0
1989,7,9,0
1989,7,10,0
1989,7,11,0
1989,7,12,0
1989,7,13,0
1989,7,14,0
1989,7,15,0
1989,7,16,1.2
1989,7,17,0
1989,7,18,0
1989,7,19,5.2
1989,7,20,0
1989,7,21,0
1989,7,22,0
1989,7,23,0
1989,7,24,0
1989,7,25,0
1989,7,26,0
1989,7,27,0
1989,7,28,0
1989,7,29,0
1989,7,30,0
1989,7,31,0
1989,8,1,0
1989,8,2,0
1989,8,3,0
1989,8,4,0
1989,8,5,0
1989,8,6,0
1989,8,7,0
1989,8,8,0
1989,8,9,0
1989,8,10,0
1989,8,11,0
1989,8,12,0
1989,8,13,0
1989,8,14,0
1989,8,15,0
1989,8,16,0
1989,8,17,0
1989,8,18,0
1989,8,19,0
1989,8,20,0
1989,8,21,0
1989,8,22,0
1989,8,23,0
1989,8,24,0
1989,8,25,0
1989,8,26,0
1989,8,27,0
1989,8,28,0
1989,8,29,0
1989,8,30,0
1989,8,31,0
1989,9,1,0
1989,9,2,0
1989,9,3,0
1989,9,4,0
1989,9,5,0
1989,9,6,0
1989,9,7,0
1989,9,8,0
1989,9,9,0
1989,9,10,0
1989,9,11,0
1989,9,12,0
1989,9,13,0
1989,9,14,0
1989,9,15,0
1989,9,16,0
1989,9,17,0
1989,9,18,0
1989,9,19,0
1989,9,20,0
1989,9,21,0
1989,9,22,0
1989,9,23,0
1989,9,24,0
1989,9,25,0
1989,9,26,40.2
1989,9,27,0
1989,9,28,0
1989,9,29,0
1989,9,30,0
1989,10,1,4.6
1989,10,2,14.4
1989,10,3,0
1989,10,4,0
1989,10,5,24.2
1989,10,6,0
1989,10,7,0
1989,10,8,10.4
1989,10,9,0
1989,10,10,0
1989,10,11,0
1989,10,12,0
1989,10,13,0
1989,10,14,0
1989,10,15,13.4
1989,10,16,0
1989,10,17,0
1989,10,18,0
1989,10,19,11.4
1989,10,20,0
1989,10,21,0
1989,10,22,23.6
1989,10,23,0
1989,10,24,0
1989,10,25,0
1989,10,26,0
1989,10,27,0
1989,10,28,0
1989,10,29,3
1989,10,30,0
1989,10,31,46
1989,11,1,0
1989,11,2,13.8
1989,11,3,0
1989,11,4,9
1989,11,5,31.8
1989,11,6,1
1989,11,7,0
1989,11,8,0.8
1989,11,9,8.8
1989,11,10,20
1989,11,11,4.6
1989,11,12,16.6
1989,11,13,0
1989,11,14,14.4
1989,11,15,13.8
1989,11,16,0
1989,11,17,0
1989,11,18,0
1989,11,19,7.2
1989,11,20,0.8
1989,11,21,2.2
1989,11,22,0
1989,11,23,0
1989,11,24,0
1989,11,25,0
1989,11,26,0
1989,11,27,0
1989,11,28,0
1989,11,29,0
1989,11,30,0
1989,12,1,0
1989,12,2,0
1989,12,3,0
1989,12,4,6.6
1989,12,5,23.2
1989,12,6,20
1989,12,7,0
1989,12,8,7.4
1989,12,9,8
1989,12,10,7
1989,12,11,17
1989,12,12,4
1989,12,13,1.6
1989,12,14,1.4
1989,12,15,0
1989,12,16,41.6
1989,12,17,17.6
1989,12,18,0
1989,12,19,23.4
1989,12,20,0
1989,12,21,0
1989,12,22,22.2
1989,12,23,0.4
1989,12,24,0
1989,12,25,2
1989,12,26,24.2
1989,12,27,2.4
1989,12,28,9.4
1989,12,29,9.8
1989,12,30,0
1989,12,31,0
1990,1,1,3.2
1990,1,2,0
1990,1,3,0
1990,1,4,0
1990,1,5,0
1990,1,6,0
1990,1,7,0.4
1990,1,8,29.2
1990,1,9,20.6
1990,1,10,29.6
1990,1,11,19.8
1990,1,12,66.6
1990,1,13,117.6
1990,1,14,8
1990,1,15,1.6
1990,1,16,2
1990,1,17,6.4
1990,1,18,10.4
1990,1,19,0
1990,1,20,13.2
1990,1,21,28.6
1990,1,22,26.4
1990,1,23,3.4
1990,1,24,0.6
1990,1,25,0.6
1990,1,26,0
1990,1,27,0
1990,1,28,0
1990,1,29,1.2
1990,1,30,1
1990,1,31,4
1990,2,1,0.8
1990,2,2,11
1990,2,3,21.6
1990,2,4,18
1990,2,5,35.6
1990,2,6,0.2
1990,2,7,8.8
1990,2,8,8
1990,2,9,0
1990,2,10,5.6
1990,2,11,0
1990,2,12,0
1990,2,13,0
1990,2,14,4
1990,2,15,5.2
1990,2,16,12.8
1990,2,17,5.4
1990,2,18,5.2
1990,2,19,0
1990,2,20,0
1990,2,21,19.6
1990,2,22,0
1990,2,23,1
1990,2,24,0
1990,2,25,8.8
1990,2,26,2.6
1990,2,27,0
1990,2,28,0.8
1990,3,1,30.6
1990,3,2,16.8
1990,3,3,37.8
1990,3,4,45.2
1990,3,5,4.4
1990,3,6,1.4
1990,3,7,1
1990,3,8,1.4
1990,3,9,46.8
1990,3,10,18
1990,3,11,1.2
1990,3,12,3
1990,3,13,0
1990,3,14,9
1990,3,15,0
1990,3,16,11
1990,3,17,15.4
1990,3,18,0
1990,3,19,1
1990,3,20,1.8
1990,3,21,0
1990,3,22,0
1990,3,23,0
1990,3,24,0
1990,3,25,0
1990,3,26,0
1990,3,27,2.4
1990,3,28,22.4
1990,3,29,17.6
1990,3,30,1.2
1990,3,31,0
1990,4,1,11.8
1990,4,2,5
1990,4,3,0
1990,4,4,11
1990,4,5,1
1990,4,6,0.6
1990,4,7,15
1990,4,8,1.2
1990,4,9,2.4
1990,4,10,22.6
1990,4,11,1.8
1990,4,12,2
1990,4,13,15.2
1990,4,14,4.6
1990,4,15,7
1990,4,16,2.6
1990,4,17,0.4
1990,4,18,8
1990,4,19,0
1990,4,20,0
1990,4,21,0
1990,4,22,0
1990,4,23,0
1990,4,24,0
1990,4,25,2
1990,4,26,9
1990,4,27,0
1990,4,28,0
1990,4,29,0
1990,4,30,0
1990,5,1,0
1990,5,2,0
1990,5,3,0
1990,5,4,0
1990,5,5,0
1990,5,6,12.6
1990,5,7,8.4
1990,5,8,11.2
1990,5,9,0
1990,5,10,0
1990,5,11,0
1990,5,12,0
1990,5,13,0
1990,5,14,0
1990,5,15,0
1990,5,16,0
1990,5,17,0
1990,5,18,0
1990,5,19,0
1990,5,20,0
1990,5,21,0.4
1990,5,22,26.6
1990,5,23,0.2
1990,5,24,0
1990,5,25,0
1990,5,26,0
1990,5,27,0
1990,5,28,0
1990,5,29,0
1990,5,30,0
1990,5,31,0
1990,6,1,0
1990,6,2,0
1990,6,3,0
1990,6,4,0
1990,6,5,0
1990,6,6,0
1990,6,7,0
1990,6,8,0
1990,6,9,0
1990,6,10,0
1990,6,11,0
1990,6,12,0
1990,6,13,0
1990,6,14,0
1990,6,15,0
1990,6,16,0
1990,6,17,0
1990,6,18,0
1990,6,19,0
1990,6,20,0
1990,6,21,0
1990,6,22,0
1990,6,23,0
1990,6,24,0
1990,6,25,0
1990,6,26,0.6
1990,6,27,0
1990,6,28,0
1990,6,29,0
1990,6,30,0
1990,7,1,0
1990,7,2,0
1990,7,3,0
1990,7,4,0
1990,7,5,0
1990,7,6,0
1990,7,7,0
1990,7,8,0
1990,7,9,0
1990,7,10,0
1990,7,11,0
1990,7,12,0
1990,7,13,0.6
1990,7,14,0
1990,7,15,0
1990,7,16,0
1990,7,17,0
1990,7,18,0
1990,7,19,0
1990,7,20,0
1990,7,21,0
1990,7,22,0
1990,7,23,0
1990,7,24,0
1990,7,25,4
1990,7,26,0
1990,7,27,0
1990,7,28,0
1990,7,29,0
1990,7,30,0
1990,7,31,0
1990,8,1,0
1990,8,2,0
1990,8,3,0
1990,8,4,0
1990,8,5,0
1990,8,6,0
1990,8,7,0
1990,8,8,0
1990,8,9,0
1990,8,10,0
1990,8,11,0
1990,8,12,0
1990,8,13,0
1990,8,14,0
1990,8,15,0
1990,8,16,0
1990,8,17,0
1990,8,18,0
1990,8,19,0
1990,8,20,0
1990,8,21,0
1990,8,22,0
1990,8,23,0
1990,8,24,0
1990,8,25,0
1990,8,26,0
1990,8,27,0
1990,8,28,0
1990,8,29,0
1990,8,30,0
1990,8,31,0
1990,9,1,0
1990,9,2,0
1990,9,3,0
1990,9,4,0
1990,9,5,0
1990,9,6,0
1990,9,7,0
1990,9,8,0
1990,9,9,0
1990,9,10,0
1990,9,11,0
1990,9,12,0.4
1990,9,13,0
1990,9,14,0
1990,9,15,0
1990,9,16,0
1990,9,17,0
1990,9,18,0
1990,9,19,0
1990,9,20,0
1990,9,21,0
1990,9,22,0
1990,9,23,0
1990,9,24,0
1990,9,25,0
1990,9,26,0
1990,9,27,0
1990,9,28,0
1990,9,29,0
1990,9,30,0
1990,10,1,0
1990,10,2,0
1990,10,3,0
1990,10,4,0
1990,10,5,0
1990,10,6,0
1990,10,7,0
1990,10,8,0
1990,10,9,0
1990,10,10,0
1990,10,11,0
1990,10,12,0
1990,10,13,0
1990,10,14,0
1990,10,15,0
1990,10,16,0
1990,10,17,0
1990,10,18,0
1990,10,19,0
1990,10,20,0
1990,10,21,0
1990,10,22,0
1990,10,23,0
1990,10,24,2
1990,10,25,0
1990,10,26,0.6
1990,10,27,0.2
1990,10,28,0
1990,10,29,0
1990,10,30,0
1990,10,31,0
1990,11,1,0
1990,11,2,0
1990,11,3,0
1990,11,4,0
1990,11,5,13.4
1990,11,6,35
1990,11,7,0
1990,11,8,5.4
1990,11,9,0.9
1990,11,10,0
1990,11,11,0
1990,11,12,0
1990,11,13,5.6
1990,11,14,17.6
1990,11,15,0
1990,11,16,0
1990,11,17,3.2
1990,11,18,16.2
1990,11,19,0
1990,11,20,0
1990,11,21,0
1990,11,22,0
1990,11,23,11.4
1990,11,24,0.4
1990,11,25,2.2
1990,11,26,0
1990,11,27,0.4
1990,11,28,20
1990,11,29,20.8
1990,11,30,9.2
1990,12,1,17.8
1990,12,2,0
1990,12,3,0
1990,12,4,1
1990,12,5,38.2
1990,12,6,0.4
1990,12,7,16.8
1990,12,8,2.4
1990,12,9,2
1990,12,10,24.8
1990,12,11,173.6
1990,12,12,170
1990,12,13,13
1990,12,14,7.4
1990,12,15,0
1990,12,16,3.2
1990,12,17,18
1990,12,18,2.2
1990,12,19,12.6
1990,12,20,3.4
1990,12,21,0
1990,12,22,0.8
1990,12,23,24.8
1990,12,24,0
1990,12,25,0
1990,12,26,0.4
1990,12,27,0
1990,12,28,0
1990,12,29,1.6
1990,12,30,0
1990,12,31,0
1991,1,1,5.8
1991,1,2,3
1991,1,3,16.2
1991,1,4,0.2
1991,1,5,4.6
1991,1,6,13.8
1991,1,7,30.4
1991,1,8,2.2
1991,1,9,9.4
1991,1,10,0
1991,1,11,0
1991,1,12,0
1991,1,13,0
1991,1,14,0
1991,1,15,0
1991,1,16,1
1991,1,17,0.6
1991,1,18,3.2
1991,1,19,0.6
1991,1,20,0
1991,1,21,0
1991,1,22,0
1991,1,23,28.6
1991,1,24,3.4
1991,1,25,52.6
1991,1,26,12.8
1991,1,27,0
1991,1,28,0
1991,1,29,5.6
1991,1,30,18.2
1991,1,31,4.2
1991,2,1,0.2
1991,2,2,10.6
1991,2,3,22
1991,2,4,4.5
1991,2,5,50.8
1991,2,6,20.8
1991,2,7,0
1991,2,8,7.2
1991,2,9,3.4
1991,2,10,0.3
1991,2,11,0.5
1991,2,12,50.4
1991,2,13,6.6
1991,2,14,0
1991,2,15,0
1991,2,16,2.2
1991,2,17,0
1991,2,18,0.8
1991,2,19,0
1991,2,20,8.6
1991,2,21,29.9
1991,2,22,0
1991,2,23,2.6
1991,2,24,0.2
1991,2,25,57.4
1991,2,26,56.3
1991,2,27,4.2
1991,2,28,0
1991,3,1,0
1991,3,2,0
1991,3,3,0
1991,3,4,18
1991,3,5,6.6
1991,3,6,2.8
1991,3,7,19.5
1991,3,8,2
1991,3,9,2.8
1991,3,10,1.8
1991,3,11,7.4
1991,3,12,3
1991,3,13,0
1991,3,14,7
1991,3,15,1.4
1991,3,16,0
1991,3,17,32.4
1991,3,18,1.8
1991,3,19,3
1991,3,20,36
1991,3,21,0
1991,3,22,13
1991,3,23,9
1991,3,24,8
1991,3,25,19
1991,3,26,0
1991,3,27,18
1991,3,28,28
1991,3,29,9
1991,3,30,16
1991,3,31,9.4
1991,4,1,17.8
1991,4,2,0
1991,4,3,2
1991,4,4,4.6
1991,4,5,3.2
1991,4,6,23
1991,4,7,18.8
1991,4,8,0
1991,4,9,14.2
1991,4,10,336.9
1991,4,11,204
1991,4,12,55.6
1991,4,13,23.2
1991,4,14,4.8
1991,4,15,28.6
1991,4,16,14.6
1991,4,17,0
1991,4,18,0
1991,4,19,0
1991,4,20,0.4
1991,4,21,0
1991,4,22,3
1991,4,23,8.6
1991,4,24,23.6
1991,4,25,0
1991,4,26,0
1991,4,27,2.2
1991,4,28,0
1991,4,29,0
1991,4,30,0
1991,5,1,0
1991,5,2,0
1991,5,3,0.2
1991,5,4,0
1991,5,5,0
1991,5,6,0
1991,5,7,0
1991,5,8,0
1991,5,9,0.8
1991,5,10,0
1991,5,11,9
1991,5,12,51.6
1991,5,13,0.4
1991,5,14,0
1991,5,15,0
1991,5,16,19.8
1991,5,17,0
1991,5,18,0
1991,5,19,0
1991,5,20,0.8
1991,5,21,5.8
1991,5,22,0
1991,5,23,0
1991,5,24,0
1991,5,25,0
1991,5,26,0
1991,5,27,0
1991,5,28,0
1991,5,29,0
1991,5,30,0
1991,5,31,0
1991,6,1,0
1991,6,2,0
1991,6,3,0
1991,6,4,0
1991,6,5,0
1991,6,6,0
1991,6,7,0
1991,6,8,0
1991,6,9,0
1991,6,10,0
1991,6,11,0
1991,6,12,0
1991,6,13,0
1991,6,14,0
1991,6,15,0
1991,6,16,0
1991,6,17,0
1991,6,18,0
1991,6,19,0
1991,6,20,0
1991,6,21,0
1991,6,22,0
1991,6,23,0
1991,6,24,0
1991,6,25,0
1991,6,26,0
1991,6,27,0
1991,6,28,0
1991,6,29,0
1991,6,30,0
1991,7,1,0
1991,7,2,0
1991,7,3,0
1991,7,4,0
1991,7,5,0
1991,7,6,0
1991,7,7,0
1991,7,8,0
1991,7,9,0
1991,7,10,0
1991,7,11,0
1991,7,12,0
1991,7,13,0
1991,7,14,0
1991,7,15,0
1991,7,16,0
1991,7,17,0
1991,7,18,0
1991,7,19,0
1991,7,20,0
1991,7,21,0
1991,7,22,0
1991,7,23,0
1991,7,24,0
1991,7,25,0
1991,7,26,0
1991,7,27,0
1991,7,28,0
1991,7,29,0
1991,7,30,0
1991,7,31,0
1991,8,1,0
1991,8,2,0
1991,8,3,0
1991,8,4,0
1991,8,5,0
1991,8,6,0
1991,8,7,0
1991,8,8,0
1991,8,9,0
1991,8,10,0
1991,8,11,0
1991,8,12,1.2
1991,8,13,0
1991,8,14,0
1991,8,15,0
1991,8,16,0
1991,8,17,0
1991,8,18,0
1991,8,19,0
1991,8,20,3.4
1991,8,21,0
1991,8,22,0
1991,8,23,0
1991,8,24,0
1991,8,25,0
1991,8,26,0
1991,8,27,0
1991,8,28,0
1991,8,29,0
1991,8,30,0
1991,8,31,0
1991,9,1,0
1991,9,2,0
1991,9,3,0
1991,9,4,0
1991,9,5,0
1991,9,6,0
1991,9,7,0
1991,9,8,5.5
1991,9,9,0
1991,9,10,0
1991,9,11,0
1991,9,12,0
1991,9,13,0
1991,9,14,0
1991,9,15,0
1991,9,16,0.5
1991,9,17,0
1991,9,18,0
1991,9,19,0
1991,9,20,0
1991,9,21,0
1991,9,22,0
1991,9,23,0
1991,9,24,0
1991,9,25,0
1991,9,26,0.6
1991,9,27,10.6
1991,9,28,0
1991,9,29,0
1991,9,30,7.8
1991,10,1,0
1991,10,2,0
1991,10,3,0
1991,10,4,0
1991,10,5,0
1991,10,6,0
1991,10,7,0
1991,10,8,0
1991,10,9,0
1991,10,10,13.9
1991,10,11,20.5
1991,10,12,0
1991,10,13,0
1991,10,14,0
1991,10,15,0
1991,10,16,0
1991,10,17,0
1991,10,18,0.6
1991,10,19,11.2
1991,10,20,0.8
1991,10,21,0
1991,10,22,0
1991,10,23,0
1991,10,24,5.6
1991,10,25,0
1991,10,26,0
1991,10,27,0
1991,10,28,6.4
1991,10,29,5.2
1991,10,30,0
1991,10,31,0
1991,11,1,18.8
1991,11,2,0
1991,11,3,0
1991,11,4,0
1991,11,5,0
1991,11,6,0
1991,11,7,0
1991,11,8,0
1991,11,9,0
1991,11,10,0
1991,11,11,0
1991,11,12,21.5
1991,11,13,30.2
1991,11,14,0
1991,11,15,0
1991,11,16,0
1991,11,17,0
1991,11,18,0
1991,11,19,0
1991,11,20,5.6
1991,11,21,0
1991,11,22,0
1991,11,23,0
1991,11,24,2.8
1991,11,25,0
1991,11,26,0
1991,11,27,37.7
1991,11,28,3.6
1991,11,29,15
1991,11,30,0
1991,12,1,3
1991,12,2,10.6
1991,12,3,0
1991,12,4,0
1991,12,5,0
1991,12,6,0
1991,12,7,0
1991,12,8,10
1991,12,9,6.6
1991,12,10,6.8
1991,12,11,15
1991,12,12,18.2
1991,12,13,0.6
1991,12,14,0
1991,12,15,17.6
1991,12,16,0.4
1991,12,17,0
1991,12,18,6.8
1991,12,19,3.8
1991,12,20,74.4
1991,12,21,14
1991,12,22,0
1991,12,23,18.8
1991,12,24,70.8
1991,12,25,3.2
1991,12,26,0
1991,12,27,0
1991,12,28,0
1991,12,29,6.6
1991,12,30,0
1991,12,31,0
1992,1,1,0
1992,1,2,0
1992,1,3,0
1992,1,4,5
1992,1,5,7.6
1992,1,6,51.8
1992,1,7,8.8
1992,1,8,37.8
1992,1,9,0.6
1992,1,10,0
1992,1,11,0
1992,1,12,4.4
1992,1,13,23
1992,1,14,27.8
1992,1,15,0
1992,1,16,0
1992,1,17,19.4
1992,1,18,43
1992,1,19,0
1992,1,20,1.6
1992,1,21,22.8
1992,1,22,17.8
1992,1,23,5.4
1992,1,24,34.4
1992,1,25,194.7
1992,1,26,11
1992,1,27,17.6
1992,1,28,2
1992,1,29,13.7
1992,1,30,19
1992,1,31,50.6
1992,2,1,64.8
1992,2,2,15.4
1992,2,3,0
1992,2,4,1
1992,2,5,14.8
1992,2,6,0.4
1992,2,7,0
1992,2,8,17.6
1992,2,9,0
1992,2,10,29.6
1992,2,11,10
1992,2,12,12.3
1992,2,13,0
1992,2,14,0
1992,2,15,0
1992,2,16,0
1992,2,17,6.5
1992,2,18,10.9
1992,2,19,3.2
1992,2,20,6.7
1992,2,21,4.5
1992,2,22,13.6
1992,2,23,0
1992,2,24,2.3
1992,2,25,0
1992,2,26,0
1992,2,27,2.2
1992,2,28,0
1992,3,1,0
1992,3,2,1.2
1992,3,3,56.8
1992,3,4,1.6
1992,3,5,9.6
1992,3,6,0
1992,3,7,22
1992,3,8,2.6
1992,3,9,21.6
1992,3,10,4.4
1992,3,11,17.6
1992,3,12,0
1992,3,13,5.6
1992,3,14,10.4
1992,3,15,0
1992,3,16,11.4
1992,3,17,1.8
1992,3,18,0
1992,3,19,0
1992,3,20,5.1
1992,3,21,1.6
1992,3,22,0
1992,3,23,0
1992,3,24,3.5
1992,3,25,5.5
1992,3,26,5.5
1992,3,27,5.9
1992,3,28,1.6
1992,3,29,1.8
1992,3,30,0
1992,3,31,0
1992,4,1,0
1992,4,2,3.4
1992,4,3,3.6
1992,4,4,0
1992,4,5,0
1992,4,6,0
1992,4,7,0
1992,4,8,9.2
1992,4,9,0
1992,4,10,0
1992,4,11,1
1992,4,12,0
1992,4,13,0.2
1992,4,14,0
1992,4,15,0
1992,4,16,0.4
1992,4,17,0
1992,4,18,0
1992,4,19,0.2
1992,4,20,0
1992,4,21,0
1992,4,22,0
1992,4,23,0
1992,4,24,0
1992,4,25,0
1992,4,26,0
1992,4,27,0.6
1992,4,28,0
1992,4,29,0
1992,4,30,0
1992,5,1,0
1992,5,2,0
1992,5,3,0
1992,5,4,0
1992,5,5,0
1992,5,6,0
1992,5,7,0
1992,5,8,0
1992,5,9,0
1992,5,10,0
1992,5,11,0
1992,5,12,0
1992,5,13,0
1992,5,14,22.5
1992,5,15,1.2
1992,5,16,0
1992,5,17,0
1992,5,18,0
1992,5,19,0
1992,5,20,0
1992,5,21,0
1992,5,22,0
1992,5,23,0
1992,5,24,0
1992,5,25,0
1992,5,26,0
1992,5,27,0
1992,5,28,1.2
1992,5,29,0
1992,5,30,0
1992,5,31,0.4
1992,6,1,0
1992,6,2,0
1992,6,3,0
1992,6,4,0
1992,6,5,0
1992,6,6,0
1992,6,7,0
1992,6,8,0
1992,6,9,0
1992,6,10,0
1992,6,11,0
1992,6,12,0
1992,6,13,0
1992,6,14,0
1992,6,15,0
1992,6,16,0
1992,6,17,0
1992,6,18,0
1992,6,19,0
1992,6,20,0
1992,6,21,0
1992,6,22,0
1992,6,23,0
1992,6,24,0
1992,6,25,0
1992,6,26,0
1992,6,27,0
1992,6,28,0
1992,6,29,0
1992,6,30,0
1992,7,1,0
1992,7,2,0
1992,7,3,0
1992,7,4,0
1992,7,5,0
1992,7,6,0.2
1992,7,7,0.4
1992,7,8,0
1992,7,9,0
1992,7,10,0
1992,7,11,0
1992,7,12,0
1992,7,13,0
1992,7,14,0
1992,7,15,0
1992,7,16,0
1992,7,17,0
1992,7,18,0
1992,7,19,0
1992,7,20,0
1992,7,21,0
1992,7,22,0
1992,7,23,0
1992,7,24,0
1992,7,25,0
1992,7,26,0
1992,7,27,0
1992,7,28,0
1992,7,29,0
1992,7,30,0
1992,7,31,0
1992,8,1,0
1992,8,2,0
1992,8,3,0
1992,8,4,0
1992,8,5,0
1992,8,6,0
1992,8,7,0
1992,8,8,0
1992,8,9,0
1992,8,10,0
1992,8,11,0
1992,8,12,0
1992,8,13,0
1992,8,14,0
1992,8,15,0
1992,8,16,0
1992,8,17,0
1992,8,18,0
1992,8,19,0
1992,8,20,0
1992,8,21,0
1992,8,22,0
1992,8,23,0
1992,8,24,0
1992,8,25,0
1992,8,26,0
1992,8,27,0
1992,8,28,0
1992,8,29,0.3
1992,8,30,0
1992,8,31,0
1992,9,1,0
1992,9,2,0
1992,9,3,0
1992,9,4,0
1992,9,5,0
1992,9,6,0
1992,9,7,0
1992,9,8,0
1992,9,9,0
1992,9,10,0
1992,9,11,0
1992,9,12,0
1992,9,13,0
1992,9,14,0
1992,9,15,32.7
1992,9,16,83.3
1992,9,17,0
1992,9,18,0
1992,9,19,0
1992,9,20,0
1992,9,21,0
1992,9,22,0
1992,9,23,0
1992,9,24,5.6
1992,9,25,0
1992,9,26,0
1992,9,27,0
1992,9,28,0
1992,9,29,0
1992,9,30,0
1992,10,1,0
1992,10,2,0.2
1992,10,3,0
1992,10,4,3.2
1992,10,5,0
1992,10,6,0
1992,10,7,0
1992,10,8,0
1992,10,9,0
1992,10,10,0
1992,10,11,0
1992,10,12,0
1992,10,13,0
1992,10,14,0
1992,10,15,0
1992,10,16,0
1992,10,17,0
1992,10,18,0
1992,10,19,11.6
1992,10,20,0
1992,10,21,0
1992,10,22,0
1992,10,23,16.8
1992,10,24,42
1992,10,25,0
1992,10,26,0
1992,10,27,0
1992,10,28,0
1992,10,29,0
1992,10,30,0
1992,10,31,0
1992,11,1,1.8
1992,11,2,0
1992,11,3,16.4
1992,11,4,0
1992,11,5,0
1992,11,6,0
1992,11,7,0
1992,11,8,2.6
1992,11,9,0
1992,11,10,0
1992,11,11,0
1992,11,12,7.6
1992,11,13,0
1992,11,14,0
1992,11,15,6.6
1992,11,16,11
1992,11,17,16.2
1992,11,18,2.2
1992,11,19,5
1992,11,20,0
1992,11,21,34.2
1992,11,22,0
1992,11,23,0
1992,11,24,46.6
1992,11,25,1.8
1992,11,26,0
1992,11,27,0
1992,11,28,0
1992,11,29,26.3
1992,11,30,6.2
1992,12,1,0
1992,12,2,0
1992,12,3,1.4
1992,12,4,3
1992,12,5,45.4
1992,12,6,0
1992,12,7,0
1992,12,8,0.2
1992,12,9,8.8
1992,12,10,5.8
1992,12,11,0
1992,12,12,48.2
1992,12,13,75.7
1992,12,14,10
1992,12,15,2.2
1992,12,16,17.1
1992,12,17,0
1992,12,18,0
1992,12,19,4.2
1992,12,20,52.4
1992,12,21,74.6
1992,12,22,0.3
1992,12,23,0
1992,12,24,43.2
1992,12,25,1.8
1992,12,26,41.4
1992,12,27,2.6
1992,12,28,25.5
1992,12,29,63.4
1992,12,30,46.8
1992,12,31,72.8
1993,1,1,0.8
1993,1,2,0
1993,1,3,0
1993,1,4,0
1993,1,5,0
1993,1,6,0
1993,1,7,0
1993,1,8,23.8
1993,1,9,2
1993,1,10,0.8
1993,1,11,0
1993,1,12,0
1993,1,13,0
1993,1,14,12.8
1993,1,15,0
1993,1,16,2
1993,1,17,0.2
1993,1,18,9.7
1993,1,19,3.3
1993,1,20,1.8
1993,1,21,0
1993,1,22,13.9
1993,1,23,42.2
1993,1,24,2.6
1993,1,25,0
1993,1,26,1.6
1993,1,27,3.8
1993,1,28,0
1993,1,29,10.9
1993,1,30,2
1993,1,31,10.1
1993,2,1,1.4
1993,2,2,5
1993,2,3,23
1993,2,4,0
1993,2,5,1.2
1993,2,6,2.4
1993,2,7,3
1993,2,8,3.6
1993,2,9,2.6
1993,2,10,0
1993,2,11,10.3
1993,2,12,12.8
1993,2,13,42.7
1993,2,14,3.6
1993,2,15,30.7
1993,2,16,9.3
1993,2,17,13.2
1993,2,18,5.8
1993,2,19,3.1
1993,2,20,63.8
1993,2,21,19
1993,2,22,82.8
1993,2,23,33.2
1993,2,24,7.8
1993,2,25,23.7
1993,2,26,57.3
1993,2,27,49
1993,2,28,31.9
1993,3,1,38.2
1993,3,2,89
1993,3,3,41.5
1993,3,4,15.8
1993,3,5,15.9
1993,3,6,0
1993,3,7,0.1
1993,3,8,4.6
1993,3,9,7
1993,3,10,13
1993,3,11,7
1993,3,12,3.7
1993,3,13,0
1993,3,14,14.1
1993,3,15,0
1993,3,16,0
1993,3,17,0
1993,3,18,0
1993,3,19,8
1993,3,20,0.4
1993,3,21,0
1993,3,22,0
1993,3,23,0
1993,3,24,0.7
1993,3,25,0
1993,3,26,0
1993,3,27,7.4
1993,3,28,1
1993,3,29,4
1993,3,30,0
1993,3,31,1.5
1993,4,1,0
1993,4,2,0
1993,4,3,0
1993,4,4,32.3
1993,4,5,0
1993,4,6,57.9
1993,4,7,36.2
1993,4,8,2.6
1993,4,9,2.3
1993,4,10,0
1993,4,11,55.5
1993,4,12,22.3
1993,4,13,0
1993,4,14,0
1993,4,15,0
1993,4,16,0
1993,4,17,0
1993,4,18,0
1993,4,19,0
1993,4,20,0
1993,4,21,0
1993,4,22,0
1993,4,23,0
1993,4,24,0
1993,4,25,0
1993,4,26,1.4
1993,4,27,0
1993,4,28,0
1993,4,29,0
1993,4,30,0
1993,5,1,0
1993,5,2,0
1993,5,3,0.8
1993,5,4,0
1993,5,5,0
1993,5,6,0
1993,5,7,0
1993,5,8,5.6
1993,5,9,0
1993,5,10,0
1993,5,11,0
1993,5,12,0
1993,5,13,0
1993,5,14,0
1993,5,15,2
1993,5,16,0
1993,5,17,0
1993,5,18,0
1993,5,19,0
1993,5,20,0
1993,5,21,0
1993,5,22,0
1993,5,23,0
1993,5,24,0
1993,5,25,0
1993,5,26,0
1993,5,27,0
1993,5,28,0
1993,5,29,0
1993,5,30,0
1993,5,31,0
1993,6,1,0
1993,6,2,0
1993,6,3,0
1993,6,4,0
1993,6,5,0
1993,6,6,0
1993,6,7,0
1993,6,8,0
1993,6,9,0
1993,6,10,0
1993,6,11,0
1993,6,12,0
1993,6,13,0
1993,6,14,0
1993,6,15,0
1993,6,16,0
1993,6,17,0
1993,6,18,0
1993,6,19,0
1993,6,20,0
1993,6,21,0
1993,6,22,0
1993,6,23,0
1993,6,24,0
1993,6,25,0
1993,6,26,0
1993,6,27,0
1993,6,28,0
1993,6,29,0
1993,6,30,0
1993,7,1,0
1993,7,2,0
1993,7,3,0
1993,7,4,0
1993,7,5,0
1993,7,6,0
1993,7,7,0
1993,7,8,0
1993,7,9,0
1993,7,10,0
1993,7,11,0
1993,7,12,0
1993,7,13,0
1993,7,14,0.2
1993,7,15,0
1993,7,16,0
1993,7,17,0
1993,7,18,0
1993,7,19,0
1993,7,20,0
1993,7,21,0
1993,7,22,0
1993,7,23,0
1993,7,24,0
1993,7,25,0
1993,7,26,0
1993,7,27,0
1993,7,28,0
1993,7,29,0
1993,7,30,0
1993,7,31,0
1993,8,1,0
1993,8,2,0
1993,8,3,0
1993,8,4,0
1993,8,5,0
1993,8,6,0
1993,8,7,0
1993,8,8,0
1993,8,9,0
1993,8,10,0
1993,8,11,0
1993,8,12,0
1993,8,13,0
1993,8,14,0
1993,8,15,0
1993,8,16,0
1993,8,17,0
1993,8,18,0
1993,8,19,0
1993,8,20,0
1993,8,21,0
1993,8,22,0
1993,8,23,0
1993,8,24,0
1993,8,25,0
1993,8,26,0
1993,8,27,0
1993,8,28,0
1993,8,29,0
1993,8,30,0
1993,8,31,0
1993,9,1,0
1993,9,2,0
1993,9,3,0
1993,9,4,0
1993,9,5,0
1993,9,6,3.9
1993,9,7,0
1993,9,8,0
1993,9,9,0
1993,9,10,0
1993,9,11,0
1993,9,12,0
1993,9,13,0
1993,9,14,0
1993,9,15,0
1993,9,16,0
1993,9,17,0
1993,9,18,0
1993,9,19,0
1993,9,20,0
1993,9,21,0
1993,9,22,0
1993,9,23,0
1993,9,24,0
1993,9,25,0
1993,9,26,0
1993,9,27,0
1993,9,28,0
1993,9,29,0
1993,9,30,0
1993,10,1,0
1993,10,2,0
1993,10,3,0.2
1993,10,4,0
1993,10,5,0
1993,10,6,0
1993,10,7,0
1993,10,8,0
1993,10,9,0.1
1993,10,10,0
1993,10,11,0
1993,10,12,0
1993,10,13,0
1993,10,14,0
1993,10,15,0.2
1993,10,16,0.1
1993,10,17,0
1993,10,18,0
1993,10,19,0
1993,10,20,1
1993,10,21,0
1993,10,22,0
1993,10,23,0
1993,10,24,0
1993,10,25,0
1993,10,26,0.1
1993,10,27,0
1993,10,28,0
1993,10,29,0
1993,10,30,0
1993,10,31,3.2
1993,11,1,0
1993,11,2,1.2
1993,11,3,6.2
1993,11,4,24.3
1993,11,5,0
1993,11,6,0
1993,11,7,5
1993,11,8,0
1993,11,9,0
1993,11,10,0
1993,11,11,0
1993,11,12,0
1993,11,13,0
1993,11,14,0
1993,11,15,0
1993,11,16,0
1993,11,17,6.2
1993,11,18,17.2
1993,11,19,0
1993,11,20,0
1993,11,21,12.6
1993,11,22,4.6
1993,11,23,0
1993,11,24,0
1993,11,25,0
1993,11,26,4.1
1993,11,27,0.5
1993,11,28,0
1993,11,29,0
1993,11,30,26.4
1993,12,1,25.8
1993,12,2,0.2
1993,12,3,32.8
1993,12,4,0.2
1993,12,5,4.7
1993,12,6,0
1993,12,7,3.2
1993,12,8,46.5
1993,12,9,0
1993,12,10,1.9
1993,12,11,1
1993,12,12,5.8
1993,12,13,0.2
1993,12,14,0.8
1993,12,15,0
1993,12,16,0
1993,12,17,2.8
1993,12,18,0
1993,12,19,1.6
1993,12,20,19
1993,12,21,0
1993,12,22,0
1993,12,23,33.6
1993,12,24,1.6
1993,12,25,36.8
1993,12,26,13.6
1993,12,27,0.2
1993,12,28,12.4
1993,12,29,39.6
1993,12,30,0
1993,12,31,7.6
1994,1,1,0.1
1994,1,2,4.6
1994,1,3,12.8
1994,1,4,0
1994,1,5,16.8
1994,1,6,0
1994,1,7,0
1994,1,8,53.8
1994,1,9,0.9
1994,1,10,0
1994,1,11,20.9
1994,1,12,16.5
1994,1,13,37.8
1994,1,14,95.8
1994,1,15,79.6
1994,1,16,35.4
1994,1,17,30
1994,1,18,5.3
1994,1,19,28.7
1994,1,20,0
1994,1,21,21.1
1994,1,22,25.4
1994,1,23,1.4
1994,1,24,0
1994,1,25,5.2
1994,1,26,16.9
1994,1,27,50.6
1994,1,28,109.3
1994,1,29,30.7
1994,1,30,9.3
1994,1,31,11.5
1994,2,1,0
1994,2,2,4.4
1994,2,3,3.3
1994,2,4,0
1994,2,5,0
1994,2,6,30.1
1994,2,7,3.8
1994,2,8,0.7
1994,2,9,7.6
1994,2,10,0
1994,2,11,69.5
1994,2,12,30.1
1994,2,13,53.8
1994,2,14,28
1994,2,15,48.9
1994,2,16,0.2
1994,2,17,12.6
1994,2,18,25.2
1994,2,19,6.4
1994,2,20,15.6
1994,2,21,21.6
1994,2,22,0.1
1994,2,23,0.7
1994,2,24,13.3
1994,2,25,0.8
1994,2,26,0.1
1994,2,27,5.9
1994,2,28,14.8
1994,3,1,90.1
1994,3,2,42.7
1994,3,3,8.4
1994,3,4,72.7
1994,3,5,82.6
1994,3,6,96.1
1994,3,7,73.3
1994,3,8,12.2
1994,3,9,27.9
1994,3,10,2.2
1994,3,11,0
1994,3,12,0
1994,3,13,2
1994,3,14,0
1994,3,15,0
1994,3,16,0
1994,3,17,0
1994,3,18,1.2
1994,3,19,16.4
1994,3,20,0.1
1994,3,21,0
1994,3,22,0
1994,3,23,0.7
1994,3,24,1.2
1994,3,25,0
1994,3,26,0
1994,3,27,2.7
1994,3,28,1
1994,3,29,17.6
1994,3,30,3.7
1994,3,31,43.1
1994,4,1,29.8
1994,4,2,11.5
1994,4,3,17.8
1994,4,4,0
1994,4,5,1.9
1994,4,6,1.4
1994,4,7,4.4
1994,4,8,1.2
1994,4,9,0
1994,4,10,0
1994,4,11,0.6
1994,4,12,0
1994,4,13,2
1994,4,14,13.1
1994,4,15,21.8
1994,4,16,20
1994,4,17,0
1994,4,18,5.8
1994,4,19,0
1994,4,20,0
1994,4,21,0
1994,4,22,0
1994,4,23,0
1994,4,24,0
1994,4,25,0
1994,4,26,0
1994,4,27,0
1994,4,28,0
1994,4,29,0
1994,4,30,1
1994,5,1,18
1994,5,2,0
1994,5,3,0.3
1994,5,4,0
1994,5,5,0
1994,5,6,0
1994,5,7,0
1994,5,8,0
1994,5,9,0.4
1994,5,10,8.6
1994,5,11,0
1994,5,12,0
1994,5,13,0
1994,5,14,0
1994,5,15,3.5
1994,5,16,0
1994,5,17,0
1994,5,18,0
1994,5,19,11.4
1994,5,20,0.4
1994,5,21,0
1994,5,22,0
1994,5,23,0
1994,5,24,0
1994,5,25,0
1994,5,26,0
1994,5,27,0
1994,5,28,0
1994,5,29,0
1994,5,30,0
1994,5,31,0
1994,6,1,0
1994,6,2,0
1994,6,3,0
1994,6,4,0
1994,6,5,0
1994,6,6,0
1994,6,7,0
1994,6,8,0
1994,6,9,0
1994,6,10,0
1994,6,11,0
1994,6,12,0
1994,6,13,0
1994,6,14,0
1994,6,15,0.6
1994,6,16,0
1994,6,17,0
1994,6,18,0
1994,6,19,0
1994,6,20,0
1994,6,21,0
1994,6,22,0
1994,6,23,0
1994,6,24,0
1994,6,25,0
1994,6,26,0
1994,6,27,0
1994,6,28,0
1994,6,29,0
1994,6,30,0
1994,7,1,0
1994,7,2,0
1994,7,3,0
1994,7,4,0
1994,7,5,0
1994,7,6,0
1994,7,7,0
1994,7,8,0
1994,7,9,0
1994,7,10,0
1994,7,11,0
1994,7,12,0
1994,7,13,0
1994,7,14,0
1994,7,15,0
1994,7,16,0
1994,7,17,0
1994,7,18,0
1994,7,19,0
1994,7,20,0
1994,7,21,0
1994,7,22,0
1994,7,23,0
1994,7,24,0
1994,7,25,0
1994,7,26,0
1994,7,27,0
1994,7,28,0
1994,7,29,0
1994,7,30,0
1994,7,31,0
1994,8,1,0
1994,8,2,0
1994,8,3,0
1994,8,4,0
1994,8,5,0
1994,8,6,0
1994,8,7,0
1994,8,8,0
1994,8,9,0
1994,8,10,0
1994,8,11,0
1994,8,12,0
1994,8,13,0
1994,8,14,0
1994,8,15,0
1994,8,16,0
1994,8,17,0
1994,8,18,0
1994,8,19,0
1994,8,20,0
1994,8,21,0
1994,8,22,0
1994,8,23,0
1994,8,24,0
1994,8,25,0
1994,8,26,0
1994,8,27,0
1994,8,28,0
1994,8,29,0
1994,8,30,0
1994,8,31,0
1994,9,1,0
1994,9,2,1.2
1994,9,3,0
1994,9,4,0
1994,9,5,0
1994,9,6,0
1994,9,7,4.6
1994,9,8,0
1994,9,9,0
1994,9,10,0.8
1994,9,11,0
1994,9,12,0
1994,9,13,0
1994,9,14,0
1994,9,15,0
1994,9,16,0
1994,9,17,0
1994,9,18,0
1994,9,19,0
1994,9,20,0
1994,9,21,0
1994,9,22,0
1994,9,23,0
1994,9,24,0
1994,9,25,0
1994,9,26,0
1994,9,27,0
1994,9,28,0
1994,9,29,0
1994,9,30,0
1994,10,1,0
1994,10,2,0
1994,10,3,0
1994,10,4,5
1994,10,5,0
1994,10,6,0.1
1994,10,7,0
1994,10,8,30.6
1994,10,9,38.2
1994,10,10,0.4
1994,10,11,28
1994,10,12,8.8
1994,10,13,0
1994,10,14,2.6
1994,10,15,9.8
1994,10,16,3
1994,10,17,9.2
1994,10,18,0
1994,10,19,1.8
1994,10,20,0
1994,10,21,0.4
1994,10,22,28.8
1994,10,23,0.2
1994,10,24,0
1994,10,25,0
1994,10,26,0
1994,10,27,0
1994,10,28,0
1994,10,29,1
1994,10,30,0
1994,10,31,0
1994,11,1,0
1994,11,2,0
1994,11,3,0
1994,11,4,2.8
1994,11,5,42.6
1994,11,6,0.4
1994,11,7,0
1994,11,8,25
1994,11,9,0
1994,11,10,0
1994,11,11,36.6
1994,11,12,0
1994,11,13,0
1994,11,14,0
1994,11,15,18
1994,11,16,29.8
1994,11,17,0.2
1994,11,18,34.4
1994,11,19,0
1994,11,20,15.8
1994,11,21,0
1994,11,22,0
1994,11,23,0
1994,11,24,0
1994,11,25,21.4
1994,11,26,0
1994,11,27,0
1994,11,28,0
1994,11,29,19.4
1994,11,30,0
1994,12,1,1.4
1994,12,2,12.8
1994,12,3,16.6
1994,12,4,0
1994,12,5,0.6
1994,12,6,10.2
1994,12,7,44.2
1994,12,8,0.2
1994,12,9,16
1994,12,10,10.8
1994,12,11,5.8
1994,12,12,5.2
1994,12,13,3.4
1994,12,14,4.2
1994,12,15,86.2
1994,12,16,20.4
1994,12,17,29.4
1994,12,18,19.2
1994,12,19,0
1994,12,20,0
1994,12,21,3.6
1994,12,22,3
1994,12,23,19.6
1994,12,24,0
1994,12,25,0
1994,12,26,0
1994,12,27,0
1994,12,28,17.6
1994,12,29,68.8
1994,12,30,0
1994,12,31,4.3
