1884,1,9,0.8
1884,1,18,1.3
1884,1,19,2.8
1884,1,20,2
1884,2,11,5.8
1884,2,16,0.3
1884,2,18,0.8
1884,2,20,1.3
1884,2,22,5.6
1884,3,5,5.3
1884,3,13,27.9
1884,3,26,3.3
1884,3,27,0.5
1884,3,28,9.4
1884,3,29,10.2
1884,3,30,1.3
1884,4,1,0
1884,5,1,0
1884,6,14,0.5
1884,7,1,0
1884,8,1,0
1884,9,1,0
1884,10,28,22.9
1884,11,8,6.9
1884,11,14,5.1
1884,11,15,1.5
1884,11,16,17
1884,11,22,6.9
1884,11,23,2
1884,11,24,1.3
1884,11,26,2
1884,11,27,14.7
1884,12,3,0.3
1884,12,6,0.5
1884,12,8,2.5
1884,12,27,20.3
1885,1,6,2.5
1885,1,17,18
1885,1,18,8.1
1885,1,19,36.3
1885,1,20,46.5
1885,1,30,10.2
1885,1,31,20.3
1885,2,1,10.2
1885,2,16,81.3
1885,2,20,28.2
1885,3,7,63.5
1885,3,14,63.5
1885,3,21,63.5
1885,4,5,13
1885,5,1,0
1885,6,1,0
1885,7,1,0
1885,8,26,10.7
1885,9,24,2.8
1885,9,25,1.3
1885,10,29,7.1
1885,11,26,1.3
1885,11,27,0.5
1885,11,28,0.3
1885,12,1,1.3
1885,12,8,1.3
1885,12,9,19.1
1885,12,10,1.5
1885,12,12,2.3
1885,12,13,1.5
1885,12,17,2.3
1885,12,18,2.5
1885,12,19,8.9
1885,12,21,32.5
1885,12,22,2.5
1885,12,23,9.1
1885,12,24,0.5
1885,12,25,15.2
1886,1,1,34
1886,1,2,16.5
1886,1,8,13.7
1886,1,19,4.3
1886,1,25,1.8
1886,2,5,5.6
1886,2,17,3.8
1886,2,18,53.8
1886,2,19,66.5
1886,2,20,25.4
1886,3,15,9.7
1886,4,9,19.1
1886,4,10,7.6
1886,5,27,3
1886,6,1,0
1886,7,1,0
1886,8,3,27.9
1886,8,4,36.3
1886,8,19,19.1
1886,9,13,12.2
1886,9,25,6.6
1886,9,27,1.5
1886,10,26,0.8
1886,11,1,6.4
1886,11,2,3
1886,12,2,2.8
1886,12,3,15
1886,12,4,3.6
1886,12,8,41.1
1886,12,20,10.4
1886,12,21,85.3
1886,12,22,25.4
1886,12,23,4.1
1886,12,24,2.5
1887,1,9,4.1
1887,1,15,31.8
1887,1,23,3.8
1887,1,30,2.8
1887,2,1,7.9
1887,2,2,1.3
1887,2,3,50.8
1887,2,4,7.6
1887,2,5,6.1
1887,2,9,7.6
1887,2,10,4.3
1887,2,11,7.6
1887,2,12,3.8
1887,2,17,8.1
1887,2,18,36.6
1887,2,26,0.8
1887,2,28,1
1887,3,16,3.8
1887,3,23,2
1887,3,24,2
1887,3,30,40.6
1887,3,31,66.3
1887,4,1,2.3
1887,4,7,2.3
1887,5,16,4.8
1887,5,20,0.5
1887,6,10,2.5
1887,6,11,3.8
1887,6,14,1.3
1887,6,15,19.1
1887,7,1,0
1887,8,10,31
1887,9,1,0
1887,10,26,2.3
1887,11,5,0.5
1887,11,7,5.8
1887,11,25,1
1887,11,26,2.8
1887,11,29,1.5
1887,11,30,10.2
1887,12,1,0.5
1887,12,8,13.7
1887,12,9,4.1
1887,12,15,5.6
1888,1,3,15.2
1888,1,5,13.2
1888,1,6,2.5
1888,1,8,44.5
1888,1,9,2.3
1888,1,17,12.7
1888,1,18,16.8
1888,1,29,10.2
1888,1,30,1.5
1888,2,5,0.5
1888,2,6,3.6
1888,2,7,16.5
1888,2,8,22.9
1888,2,9,1.5
1888,2,10,30.5
1888,2,17,0.5
1888,2,23,4.3
1888,3,1,0
1888,4,9,1.3
1888,5,7,1
1888,5,13,1
1888,5,17,1.5
1888,6,1,0
1888,7,1,0
1888,8,14,0.3
1888,9,22,2.5
1888,9,23,5.1
1888,10,9,1.3
1888,11,6,2.3
1888,11,9,2
1888,11,10,11.4
1888,12,3,0.8
1888,12,4,3.8
1888,12,23,10.2
1888,12,24,0.8
1888,12,25,2.5
1888,12,26,8.6
1888,12,27,6.4
1888,12,28,2.3
1888,12,29,60.5
1888,12,30,102.9
1889,1,1,28.2
1889,1,2,43.4
1889,1,3,88.9
1889,1,4,1
1889,1,12,3
1889,1,14,1.5
1889,1,18,3.8
1889,1,20,7.4
1889,1,21,30.5
1889,1,22,17.8
1889,1,23,15.5
1889,1,26,26.7
1889,1,27,3.8
1889,1,28,30.2
1889,2,5,16.3
1889,2,6,8.4
1889,2,7,1
1889,2,16,8.6
1889,2,18,1
1889,2,19,0.3
1889,2,25,0.3
1889,2,27,4.1
1889,2,28,2.8
1889,3,30,5.6
1889,4,2,4.1
1889,5,6,2.8
1889,5,7,5.1
1889,5,8,0.5
1889,5,10,6.1
1889,6,6,5.3
1889,6,20,6.1
1889,6,21,2.3
1889,7,1,0
1889,8,1,0
1889,9,20,8.6
1889,9,28,9.4
1889,9,29,1.3
1889,10,27,2.5
1889,11,1,4.3
1889,11,8,3
1889,11,11,17.8
1889,11,12,14.7
1889,11,28,0.5
1889,12,8,10.7
1889,12,12,7.9
1889,12,16,0.5
1889,12,28,2.3
1890,1,2,5.8
1890,1,3,0.5
1890,1,4,1.5
1890,1,5,1.5
1890,1,6,0.3
1890,1,20,22.9
1890,1,21,2.5
1890,1,22,1.3
1890,1,23,3
1890,1,29,2.5
1890,2,1,10.2
1890,2,2,3.3
1890,2,3,3
1890,2,5,1.3
1890,2,6,11.4
1890,2,10,11.9
1890,2,12,24.6
1890,2,13,20.6
1890,3,3,4.6
1890,3,13,2.8
1890,3,15,1.8
1890,3,17,14
1890,4,2,5.1
1890,4,3,38.1
1890,4,4,11.4
1890,4,5,89.4
1890,4,6,4.1
1890,4,7,11.2
1890,4,8,5.3
1890,5,15,3
1890,5,17,5.1
1890,6,14,17.8
1890,6,23,5.1
1890,7,1,0
1890,8,1,0
1890,9,1,0.8
1890,9,2,3.6
1890,9,16,13
1890,9,17,14
1890,9,18,12.2
1890,9,20,20.3
1890,9,21,0.5
1890,10,12,5.6
1890,10,21,17.3
1890,11,26,11.4
1890,12,21,1.8
1890,12,22,3.8
1890,12,31,4.1
1891,1,3,6.1
1891,1,6,48
1891,1,10,1.5
1891,1,26,3
1891,2,2,20.3
1891,2,3,11.9
1891,2,4,25.7
1891,2,7,1.3
1891,3,3,16.3
1891,3,5,10.9
1891,3,20,12.2
1891,4,1,4.1
1891,4,2,8.4
1891,4,6,20.6
1891,4,7,4.3
1891,4,8,1.8
1891,4,9,0.5
1891,5,7,4.2
1891,5,14,4.2
1891,5,21,4.2
1891,6,3,0.5
1891,6,6,43.2
1891,6,8,5.6
1891,7,1,0
1891,8,1,0
1891,9,1,0
1891,10,7,4.6
1891,10,14,2.8
1891,10,15,2.5
1891,10,16,32
1891,11,3,1.8
1891,11,6,3
1891,11,10,5.1
1891,11,25,1.8
1891,12,8,2
1891,12,25,2.3
1892,1,7,1.8
1892,1,23,7.1
1892,1,24,3
1892,2,26,7.9
1892,3,1,59.9
1892,3,2,2.8
1892,3,3,5.8
1892,3,4,8.1
1892,3,9,10.2
1892,3,18,0.5
1892,4,1,0
1892,5,1,0
1892,6,1,0
1892,7,1,0
1892,8,1,0
1892,9,1,0
1892,10,15,0.3
1892,10,24,8.1
1892,10,25,10.7
1892,10,27,3.6
1892,11,1,0
1892,12,4,2.3
1892,12,6,3
1892,12,9,1.3
1892,12,10,0.8
1892,12,13,32.8
1892,12,14,3
1893,1,5,1.8
1893,1,10,4.3
1893,1,14,24.6
1893,1,16,10.9
1893,1,18,5.1
1893,2,20,2.8
1893,3,6,14.5
1893,3,22,1.3
1893,4,12,6.9
1893,4,14,2.3
1893,5,29,4.6
1893,6,1,0
1893,7,1,0
1893,8,17,7.6
1893,8,18,10.7
1893,9,1,0
1893,10,1,0
1893,11,6,13.2
1893,11,8,11.9
1893,11,9,1.3
1893,11,10,4.1
1893,12,17,4.1
1893,12,19,2.3
1893,12,21,2
1893,12,24,10.2
1893,12,28,18.8
1894,1,24,5.1
1894,1,25,38.1
1894,1,26,19.8
1894,1,27,6.6
1894,1,29,28.7
1894,1,30,7.4
1894,1,31,63.8
1894,2,5,21.6
1894,2,6,20.6
1894,2,7,44.7
1894,2,8,24.1
1894,2,9,11.4
1894,2,10,11.4
1894,2,11,43.4
1894,2,14,19.1
1894,2,17,39.6
1894,2,27,3.8
1894,2,28,31.2
1894,3,1,14.5
1894,3,2,51.3
1894,3,3,2.5
1894,3,20,9.9
1894,3,26,5.6
1894,3,27,10.2
1894,3,28,2.5
1894,3,30,1.3
1894,3,31,25.1
1894,4,30,5.3
1894,5,1,0
1894,6,1,0
1894,7,1,0
1894,8,31,0.5
1894,9,1,3
1894,9,2,16.5
1894,9,12,8.9
1894,9,13,5.6
1894,10,19,1.3
1894,11,1,0
1894,12,7,20
1894,12,14,20
1894,12,21,20
1895,1,1,20.8
1895,1,7,25.7
1895,1,8,9.4
1895,1,9,4.3
1895,1,11,13.5
1895,1,12,32
1895,1,13,14.2
1895,1,14,10.4
1895,1,15,17
1895,1,16,3.6
1895,1,21,7.6
1895,1,22,0.8
1895,2,4,2.8
1895,2,5,23.9
1895,2,7,50.8
1895,2,10,10.2
1895,2,11,3
1895,2,13,57.9
1895,2,14,35.1
1895,2,15,1.8
1895,2,16,20.3
1895,3,23,2.5
1895,4,21,13
1895,4,29,0.5
1895,5,21,3
1895,5,24,4.1
1895,6,1,0
1895,7,4,8.1
1895,7,5,6.4
1895,7,6,0.5
1895,7,8,26.7
1895,7,9,25.4
1895,7,10,5.1
1895,7,13,7.1
1895,7,14,6.4
1895,7,17,6.4
1895,7,18,2.3
1895,8,1,0
1895,9,1,0
1895,10,1,0
1895,11,23,7.4
1895,11,26,0.5
1895,11,27,6.6
1895,11,28,31
1895,11,29,22.9
1895,12,4,3.8
1895,12,11,3.6
1895,12,12,3.8
1895,12,13,2
1895,12,14,7.4
1896,1,7,0.8
1896,1,8,0.5
1896,1,10,0.5
1896,1,16,36.6
1896,1,18,25.9
1896,1,19,15.7
1896,1,22,2.8
1896,1,23,1.8
1896,1,25,14.5
1896,2,17,14.2
1896,2,19,15.7
1896,2,20,4.1
1896,2,21,52.1
1896,2,24,0.8
1896,3,13,20.1
1896,4,5,101.6
1896,4,10,37.1
1896,4,20,1.8
1896,4,21,55.9
1896,5,4,3.8
1896,6,1,0
1896,7,16,11.4
1896,7,17,8.4
1896,7,18,9.9
1896,8,1,0
1896,9,17,3
1896,10,14,0.8
1896,11,2,3.8
1896,11,17,7.6
1896,11,20,6.9
1896,11,22,2.5
1896,11,24,2
1896,11,27,4.6
1896,12,2,1.3
1896,12,4,1.8
1896,12,7,10.2
1896,12,9,2.3
1896,12,10,3.8
1896,12,12,0.5
1896,12,13,5.6
1896,12,19,12.2
1896,12,28,2.3
1896,12,29,1.3
1896,12,30,5.8
1896,12,31,28.2
1897,1,6,1.5
1897,1,7,2
1897,1,26,1.3
1897,2,5,1
1897,2,17,4.6
1897,2,18,3.6
1897,2,20,7.1
1897,2,25,2.8
1897,2,26,4.1
1897,2,27,4.6
1897,2,28,7.6
1897,3,1,15.2
1897,4,1,0
1897,5,1,0
1897,6,26,2.8
1897,7,1,0
1897,8,1,0
1897,9,20,0.3
1897,10,8,6.9
1897,10,16,4.3
1897,10,17,18.8
1897,10,20,0.8
1897,10,21,2.3
1897,11,1,0
1897,12,4,1.8
1897,12,17,2.8
1897,12,18,1
1897,12,25,15.5
1897,12,26,3
1898,1,1,0
1898,2,3,45.7
1898,2,4,16
1898,2,9,20.3
1898,2,11,16.5
1898,2,12,34.5
1898,2,13,8.4
1898,2,28,10.4
1898,3,14,2.5
1898,3,15,42.4
1898,4,1,0
1898,5,9,1.8
1898,5,10,6.4
1898,6,15,4.6
1898,6,18,1.3
1898,7,1,0
1898,8,1,0
1898,9,2,4.8
1898,9,8,3.3
1898,9,10,0.8
1898,9,24,2
1898,9,25,0.8
1898,9,26,2
1898,9,27,5.3
1898,9,28,0.5
1898,9,29,0.5
1898,9,30,1.5
1898,10,1,0
1898,11,4,19.6
1898,11,5,1.3
1898,11,27,2.5
1898,12,17,0.8
1898,12,29,3
1898,12,30,7.6
1899,1,2,10.2
1899,1,3,65.5
1899,1,4,12.7
1899,1,5,5.1
1899,1,12,37.3
1899,1,16,16
1899,1,18,7.1
1899,2,12,4.6
1899,2,13,1.3
1899,2,16,9.1
1899,2,18,0.8
1899,2,26,6.9
1899,2,27,17.3
1899,3,6,14.7
1899,3,7,1.8
1899,3,16,3.8
1899,3,19,3.8
1899,3,20,1.5
1899,4,3,12.7
1899,5,1,0
1899,6,2,1.5
1899,7,1,0
1899,8,1,0
1899,9,1,0
1899,10,15,11.7
1899,10,16,0.5
1899,10,23,2
1899,11,1,0
1899,12,1,1.8
1899,12,4,1.5
1899,12,12,3.3
1900,1,4,4.3
1900,1,5,6.9
1900,1,20,10.4
1900,1,22,3.8
1900,2,27,2.3
1900,3,3,9.1
1900,3,7,8.1
1900,3,15,5.3
1900,3,21,4.1
1900,3,26,6.6
1900,3,28,2.3
1900,3,29,0.8
1900,4,1,0
1900,5,9,0.8
1900,5,10,10.9
1900,5,11,12.4
1900,5,20,4.8
1900,5,21,3
1900,6,20,3.3
1900,6,21,1
1900,7,2,10.9
1900,7,3,40.6
1900,7,16,0.5
1900,7,21,3
1900,8,14,3.8
1900,9,1,0
1900,10,24,1.3
1900,11,13,1.5
1900,11,27,3
1900,11,30,7.1
1900,12,21,5.1
1900,12,28,7.1
1900,12,29,1.3
1900,12,31,2
1901,1,1,5.1
1901,1,2,2.5
1901,2,13,1.3
1901,2,14,5.3
1901,2,15,13
1901,2,16,8.9
1901,2,17,0.8
1901,2,18,5.3
1901,2,21,14.7
1901,2,22,9.4
1901,2,23,4.6
1901,2,24,10.7
1901,2,25,22.1
1901,2,26,2.8
1901,3,1,1
1901,3,3,19.3
1901,3,5,2.5
1901,3,10,2.8
1901,3,15,6.1
1901,3,16,0.8
1901,4,1,0
1901,5,1,0
1901,6,10,9.4
1901,7,1,0
1901,8,14,2.5
1901,9,17,0.8
1901,10,1,0
1901,11,10,0.5
1901,12,19,4.1
1901,12,20,7.4
1901,12,23,4.1
1902,1,13,35.6
1902,1,14,10.7
1902,1,21,10.7
1902,1,25,20.6
1902,1,27,1
1902,1,31,0.5
1902,2,1,6.4
1902,2,2,12.7
1902,2,5,1
1902,2,21,1.5
1902,3,1,0
1902,4,1,0
1902,5,1,0
1902,6,7,1.3
1902,7,1,0
1902,8,1,0
1902,9,1,0
1902,10,8,9.7
1902,11,20,1.8
1902,11,25,7.1
1902,11,26,2.8
1902,11,27,5.8
1902,11,29,20.3
1902,12,5,9.7
1902,12,14,6.9
1902,12,15,17.8
1902,12,18,8.4
1903,1,3,1.3
1903,1,6,5.8
1903,1,7,7.4
1903,2,15,6.4
1903,2,16,2.3
1903,2,27,14.2
1903,3,9,0.8
1903,3,13,5.8
1903,3,14,65.3
1903,3,15,14.7
1903,3,16,11.4
1903,3,17,41.7
1903,3,18,8.6
1903,3,24,1.3
1903,3,29,8.9
1903,3,30,65.5
1903,3,31,24.6
1903,4,2,2.8
1903,4,21,0.3
1903,4,26,22.6
1903,5,1,0
1903,6,1,0
1903,7,1,0
1903,8,1,0
1903,9,1,0
1903,10,10,2.3
1903,10,11,2
1903,10,12,0.5
1903,11,1,5.1
1903,11,5,3.8
1903,11,12,4.8
1903,11,17,19.8
1903,11,18,3.3
1903,11,27,7.4
1903,11,28,2.8
1903,11,30,5.8
1903,12,1,3.6
1903,12,2,2
1903,12,4,3.8
1903,12,5,3
1903,12,6,1.3
1903,12,8,44.5
1903,12,9,1.8
1903,12,11,14.7
1903,12,12,21.6
1903,12,13,4.6
1903,12,14,26.9
1903,12,23,4.1
1904,1,2,17
1904,1,11,0.8
1904,1,12,24.1
1904,1,15,11.4
1904,1,16,43.2
1904,1,17,3.6
1904,1,18,1.5
1904,1,19,2
1904,1,20,19.1
1904,1,21,18.3
1904,1,22,16.5
1904,1,23,39.6
1904,2,14,3.3
1904,2,15,4.1
1904,2,16,19.3
1904,2,17,6.9
1904,2,18,22.6
1904,2,19,28.4
1904,2,20,4.3
1904,2,21,7.9
1904,2,22,18
1904,2,23,1.3
1904,2,24,5.8
1904,3,1,3.3
1904,3,4,31.5
1904,3,18,2.5
1904,3,20,7.4
1904,3,21,6.9
1904,3,22,8.1
1904,3,23,1.3
1904,3,24,1.8
1904,4,19,10.2
1904,4,20,3.8
1904,5,28,5.1
1904,5,29,26.9
1904,5,30,23.9
1904,6,1,0
1904,7,1,0
1904,8,1,0
1904,9,1,0
1904,10,9,0.8
1904,10,14,13.5
1904,11,2,8.6
1904,11,3,3.6
1904,11,7,2
1904,11,20,1.5
1904,12,3,1.3
1904,12,4,2.3
1904,12,17,30.7
1904,12,18,11.4
1904,12,31,0.8
1905,1,1,50.8
1905,1,2,16.3
1905,1,31,1.3
1905,2,9,3.8
1905,3,27,48.5
1905,3,28,18
1905,4,1,0
1905,5,1,0
1905,6,19,8.4
1905,7,1,0
1905,8,1,0
1905,9,1,0
1905,10,14,3.3
1905,10,15,9.7
1905,10,16,1.3
1905,11,18,1.5
1905,11,19,6.4
1905,11,28,3.8
1905,12,19,36.8
1905,12,24,3.6
1905,12,29,1.8
1905,12,31,3.8
1906,1,2,17.3
1906,1,4,102.1
1906,1,5,2
1906,1,17,3.8
1906,2,20,0.5
1906,2,21,0.8
1906,2,23,3
1906,2,25,1
1906,3,28,1.8
1906,4,10,10.7
1906,5,9,0.3
1906,6,16,0.3
1906,6,17,0.3
1906,7,1,0
1906,8,1,0
1906,9,27,5.6
1906,9,28,17.8
1906,10,7,26.4
1906,10,8,0.5
1906,10,13,0.5
1906,11,13,15.2
1906,12,2,69.9
1906,12,3,0.5
1906,12,12,1.3
1906,12,13,7.9
1906,12,14,0.8
1906,12,15,1.3
1906,12,18,7.4
1906,12,22,0.8
1906,12,23,33
1906,12,24,25.9
1906,12,25,1.5
1907,1,7,2.5
1907,1,10,35.6
1907,1,19,7.4
1907,1,24,1.8
1907,1,25,2.3
1907,2,16,1.5
1907,2,17,41.9
1907,2,18,35.1
1907,2,19,19.3
1907,2,20,2.3
1907,2,21,3.8
1907,2,22,7.6
1907,2,23,3
1907,2,28,6.6
1907,3,1,0
1907,4,1,0
1907,5,21,5.3
1907,5,22,5.1
1907,5,23,0.8
1907,6,1,23.4
1907,6,2,2.5
1907,6,6,0.8
1907,6,7,2.8
1907,6,13,0.8
1907,6,18,0.8
1907,7,27,3.3
1907,8,1,0
1907,9,1,0
1907,10,4,0.8
1907,10,6,8.6
1907,10,7,12.7
1907,10,30,3.3
1907,11,11,2
1907,11,12,4.8
1907,11,13,5.1
1907,11,26,3.6
1907,12,6,4.8
1907,12,10,0.8
1907,12,11,4.6
1907,12,17,8.9
1907,12,18,39.1
1907,12,19,0.8
1907,12,24,0.8
1907,12,25,59.7
1907,12,26,10.4
1907,12,27,24.1
1908,1,2,17
1908,1,3,26.2
1908,1,4,34.3
1908,1,15,1.5
1908,1,29,1.3
1908,2,5,35.3
1908,2,6,33.5
1908,2,7,17.8
1908,2,21,13
1908,2,25,3.8
1908,2,26,39.1
1908,2,29,27.4
1908,3,2,19.6
1908,3,3,17
1908,3,9,7.1
1908,4,14,5.1
1908,4,16,22.9
1908,4,17,22.4
1908,5,16,4.1
1908,6,1,0
1908,7,1,0
1908,8,1,0
1908,9,1,0
1908,10,1,0
1908,11,27,6.6
1908,12,19,2.3
1908,12,25,1.5
1909,1,29,7.1
1909,2,16,1.8
1909,2,22,10.7
1909,3,7,2.5
1909,4,26,3.8
1909,5,7,1.3
1909,6,1,0
1909,7,1,0
1909,8,22,4.1
1909,8,29,5.8
1909,8,30,1.3
1909,8,31,3.6
1909,9,1,0
1909,10,20,11.7
1909,10,22,3.6
1909,10,29,2.3
1909,11,26,37.1
1909,12,1,0
1910,1,4,5.1
1910,1,5,3.3
1910,2,25,9.9
1910,2,26,30
1910,2,27,25.9
1910,2,28,234.2
1910,3,1,66.5
1910,3,2,36.1
1910,3,4,1.8
1910,3,5,2
1910,4,10,1.5
1910,5,1,0
1910,6,15,3.3
1910,6,21,5.1
1910,6,23,1.5
1910,7,1,0
1910,8,1,0
1910,9,1,0
1910,10,9,1.8
1910,11,5,3.3
1910,11,6,17.8
1910,12,6,3.6
1910,12,10,46.7
1910,12,19,4.1
1910,12,20,5.6
1911,1,1,0
1911,2,1,0
1911,3,29,14.5
1911,4,12,10.7
1911,4,13,17.5
1911,4,14,17.8
1911,4,15,2.3
1911,4,16,2
1911,5,1,0
1911,6,1,0
1911,7,1,0
1911,8,1,0
1911,9,28,6.9
1911,9,29,14.2
1911,9,30,6.6
1911,10,1,0
1911,11,18,6.6
1911,11,21,3.6
1911,11,22,2
1911,11,23,20.8
1911,11,25,20.6
1911,12,3,6.4
1911,12,5,2.3
1911,12,15,5.1
1911,12,16,2
1911,12,17,3.3
1912,1,1,21.1
1912,1,15,11.9
1912,1,16,8.6
1912,1,31,12.2
1912,2,8,4.3
1912,2,10,3.3
1912,2,19,4.3
1912,2,20,11.2
1912,2,21,33
1912,2,26,6.9
1912,2,27,5.1
1912,2,28,4.3
1912,3,28,10.9
1912,4,1,0
1912,5,1,0
1912,6,22,2.3
1912,7,13,3.8
1912,8,1,0
1912,9,1,0
1912,10,24,2.3
1912,11,11,6.4
1912,11,15,3.8
1912,11,16,17.3
1912,12,4,2
1912,12,5,4.8
1913,1,5,186.7
1913,1,6,3.8
1913,2,6,35.8
1913,2,8,11.4
1913,2,9,15.7
1913,2,10,134.4
1913,2,11,2.3
1913,2,18,2.3
1913,2,20,3.8
1913,2,22,20.8
1913,3,5,2.3
1913,3,21,7.1
1913,3,22,23.1
1913,3,28,8.4
1913,4,1,0
1913,5,1,0
1913,6,19,2.3
1913,7,1,0
1913,8,1,0
1913,9,1,0
1913,10,1,0
1913,11,2,3.8
1913,12,16,36.6
1913,12,18,2.8
1913,12,19,5.3
1913,12,20,4.6
1913,12,24,7.4
1913,12,26,17.3
1914,1,4,24.6
1914,1,7,3.6
1914,1,13,2.3
1914,1,14,5.1
1914,1,15,3.3
1914,1,16,20.1
1914,1,19,14.7
1914,1,20,4.6
1914,1,21,7.6
1914,1,22,61
1914,1,25,6.1
1914,2,1,0
1914,3,1,0
1914,4,1,0
1914,5,1,0
1914,6,1,0
1914,7,1,0
1914,8,1,0
1914,9,1,0
1914,10,30,12.2
1914,11,3,3.8
1914,11,15,2.5
1914,11,25,4.6
1914,11,26,2.3
1914,12,5,13
1914,12,7,2.5
1914,12,14,10.4
1914,12,16,6.1
1914,12,17,11.4
1914,12,21,5.1
1914,12,22,28.2
1914,12,23,3.6
1914,12,24,2.3
1914,12,27,11.2
1915,1,7,10.4
1915,1,15,2.3
1915,1,21,96
1915,1,24,4.3
1915,1,25,2.3
1915,1,27,29.2
1915,1,28,77.7
1915,1,29,3.6
1915,1,30,24.4
1915,2,8,4.3
1915,2,16,3.6
1915,2,19,15.7
1915,2,24,3.6
1915,3,1,0
1915,4,10,3.3
1915,4,11,1.3
1915,4,12,4.1
1915,4,13,0.3
1915,5,13,3
1915,5,14,10.2
1915,6,1,0
1915,7,1,0
1915,8,1,0
1915,9,1,0
1915,10,1,0
1915,11,1,0
1915,12,10,2.5
1915,12,25,5.6
1916,1,1,17.8
1916,1,10,29.2
1916,1,11,3.6
1916,1,17,31.2
1916,1,18,5.6
1916,1,30,2.3
1916,1,31,70.4
1916,2,1,13
1916,2,2,2.3
1916,2,3,25.4
1916,2,4,2
1916,2,5,7.6
1916,3,9,2.5
1916,4,28,8.1
1916,5,1,0
1916,6,1,0
1916,7,7,13.2
1916,7,8,2.5
1916,8,1,0
1916,9,1,0
1916,10,5,2.8
1916,10,22,2.3
1916,10,23,0.8
1916,10,25,4.8
1916,10,26,2.3
1916,11,3,46.5
1916,11,5,2.5
1916,11,12,18.3
1916,12,6,63.8
1916,12,9,5.1
1916,12,12,6.1
1916,12,20,21.3
1916,12,30,20.3
1917,1,3,12.2
1917,1,13,23.4
1917,1,17,13.2
1917,1,22,10.2
1917,1,24,31
1917,2,3,18.8
1917,2,4,4.3
1917,2,20,64.3
1917,2,23,3.6
1917,3,5,39.1
1917,4,1,0
1917,5,1,0
1917,6,15,5.3
1917,7,1,0
1917,8,25,5.8
1917,8,26,7.6
1917,9,13,4.6
1917,9,14,26.4
1917,10,1,0
1917,11,14,24.9
1917,11,19,2.3
1917,11,20,13.2
1917,11,21,19.1
1917,12,4,2.3
1917,12,13,2.3
1917,12,21,2
1917,12,24,3.8
1917,12,26,4.3
1917,12,31,8.9
1918,1,9,10.2
1918,1,10,25.4
1918,1,14,4.3
1918,1,15,8.9
1918,1,30,61.2
1918,1,31,3.8
1918,2,7,8.1
1918,2,9,41.1
1918,2,10,87.6
1918,2,11,88.1
1918,2,12,72.9
1918,2,13,16.5
1918,3,1,0
1918,4,1,0
1918,5,1,0
1918,6,1,0
1918,7,1,0
1918,8,1,5.1
1918,8,2,2.3
1918,9,1,0
1918,10,31,8.4
1918,11,20,5.6
1918,11,24,8.9
1918,11,25,12.2
1918,12,1,1.8
1918,12,2,4.6
1918,12,24,10.2
1919,1,2,6.4
1919,1,7,68.1
1919,1,11,4.8
1919,1,13,2.3
1919,1,20,7.6
1919,1,22,102.6
1919,1,30,2.3
1919,2,3,32.5
1919,2,4,3.3
1919,2,5,22.6
1919,2,6,166.4
1919,2,13,28.4
1919,2,14,55.9
1919,2,16,11.2
1919,2,17,31.5
1919,2,19,8.4
1919,2,20,19.6
1919,3,1,0
1919,4,1,0
1919,5,1,0
1919,6,1,0
1919,7,1,0
1919,8,1,0
1919,9,1,0
1919,10,1,0
1919,11,8,17.5
1919,12,29,4.8
1920,1,10,2
1920,1,11,7.6
1920,1,12,22.1
1920,1,13,22.9
1920,1,19,4.6
1920,1,20,4.8
1920,1,26,14.2
1920,1,27,30.7
1920,2,5,5.6
1920,2,6,2.3
1920,2,11,7.9
1920,2,29,7.4
1920,3,2,2.5
1920,3,6,33.5
1920,3,7,3
1920,4,28,14
1920,5,1,0
1920,6,1,0
1920,7,15,3
1920,7,16,11.2
1920,7,19,3
1920,8,1,0
1920,9,15,5.3
1920,10,4,3.6
1920,10,6,2
1920,10,19,10.2
1920,11,10,10.4
1920,11,11,53.3
1920,11,29,7.4
1920,11,30,6.4
1920,12,3,49.5
1920,12,4,2.5
1920,12,5,13
1920,12,24,2.5
1920,12,25,8.1
1920,12,26,2.8
1920,12,29,9.7
1920,12,30,3
1920,12,31,19.8
1921,1,1,15.7
1921,1,2,4.6
1921,1,3,18.8
1921,1,11,10.2
1921,1,12,66
1921,1,13,34
1921,2,3,2
1921,2,4,24.4
1921,2,10,58.2
1921,2,11,38.6
1921,2,19,23.1
1921,2,24,2.8
1921,2,25,3.3
1921,2,27,3.6
1921,3,3,24.9
1921,3,4,7.1
1921,3,5,12.2
1921,3,6,45.7
1921,3,11,7.6
1921,3,12,10.2
1921,3,14,6.9
1921,3,16,7.6
1921,4,1,0
1921,5,1,0
1921,6,8,6.6
1921,6,30,2.3
1921,7,1,0
1921,8,1,0
1921,9,1,0
1921,10,17,7.4
1921,10,22,2
1921,11,11,11.4
1921,11,27,3
1921,11,28,3.8
1921,12,16,1
1921,12,24,1.5
1921,12,26,2.5
1922,1,13,2
1922,1,17,2.3
1922,1,30,3.6
1922,2,17,17
1922,2,18,3.6
1922,2,19,3.8
1922,2,20,3.3
1922,2,21,10.2
1922,2,22,53.3
1922,2,25,2.5
1922,2,26,6.4
1922,3,1,0
1922,4,1,0
1922,5,3,12.7
1922,5,4,0.5
1922,5,5,0.3
1922,6,15,3.8
1922,6,29,8.6
1922,7,1,0
1922,8,1,0
1922,9,1,0
1922,10,13,6.4
1922,10,20,4.3
1922,10,23,0.8
1922,10,24,2.5
1922,10,25,19.8
1922,11,26,2.5
1922,11,28,21.1
1922,12,1,1.8
1922,12,5,13.2
1922,12,10,3
1922,12,12,2
1922,12,13,0.8
1922,12,15,40.6
1922,12,16,12.2
1922,12,18,2.3
1922,12,21,2.3
1923,1,5,1
1923,1,6,3.8
1923,1,7,9.9
1923,1,8,1
1923,1,15,0.8
1923,1,17,1.8
1923,1,18,2.5
1923,2,6,0.5
1923,2,15,0.8
1923,2,22,6.9
1923,2,23,30.7
1923,3,1,0.8
1923,3,2,2.5
1923,3,8,39.6
1923,3,10,3.6
1923,3,11,14
1923,3,12,39.1
1923,3,13,9.9
1923,3,15,14.2
1923,3,18,18.5
1923,4,3,3
1923,4,4,1.8
1923,5,7,4.1
1923,6,3,23.1
1923,6,24,15.5
1923,6,25,3
1923,7,1,0
1923,8,1,0
1923,9,1,0
1923,10,19,10.9
1923,10,29,1.5
1923,10,30,1.8
1923,11,15,7.4
1923,12,5,0.3
1923,12,6,4.3
1923,12,7,0.3
1923,12,9,0.3
1923,12,15,16
1923,12,16,2.5
1923,12,23,0.8
1923,12,24,9.1
1923,12,25,5.6
1924,1,1,3.6
1924,1,18,1.3
1924,1,20,0.5
1924,2,3,2.8
1924,2,6,1.3
1924,2,7,12.2
1924,2,9,0.8
1924,2,10,8.4
1924,2,11,4.8
1924,2,12,8.4
1924,2,13,54.6
1924,2,14,5.3
1924,2,15,13.5
1924,2,16,13.7
1924,2,17,1
1924,2,18,2.5
1924,2,22,1.5
1924,2,28,9.7
1924,2,29,1.3
1924,3,1,2.3
1924,4,1,0
1924,5,1,0
1924,6,1,0
1924,7,21,5.6
1924,8,1,0
1924,9,21,0.5
1924,10,13,1
1924,10,20,3
1924,10,31,0.5
1924,11,2,4.1
1924,11,4,0.3
1924,11,5,2.5
1924,11,10,1.5
1924,11,11,6.4
1924,11,12,1.5
1924,11,13,9.1
1924,11,24,28.4
1924,12,7,2.3
1925,1,9,5.8
1925,1,10,3.3
1925,1,11,2
1925,1,15,3.8
1925,1,16,5.1
1925,1,19,0.8
1925,1,20,3
1925,1,28,3
1925,1,29,51.8
1925,1,30,4.3
1925,1,31,6.9
1925,2,4,0.5
1925,2,23,20.6
1925,2,25,12.4
1925,2,26,1
1925,3,4,4.3
1925,3,6,27.4
1925,3,7,1.3
1925,3,8,14.5
1925,3,9,0.3
1925,3,18,3
1925,4,7,1
1925,5,1,0
1925,6,1,0
1925,7,23,6.4
1925,8,1,0
1925,9,1,0
1925,10,1,0
1925,11,15,5.6
1925,11,18,3.6
1925,11,19,9.9
1925,12,22,4.8
1925,12,23,10.2
1925,12,30,4.1
1926,1,5,2
1926,1,13,62
1926,1,14,33.8
1926,1,15,46.5
1926,1,16,2.5
1926,1,18,5.6
1926,1,19,10.4
1926,1,31,7.9
1926,2,26,2.5
1926,3,3,0.5
1926,3,5,19.1
1926,3,17,0.5
1926,3,20,19.8
1926,3,21,15.2
1926,3,22,13.7
1926,3,23,7.9
1926,3,24,1
1926,4,30,5.6
1926,5,9,1.5
1926,6,1,0
1926,7,1,0
1926,8,1,0
1926,9,24,0.8
1926,10,1,0
1926,11,23,4.1
1926,11,24,19.6
1926,12,6,3.8
1926,12,14,0.3
1926,12,17,51.1
1926,12,18,3.8
1926,12,19,0.5
1926,12,20,1.3
1927,1,6,1.8
1927,1,8,0.3
1927,1,10,20.8
1927,1,18,8.1
1927,1,19,8.1
1927,1,20,8.6
1927,1,22,66
1927,1,26,22.4
1927,1,29,15
1927,1,31,0.5
1927,2,1,59.2
1927,2,16,6.4
1927,2,17,2.5
1927,2,18,3.8
1927,2,19,1
1927,3,24,0.8
1927,3,26,2.8
1927,4,10,9.1
1927,5,1,0
1927,6,1,0
1927,7,1,0
1927,8,5,0.3
1927,9,1,0
1927,10,12,2.8
1927,10,21,0.3
1927,11,3,4.3
1927,11,17,4.1
1927,11,21,5.3
1927,11,22,2.8
1927,11,24,9.7
1927,12,4,3
1927,12,5,1.5
1927,12,7,10.2
1927,12,14,0.5
1927,12,20,8.6
1927,12,21,0.3
1928,1,16,2
1928,1,17,4.1
1928,1,18,46
1928,1,30,1
1928,2,3,14.7
1928,2,9,5.1
1928,2,13,4.1
1928,3,13,2
1928,3,14,7.6
1928,4,1,7.6
1928,4,4,1
1928,4,5,7.4
1928,5,1,0
1928,6,5,4.3
1928,6,6,1.5
1928,7,23,0.5
1928,8,1,0
1928,9,28,1
1928,10,27,12.7
1928,11,4,0.5
1928,11,5,2.5
1928,12,5,0.8
1928,12,15,1.3
1928,12,20,11.7
1928,12,21,2.5
1928,12,24,30.5
1929,1,7,1.3
1929,1,9,12.2
1929,1,11,4.6
1929,1,12,66
1929,1,13,70.6
1929,1,14,2.5
1929,1,25,4.1
1929,2,7,1.8
1929,2,24,3.6
1929,2,25,7.6
1929,3,5,40.6
1929,3,6,0.8
1929,3,8,5.6
1929,3,14,2
1929,3,15,6.6
1929,3,26,1.5
1929,3,27,2.5
1929,4,1,1
1929,5,1,0
1929,6,1,0
1929,7,1,0
1929,8,1,0
1929,9,1,0
1929,10,25,8.9
1929,10,29,0.5
1929,11,15,3.8
1929,11,26,1.8
1929,12,2,1.3
1929,12,3,16.3
1929,12,10,0.5
1929,12,11,2.5
1929,12,27,16.8
1929,12,28,11.4
1929,12,29,22.9
1929,12,30,21.3
1930,1,1,1.8
1930,1,9,8.4
1930,1,10,31.8
1930,1,11,19.1
1930,1,16,1.3
1930,1,17,4.3
1930,2,3,6.1
1930,2,4,35.6
1930,2,5,23.6
1930,2,6,34.3
1930,2,7,0.8
1930,2,8,30
1930,2,9,3.3
1930,2,21,16.5
1930,2,24,0.8
1930,2,26,6.9
1930,2,27,18.8
1930,2,28,67.1
1930,3,1,99.1
1930,3,2,163.6
1930,3,3,166.4
1930,3,4,1.5
1930,4,1,0
1930,5,1,0
1930,6,1,0
1930,7,24,2
1930,8,1,0
1930,9,17,0.8
1930,10,2,9.1
1930,10,3,3.3
1930,10,8,14
1930,10,10,0.8
1930,10,13,9.1
1930,10,27,6.9
1930,10,29,12.7
1930,11,17,10.9
1930,11,23,1.8
1930,11,24,11.2
1930,11,26,2.3
1930,11,28,0.8
1930,11,29,6.9
1930,12,1,4.1
1930,12,2,7.4
1930,12,3,6.6
1930,12,6,1.8
1930,12,7,2.3
1930,12,17,2.5
1930,12,18,0.3
1930,12,26,5.6
1930,12,27,0.5
1931,1,9,15.2
1931,1,19,4.6
1931,1,20,8.4
1931,1,25,1.3
1931,1,29,2.8
1931,2,14,0.8
1931,2,19,0.5
1931,3,1,1.3
1931,3,14,21.6
1931,3,15,6.1
1931,3,18,0.5
1931,3,19,9.4
1931,3,21,62.2
1931,3,29,9.4
1931,3,31,1.3
1931,4,1,24.4
1931,4,3,10.4
1931,4,11,6.9
1931,4,12,3.8
1931,4,15,2.5
1931,5,8,7.9
1931,6,1,0
1931,7,1,0
1931,8,1,0
1931,9,10,0.5
1931,9,11,2.3
1931,9,26,0.5
1931,9,27,0.5
1931,10,1,0
1931,11,9,36.6
1931,11,13,0.5
1931,11,14,0.5
1931,11,15,6.4
1931,11,16,17.8
1931,12,8,14
1931,12,22,1.3
1931,12,23,7.4
1932,1,1,0
1932,2,2,1.5
1932,3,9,9.4
1932,3,10,35.1
1932,3,11,117.3
1932,3,12,5.8
1932,3,13,5.1
1932,3,14,17
1932,3,16,2.8
1932,3,17,1.8
1932,4,1,0
1932,5,15,31.8
1932,5,16,16.3
1932,5,21,0.5
1932,5,22,19.8
1932,6,17,5.3
1932,6,19,0.5
1932,7,1,0
1932,8,1,0
1932,9,1,0
1932,10,15,2.3
1932,10,18,6.4
1932,10,19,0.8
1932,10,27,3.3
1932,11,18,5.3
1932,11,22,2.3
1932,11,30,2.5
1932,12,1,7.4
1932,12,2,3.3
1932,12,8,1.8
1932,12,14,2
1932,12,16,5.6
1932,12,21,20.1
1932,12,22,0.8
1932,12,24,2.5
1933,1,15,0.8
1933,1,20,7.6
1933,1,21,0.5
1933,1,22,4.8
1933,1,24,7.4
1933,1,25,12.2
1933,1,27,0.5
1933,2,3,3.8
1933,2,4,11.7
1933,2,5,5.1
1933,2,6,19.1
1933,2,12,3.6
1933,2,13,28.4
1933,2,14,66
1933,2,15,3
1933,3,4,10.7
1933,3,9,2.8
1933,3,10,5.1
1933,3,12,1.8
1933,3,24,1.3
1933,3,29,0.5
1933,4,24,6.6
1933,4,27,7.9
1933,5,1,0.8
1933,5,27,0.5
1933,5,28,7.9
1933,5,30,2.3
1933,5,31,6.4
1933,6,1,15.2
1933,6,2,19.3
1933,6,3,2.3
1933,7,1,0
1933,8,29,2.8
1933,9,1,0
1933,10,1,0
1933,11,7,0.5
1933,11,23,3.6
1933,11,28,1
1933,11,29,3.8
1933,12,6,0.5
1933,12,8,8.6
1933,12,9,2.5
1933,12,12,10.7
1933,12,13,0.5
1933,12,14,5.8
1933,12,27,2.5
1934,1,6,0.8
1934,1,16,0.8
1934,1,29,1
1934,1,30,8.4
1934,1,31,1.5
1934,2,17,2.8
1934,2,19,1.8
1934,2,27,1
1934,2,28,2.3
1934,3,1,0.5
1934,3,6,1.3
1934,3,7,4.3
1934,3,9,1.3
1934,3,10,1.3
1934,3,12,1.5
1934,3,13,2.8
1934,4,2,3.8
1934,5,1,0
1934,6,23,3.8
1934,6,24,16.8
1934,6,25,0.8
1934,7,27,18.8
1934,7,28,33.5
1934,8,1,14.7
1934,9,26,0.8
1934,10,11,0.8
1934,10,14,4.3
1934,10,18,2
1934,10,21,1.3
1934,10,22,5.1
1934,11,1,37.3
1934,11,6,5.8
1934,11,7,7.9
1934,11,15,2
1934,11,29,1.3
1934,12,1,0
1935,1,1,4.3
1935,1,20,24.4
1935,1,24,1
1935,1,26,3.6
1935,1,27,5.1
1935,2,24,1.3
1935,2,26,13
1935,3,23,17
1935,4,1,0.8
1935,5,1,0
1935,6,29,11.4
1935,7,1,0
1935,8,1,0
1935,9,1,0
1935,10,12,2.5
1935,10,13,0.8
1935,10,18,6.4
1935,11,23,1
1935,12,2,1.3
1936,1,5,31.5
1936,1,10,3.8
1936,1,11,0.8
1936,1,12,7.1
1936,2,22,5.1
1936,2,23,94
1936,2,24,57.2
1936,2,25,0.8
1936,2,28,0.8
1936,2,29,0.8
1936,3,1,5.3
1936,3,2,2
1936,3,3,17.5
1936,3,13,0.8
1936,4,3,3.8
1936,5,2,9.7
1936,5,3,1
1936,5,30,24.9
1936,6,1,0
1936,7,1,0
1936,8,1,0
1936,9,1,0
1936,10,28,5.8
1936,11,5,19.1
1936,11,10,9.4
1936,11,11,1.3
1936,12,3,4.6
1936,12,20,6.1
1936,12,24,1.5
1936,12,28,5.6
1936,12,30,7.1
1937,1,1,21.8
1937,1,2,4.1
1937,1,3,33.8
1937,1,4,1.8
1937,1,7,17.8
1937,1,10,3.8
1937,1,12,36.8
1937,1,13,2.5
1937,1,14,4.1
1937,1,16,23.9
1937,1,17,2
1937,1,18,42.7
1937,1,19,1
1937,1,21,5.8
1937,1,25,2.5
1937,1,26,0.8
1937,1,27,9.1
1937,2,1,0
1937,3,4,8.1
1937,4,26,1.3
1937,4,27,1
1937,5,1,0
1937,6,11,15.2
1937,6,12,11.2
1937,6,14,41.7
1937,6,15,1.8
1937,7,1,0
1937,8,1,0
1937,9,1,0
1937,10,11,8.1
1937,11,29,17.3
1937,11,30,17.5
1937,12,14,10.2
1937,12,26,1.8
1938,1,3,1
1938,1,4,4.1
1938,1,13,7.6
1938,1,15,1.5
1938,1,17,0.5
1938,1,18,2.5
1938,2,4,60.2
1938,2,15,1
1938,2,16,74.7
1938,2,17,7.1
1938,2,18,0.8
1938,2,19,5.1
1938,3,1,0
1938,4,1,0
1938,5,1,0
1938,6,11,1.5
1938,7,2,25.7
1938,7,3,2.8
1938,8,1,0
1938,9,1,0
1938,10,30,2.3
1938,10,31,36.1
1938,11,11,1.3
1938,11,16,2.3
1938,11,28,0.8
1938,12,1,0
1939,1,9,1.8
1939,1,14,108
1939,1,15,17
1939,1,16,22.9
1939,1,19,2
1939,1,21,30.7
1939,1,22,43.2
1939,1,23,16.5
1939,1,27,37.3
1939,2,7,1
1939,2,9,3.3
1939,2,10,13.7
1939,2,11,0.5
1939,2,12,3.8
1939,2,18,44.5
1939,2,20,0.5
1939,2,23,1.3
1939,2,24,5.6
1939,2,26,7.6
1939,3,7,12.7
1939,3,13,0.5
1939,3,20,0.3
1939,3,21,0.3
1939,3,26,0.3
1939,3,30,0.5
1939,4,7,0.8
1939,4,14,14.7
1939,4,15,32
1939,4,16,11.4
1939,4,17,14.2
1939,5,1,0
1939,6,13,0.5
1939,6,14,5.1
1939,6,15,30
1939,6,16,0.8
1939,6,26,0.3
1939,6,30,4.1
1939,7,1,18
1939,7,2,12.7
1939,7,3,0.3
1939,7,21,0.3
1939,7,22,0.8
1939,7,24,0.3
1939,7,25,1.5
1939,7,26,1.5
1939,7,30,1.5
1939,7,31,16.8
1939,8,1,5.6
1939,9,9,1.8
1939,9,20,9.9
1939,10,9,0.3
1939,10,17,14
1939,10,18,4.1
1939,10,19,1.3
1939,11,1,0.8
1939,11,2,3.6
1939,11,3,2.3
1939,11,5,2.5
1939,11,15,0.3
1939,11,16,0.8
1939,11,21,1
1939,11,23,2.8
1939,11,24,6.4
1939,11,26,1
1939,11,27,4.6
1939,12,18,0.5
1939,12,19,5.8
1939,12,22,0.5
1939,12,31,6.6
1940,1,1,0.5
1940,1,4,1.3
1940,1,5,11.7
1940,1,6,27.9
1940,1,7,8.9
1940,1,15,55.9
1940,1,16,15.2
1940,1,17,10.7
1940,1,18,13.2
1940,1,22,16.5
1940,1,29,48.3
1940,1,30,6.6
1940,1,31,1.8
1940,2,1,87.6
1940,2,2,1.3
1940,2,15,6.9
1940,2,16,23.6
1940,2,17,0.5
1940,2,27,6.1
1940,2,28,7.6
1940,3,5,8.6
1940,3,25,1
1940,3,26,67.6
1940,3,27,20.3
1940,3,28,33
1940,4,13,1.8
1940,5,1,0
1940,6,1,0
1940,7,1,0
1940,8,1,0
1940,9,1,0
1940,10,16,1.8
1940,11,11,1.8
1940,11,13,20.1
1940,11,24,1.3
1940,12,8,24.9
1940,12,19,2.5
1940,12,27,1
1940,12,29,7.6
1940,12,31,1.5
1941,1,1,41.9
1941,1,2,14.2
1941,1,3,0.5
1941,1,13,12.2
1941,1,17,4.3
1941,1,19,1.8
1941,2,3,4.3
1941,2,17,57.7
1941,2,18,1.3
1941,3,5,35.6
1941,3,6,15.2
1941,3,7,60.2
1941,3,8,78.2
1941,3,9,24.1
1941,3,10,0.8
1941,3,11,4.6
1941,3,12,40.9
1941,3,21,26.9
1941,3,22,1.3
1941,3,25,28.2
1941,3,26,50.8
1941,3,27,1.8
1941,3,28,4.1
1941,4,1,0
1941,5,24,0.8
1941,5,25,52.8
1941,5,26,1.5
1941,6,8,4.3
1941,6,11,0.3
1941,6,12,5.3
1941,6,13,17
1941,7,1,0
1941,8,1,0
1941,9,1,0
1941,10,28,7.6
1941,10,30,0.5
1941,11,1,0.3
1941,11,3,1
1941,11,4,0.8
1941,11,5,3.8
1941,11,6,4.3
1941,11,10,0.8
1941,11,11,11.4
1941,11,19,6.1
1941,11,21,2
1941,11,27,3.3
1941,11,28,1.3
1941,11,30,37.8
1941,12,1,9.9
1941,12,13,0.8
1941,12,22,1.5
1941,12,23,17.3
1941,12,24,0.5
1941,12,28,1
1941,12,30,3
1942,1,3,1
1942,1,7,3.3
1942,1,8,31
1942,1,9,30.2
1942,1,10,3
1942,1,11,1.3
1942,1,15,1.8
1942,1,16,8.9
1942,1,17,1.3
1942,1,20,5.3
1942,1,21,5.1
1942,1,24,2.5
1942,1,26,5.8
1942,2,2,5.1
1942,2,3,1.5
1942,2,4,1.3
1942,2,8,0.5
1942,2,15,34.8
1942,3,5,8.4
1942,3,12,1.3
1942,4,27,23.4
1942,5,24,2
1942,5,25,29.5
1942,5,26,7.9
1942,5,27,0.5
1942,6,4,1.5
1942,6,5,0.8
1942,7,1,0
1942,8,1,0
1942,9,19,0.5
1942,10,10,1.8
1942,10,11,1.8
1942,10,21,21.1
1942,10,28,2.5
1942,10,29,14.7
1942,10,30,1.8
1942,10,31,10.4
1942,11,3,1.8
1942,11,5,4.3
1942,11,21,18
1942,11,22,75.2
1942,12,6,34.8
1942,12,7,0.5
1942,12,11,10.4
1942,12,12,1.8
1942,12,18,2.3
1942,12,19,2.5
1942,12,22,1
1942,12,24,0.5
1942,12,25,5.3
1942,12,26,1
1942,12,27,0.5
1943,1,15,0.5
1943,1,22,1.3
1943,2,4,26.4
1943,2,7,0.5
1943,2,8,4.8
1943,2,9,0.5
1943,2,15,1
1943,2,19,3.3
1943,3,1,15
1943,3,2,2.3
1943,3,3,1.3
1943,4,12,1
1943,4,23,1.8
1943,5,1,0
1943,6,1,0
1943,7,1,0
1943,8,1,0
1943,9,27,3.8
1943,10,17,1.3
1943,10,18,9.1
1943,10,22,3
1943,11,4,2.5
1943,11,5,0.8
1943,11,18,1.8
1943,11,19,3
1943,12,1,0.5
1943,12,14,8.4
1943,12,16,3.8
1943,12,17,1
1943,12,18,1.3
1943,12,28,3.8
1944,1,24,6.6
1944,1,26,76.7
1944,1,28,3.6
1944,1,29,7.4
1944,1,30,4.3
1944,1,31,8.4
1944,2,1,9.7
1944,2,2,0.8
1944,2,3,7.1
1944,2,4,6.4
1944,2,5,0.8
1944,2,9,36.8
1944,2,13,0.5
1944,2,14,4.3
1944,2,16,43.7
1944,2,17,10.2
1944,3,12,3
1944,3,13,5.3
1944,4,1,0
1944,5,1,0
1944,6,2,43.4
1944,6,3,20.1
1944,6,5,1
1944,7,7,3
1944,8,1,0
1944,9,16,10.7
1944,10,25,1.8
1944,10,26,1.5
1944,10,27,6.6
1944,11,15,0.8
1944,11,16,19.1
1944,12,4,1.3
1944,12,5,2.8
1944,12,6,2.5
1944,12,8,1.5
1944,12,9,9.9
1944,12,17,3
1944,12,18,37.1
1944,12,19,1.3
1944,12,20,3.8
1944,12,21,4.1
1945,1,1,2.8
1945,1,10,1
1945,1,15,1.5
1945,1,16,33.5
1945,1,17,0.8
1945,1,31,1
1945,2,5,3.3
1945,2,6,0.8
1945,2,7,5.3
1945,2,16,2
1945,2,17,7.4
1945,2,18,7.9
1945,2,19,5.3
1945,2,25,8.4
1945,2,26,1.3
1945,2,28,1.3
1945,3,11,1
1945,4,1,0
1945,5,1,0
1945,6,1,0
1945,7,9,0.5
1945,8,1,0
1945,9,1,0
1945,10,24,5.8
1945,10,25,9.1
1945,10,28,1.3
1945,10,30,4.3
1945,11,26,0.5
1945,12,7,1
1945,12,14,26.7
1945,12,15,3.3
1945,12,17,12.7
1945,12,22,3
1945,12,23,7.1
1945,12,24,18.8
1945,12,25,30
1945,12,26,8.9
1945,12,27,0.5
1945,12,28,5.1
1946,1,5,0.5
1946,1,6,5.8
1946,1,14,9.4
1946,1,15,80.8
1946,1,17,4.6
1946,1,18,42.4
1946,1,21,12.4
1946,1,27,1.8
1946,1,28,15.5
1946,1,29,0.5
1946,2,4,3
1946,2,8,1.8
1946,2,12,1.8
1946,2,13,37.6
1946,2,14,58.9
1946,2,15,86.1
1946,2,16,21.1
1946,2,17,16.3
1946,2,18,0.5
1946,2,26,36.6
1946,2,27,1
1946,3,1,0
1946,4,1,0
1946,5,1,0
1946,6,1,0
1946,7,1,0
1946,8,1,0
1946,9,1,0
1946,10,1,0
1946,11,9,1.5
1946,11,18,0.5
1946,11,20,7.9
1946,11,25,1.3
1946,12,1,4.8
1946,12,5,2
1946,12,6,6.4
1946,12,7,4.1
1946,12,20,2.3
1946,12,21,8.1
1946,12,24,45.7
1947,1,5,6.1
1947,1,16,0.5
1947,1,17,1
1947,1,18,1.3
1947,1,25,0.8
1947,1,28,0.5
1947,1,29,8.9
1947,2,9,1
1947,2,16,15.2
1947,2,20,14.7
1947,2,25,1
1947,2,27,12.4
1947,3,2,1.5
1947,3,9,1.8
1947,3,13,1
1947,3,20,0.5
1947,3,21,0.5
1947,3,22,1.3
1947,3,23,1.8
1947,3,24,0.8
1947,3,25,0.8
1947,3,26,0.5
1947,3,29,8.1
1947,4,1,0
1947,5,1,0
1947,6,4,1.8
1947,7,1,0
1947,8,17,18.3
1947,9,2,6.4
1947,9,3,8.9
1947,9,4,2.5
1947,9,5,21.3
1947,9,6,4.8
1947,9,26,2.3
1947,10,15,12.2
1947,10,16,0.5
1947,10,19,0.5
1947,11,2,0.5
1947,11,4,0.5
1947,11,16,14.7
1947,11,17,1.5
1947,11,22,6.1
1947,11,23,1.3
1947,11,26,6.6
1947,11,28,17.3
1947,11,29,3.6
1947,12,1,2
1947,12,2,8.1
1947,12,20,0.8
1947,12,22,1.5
1947,12,23,3
1947,12,24,14.5
1947,12,30,3
1947,12,31,3
1948,1,1,5.1
1948,1,2,6.9
1948,1,13,0.3
1948,1,24,4.6
1948,2,12,0.5
1948,2,15,4.6
1948,2,17,23.1
1948,2,18,1.3
1948,2,19,0.8
1948,2,20,0.8
1948,2,24,3
1948,2,25,31
1948,2,26,1
1948,2,28,1
1948,3,4,0.5
1948,3,5,1.8
1948,3,6,8.1
1948,3,7,8.6
1948,3,10,1.8
1948,3,12,0.8
1948,4,5,1.8
1948,5,1,0
1948,6,1,0
1948,7,12,1.3
1948,7,16,9.4
1948,7,17,0.8
1948,8,1,0
1948,9,1,0
1948,10,10,0.3
1948,11,18,0.5
1948,11,24,0.5
1948,11,26,0.5
1948,11,30,0.5
1948,12,3,4.8
1948,12,4,1.3
1948,12,6,0.5
1948,12,7,3.3
1948,12,14,1
1948,12,16,0.5
1948,12,17,1.3
1948,12,24,0.5
1948,12,25,5.1
1948,12,26,56.9
1948,12,27,13.7
1948,12,29,10.7
1949,1,1,0
1949,2,5,8.9
1949,2,6,35.3
1949,2,7,5.6
1949,2,10,3.6
1949,2,12,5.8
1949,2,19,0.8
1949,2,21,9.1
1949,2,23,4.6
1949,2,24,9.9
1949,2,25,0.5
1949,3,14,5.1
1949,3,15,6.1
1949,3,16,0.3
1949,3,17,2.3
1949,3,18,23.4
1949,3,19,57.7
1949,3,20,12.2
1949,4,1,0
1949,5,1,0
1949,6,1,0
1949,7,1,0
1949,8,1,0
1949,9,7,4.6
1949,9,8,1.5
1949,9,12,0.5
1949,10,10,1.3
1949,10,11,3
1949,11,2,3.6
1949,11,11,0.5
1949,11,13,1.3
1949,11,17,1.3
1949,11,19,14.5
1949,11,27,2.8
1949,12,9,0.3
1949,12,17,8.4
1949,12,18,16.5
1949,12,19,89.7
1949,12,20,6.4
1949,12,21,18
1949,12,22,18
1949,12,23,1
1950,1,8,3.6
1950,1,13,1.5
1950,1,14,17
1950,1,17,0.5
1950,1,19,0.5
1950,1,20,0.5
1950,1,21,18
1950,1,27,2.3
1950,2,3,0.5
1950,2,4,5.8
1950,2,12,1.5
1950,3,15,0.5
1950,3,18,4.3
1950,3,19,1.3
1950,4,9,1
1950,5,25,1
1950,6,6,32.3
1950,6,7,9.4
1950,6,13,1.8
1950,6,14,0.5
1950,7,1,0
1950,8,1,0
1950,9,18,0.8
1950,9,19,0.5
1950,9,25,8.4
1950,9,26,6.1
1950,10,3,0.8
1950,10,5,1.3
1950,10,6,3
1950,10,8,1.5
1950,10,9,0.8
1950,10,10,14.2
1950,10,17,3.3
1950,10,18,14.2
1950,10,19,0.8
1950,10,25,10.7
1950,11,9,1
1950,11,10,0.5
1950,11,11,6.1
1950,11,13,9.7
1950,11,20,18.5
1950,11,21,8.9
1950,12,1,4.3
1950,12,7,0.8
1950,12,13,42.7
1950,12,14,16
1950,12,15,3.8
1950,12,16,0.5
1950,12,17,1.8
1950,12,18,3
1950,12,20,11.9
1950,12,21,1.3
1950,12,29,21.6
1950,12,30,2
1950,12,31,7.1
1951,1,1,0.5
1951,1,5,34
1951,1,6,41.7
1951,1,7,40.9
1951,1,13,0.5
1951,1,14,1.5
1951,1,15,50.3
1951,1,16,112.3
1951,1,17,8.4
1951,1,26,3.3
1951,2,6,4.1
1951,2,9,10.2
1951,2,10,34.5
1951,2,11,22.6
1951,2,12,2
1951,2,13,14.7
1951,2,19,5.3
1951,3,5,1
1951,3,6,2.5
1951,3,9,1
1951,3,12,1.8
1951,4,20,0.5
1951,4,21,2
1951,5,1,0
1951,6,12,8.4
1951,7,1,0
1951,8,1,0
1951,9,23,0.8
1951,10,20,11.7
1951,10,23,0.3
1951,11,7,4.6
1951,11,8,3
1951,11,9,0.8
1951,11,22,0.8
1951,11,24,4.6
1951,12,31,5.3
1952,1,1,2.5
1952,1,2,19.6
1952,1,7,1.5
1952,1,8,3.6
1952,1,15,1.3
1952,1,25,4.1
1952,1,26,18.5
1952,2,20,11.7
1952,2,21,1.3
1952,2,22,6.4
1952,3,1,0
1952,4,18,2.3
1952,5,23,9.1
1952,5,24,4.8
1952,6,1,0
1952,7,1,0
1952,8,28,0.5
1952,9,1,0
1952,10,4,1.3
1952,10,5,0.5
1952,10,24,8.6
1952,10,26,1.8
1952,11,4,1.8
1952,11,5,0.8
1952,11,6,3
1952,11,7,3.8
1952,11,8,31.5
1952,11,25,9.9
1952,11,26,1
1952,12,6,12.4
1952,12,22,11.7
1952,12,23,3.6
1952,12,30,28.7
1953,1,2,15.7
1953,1,3,45
1953,1,4,1
1953,1,5,11.4
1953,1,7,27.4
1953,1,8,1.3
1953,1,9,3.8
1953,1,16,1.3
1953,1,17,13.7
1953,1,18,5.6
1953,1,19,5.1
1953,1,29,7.1
1953,2,3,0.8
1953,2,4,2.5
1953,2,6,61.7
1953,2,7,58.2
1953,2,8,8.1
1953,2,9,2
1953,2,10,0.8
1953,2,13,7.6
1953,3,18,11.4
1953,4,8,0.3
1953,4,30,28.4
1953,5,1,1
1953,6,1,0
1953,7,1,0
1953,8,27,2
1953,9,16,2
1953,10,24,1.3
1953,11,4,1.3
1953,11,5,2
1953,11,26,9.7
1953,11,27,1.5
1953,12,4,12.7
1953,12,7,14
1953,12,8,34.5
1953,12,17,0.5
1953,12,18,0.5
1953,12,24,0.8
1953,12,25,7.6
1953,12,28,6.9
1953,12,29,1.3
1953,12,30,2.8
1953,12,31,24.4
1954,1,1,2.5
1954,1,2,2
1954,1,21,15.5
1954,1,24,7.9
1954,1,27,1.5
1954,1,28,2.5
1954,2,19,0.5
1954,3,3,2
1954,4,15,0.5
1954,4,16,0.5
1954,4,25,7.6
1954,4,26,4.1
1954,5,1,0
1954,6,2,1
1954,7,1,0
1954,8,11,0.5
1954,8,12,1.5
1954,9,3,0.8
1954,10,14,0.8
1954,10,15,29.2
1954,10,16,3.3
1954,10,25,7.1
1954,10,26,34
1954,11,2,0.5
1954,11,14,4.3
1954,11,15,1.3
1954,11,28,11.7
1954,11,29,0.5
1954,11,30,11.2
1954,12,1,6.6
1954,12,2,0.3
1954,12,4,16.5
1954,12,10,7.6
1954,12,12,0.3
1954,12,13,22.9
1954,12,29,0.5
1955,1,3,5.1
1955,1,4,0.5
1955,1,20,3.3
1955,1,21,6.4
1955,1,24,0.5
1955,1,25,2
1955,1,28,8.4
1955,1,29,2
1955,2,9,3.6
1955,2,10,0.8
1955,2,11,6.1
1955,2,12,9.9
1955,2,13,69.6
1955,2,14,8.4
1955,2,20,19.6
1955,3,1,0.8
1955,3,4,10.2
1955,3,5,1.5
1955,3,6,3.8
1955,4,25,28.7
1955,4,26,57.7
1955,4,27,3
1955,5,23,18.3
1955,5,24,9.9
1955,5,25,5.1
1955,5,26,0.3
1955,6,7,1.8
1955,6,8,0.5
1955,6,25,2.8
1955,7,20,6.6
1955,7,21,5.1
1955,7,22,10.7
1955,8,20,6.1
1955,9,1,0
1955,10,18,0.3
1955,10,19,0.3
1955,10,21,0.8
1955,10,29,2.3
1955,10,31,21.6
1955,11,8,2.5
1955,11,19,18
1955,11,24,0.5
1955,11,26,4.3
1955,12,1,0
1956,1,12,6.9
1956,1,15,1.8
1956,1,16,2.5
1956,2,1,4.1
1956,2,6,0.5
1956,2,10,23.4
1956,2,12,0.5
1956,2,13,1.5
1956,2,14,11.9
1956,2,15,4.8
1956,2,17,0.8
1956,2,20,0.8
1956,2,21,6.9
1956,2,22,36.3
1956,2,23,69.3
1956,2,24,53.3
1956,2,25,17.8
1956,2,26,35.1
1956,2,29,13.7
1956,3,30,1.3
1956,4,18,6.4
1956,5,6,3
1956,5,9,8.4
1956,5,10,1
1956,6,22,0.8
1956,6,23,3.3
1956,6,24,5.1
1956,7,10,21.8
1956,7,11,4.6
1956,7,16,8.4
1956,7,21,0.8
1956,8,1,0
1956,9,29,23.9
1956,10,8,0.8
1956,10,9,1.5
1956,10,10,7.9
1956,10,11,4.3
1956,11,2,1.3
1956,11,4,2
1956,11,5,4.1
1956,11,19,2.5
1956,11,26,3.6
1956,12,10,3
1956,12,11,4.3
1956,12,13,0.8
1956,12,14,24.6
1956,12,20,8.1
1956,12,21,1.8
1957,1,7,129
1957,1,8,106.9
1957,1,9,151.9
1957,1,10,0.8
1957,1,15,1.3
1957,2,3,34.5
1957,2,7,3.3
1957,2,16,1
1957,2,28,7.6
1957,3,3,0.5
1957,3,8,6.4
1957,3,9,37.1
1957,4,26,0.5
1957,5,1,0
1957,6,20,4.1
1957,7,23,2.3
1957,7,24,1.8
1957,8,1,0
1957,9,1,0
1957,10,22,12.7
1957,10,28,0.8
1957,10,29,23.1
1957,11,7,1.5
1957,12,11,6.4
1957,12,12,1.3
1957,12,20,1.3
1957,12,22,1.3
1957,12,23,2.3
1957,12,27,0.3
1957,12,30,23.4
1957,12,31,26.2
1958,1,16,0.3
1958,1,24,2.5
1958,1,26,7.9
1958,1,27,0.3
1958,1,28,0.8
1958,1,29,14.2
1958,1,30,7.9
1958,2,9,2.5
1958,2,11,0.8
1958,2,16,1.5
1958,3,9,7.1
1958,3,21,0.3
1958,4,4,0.3
1958,5,15,3.6
1958,5,18,8.4
1958,5,19,58.9
1958,5,20,10.9
1958,5,21,4.8
1958,6,26,0.5
1958,6,27,11.9
1958,7,1,0
1958,8,1,0
1958,9,29,2.5
1958,10,3,1.5
1958,10,4,5.6
1958,10,5,5.1
1958,10,6,0.5
1958,10,10,1
1958,11,6,2
1958,11,11,2
1958,11,21,2.3
1958,11,22,15.2
1958,11,30,1
1958,12,10,1.8
1958,12,11,4.1
1958,12,16,16.5
1958,12,26,6.6
1959,1,6,3
1959,1,8,9.7
1959,1,10,2.3
1959,1,11,20.8
1959,1,12,5.6
1959,1,13,1.3
1959,1,26,0.8
1959,2,5,0.3
1959,2,11,23.1
1959,2,12,1
1959,2,13,10.7
1959,2,14,0.3
1959,2,15,7.1
1959,2,26,0.5
1959,2,27,3.3
1959,3,4,1.3
1959,3,7,0.8
1959,3,30,1.8
1959,4,7,16.5
1959,5,15,10.2
1959,5,16,0.8
1959,5,18,1.3
1959,5,19,26.9
1959,5,20,66.3
1959,5,21,32
1959,5,22,5.8
1959,5,23,1
1959,6,1,0
1959,7,1,0
1959,8,1,0
1959,9,1,0
1959,10,8,17.5
1959,10,9,0.5
1959,10,29,1
1959,11,2,2.3
1959,11,8,4.3
1959,11,30,3.6
1959,12,5,1.3
1959,12,7,2.5
1959,12,8,1
1959,12,23,9.7
1959,12,25,4.1
1960,1,5,0.8
1960,1,8,1.3
1960,1,9,1.3
1960,1,12,55.1
1960,1,13,1.5
1960,1,15,1.3
1960,1,27,29.5
1960,1,29,1.3
1960,2,4,3.6
1960,2,9,3.3
1960,2,12,3.3
1960,2,13,0.5
1960,2,14,0.8
1960,2,18,4.1
1960,3,18,5.8
1960,4,26,8.4
1960,4,27,24.4
1960,4,30,15.7
1960,5,1,2.3
1960,5,5,2.5
1960,5,8,0.8
1960,5,12,20.6
1960,6,1,0
1960,7,1,0
1960,8,1,0
1960,9,20,0.3
1960,9,21,1.8
1960,10,1,0
1960,11,1,1.8
1960,11,15,1.8
1960,11,16,0.5
1960,11,18,15.7
1960,11,19,31
1960,11,20,22.9
1960,11,21,2
1960,12,4,0.8
1960,12,5,1.5
1960,12,12,2
1960,12,13,1.3
1960,12,16,1.5
1960,12,23,1.3
1960,12,24,1
1960,12,25,40.6
1960,12,31,5.3
1961,1,1,2
1961,1,2,15.5
1961,1,19,2
1961,1,30,4.6
1961,2,5,8.9
1961,2,9,1
1961,2,14,0.8
1961,2,16,10.9
1961,2,17,5.8
1961,2,25,7.4
1961,2,26,1.3
1961,3,1,0
1961,4,12,8.4
1961,4,17,2.5
1961,4,20,1.5
1961,4,21,6.6
1961,4,22,11.2
1961,4,24,2
1961,5,1,0
1961,6,1,0
1961,7,1,0
1961,8,1,0
1961,9,1,0
1961,10,1,0
1961,11,2,2
1961,11,8,0.3
1961,11,9,6.1
1961,11,10,10.9
1961,11,30,1
1961,12,7,0.5
1961,12,8,1
1961,12,12,0.8
1961,12,13,11.9
1961,12,17,3.8
1962,1,1,2.3
1962,1,5,1
1962,1,6,6.4
1962,1,12,10.7
1962,1,13,2.8
1962,1,14,47.5
1962,1,15,3.6
1962,1,16,3
1962,1,18,10.4
1962,1,19,18.5
1962,1,20,26.2
1962,1,24,26.9
1962,1,25,1.8
1962,1,26,10.7
1962,1,27,11.9
1962,1,30,2.8
1962,2,2,3.3
1962,2,11,6.9
1962,2,16,3
1962,2,27,17.5
1962,2,28,3.6
1962,3,2,1.8
1962,3,3,6.1
1962,3,29,1
1962,3,30,0.3
1962,4,2,0.5
1962,5,26,1
1962,5,27,10.2
1962,6,4,12.4
1962,6,5,7.1
1962,6,9,0.5
1962,7,1,0
1962,8,10,0.3
1962,9,1,0
1962,10,19,2
1962,10,23,7.4
1962,10,24,1.8
1962,10,26,0.8
1962,10,29,3
1962,11,18,5.1
1962,12,1,4.3
1962,12,2,8.9
1962,12,3,1.8
1962,12,20,1.5
1962,12,27,2.8
1962,12,28,2
1962,12,30,6.6
1963,1,6,23.1
1963,1,14,0.8
1963,1,15,6.9
1963,1,21,22.9
1963,1,22,0.5
1963,1,23,1.3
1963,1,26,6.6
1963,1,27,0.8
1963,1,28,7.4
1963,1,30,24.4
1963,1,31,0.5
1963,2,1,2.8
1963,2,2,3.6
1963,2,3,40.9
1963,2,9,1.5
1963,2,14,16
1963,2,15,13
1963,2,16,29
1963,2,23,1
1963,2,24,0.3
1963,3,7,3.6
1963,3,20,0.8
1963,3,21,3.6
1963,4,7,4.8
1963,4,9,1
1963,5,1,0
1963,6,1,0
1963,7,1,0
1963,8,1,0
1963,9,17,3
1963,10,27,4.6
1963,10,28,1
1963,10,29,0.3
1963,11,9,0.5
1963,12,5,0.3
1963,12,30,0.3
1963,12,31,4.1
1964,1,1,3.6
1964,1,6,15
1964,1,7,2.5
1964,1,12,9.4
1964,1,13,12.4
1964,1,14,14
1964,1,25,18.8
1964,2,1,5.1
1964,2,2,5.6
1964,2,6,0.3
1964,2,8,0.8
1964,3,23,5.1
1964,3,30,1
1964,3,31,1.8
1964,4,1,0
1964,5,29,0.5
1964,5,30,2.3
1964,6,1,0
1964,7,1,0
1964,8,1,0
1964,9,25,0.8
1964,9,26,6.6
1964,9,27,6.9
1964,9,28,7.1
1964,10,1,0.8
1964,10,2,5.8
1964,10,5,2
1964,10,8,7.1
1964,10,9,22.1
1964,10,10,0.5
1964,10,14,4.6
1964,10,18,1
1964,11,10,2.3
1964,11,22,3
1964,11,27,1.8
1964,11,28,3
1964,12,17,1.5
1964,12,19,0.8
1964,12,20,7.6
1964,12,23,0.8
1964,12,24,5.6
1964,12,25,22.9
1964,12,28,0.5
1964,12,29,3.3
1965,1,10,13.5
1965,1,12,0.8
1965,1,19,2.5
1965,1,30,0.3
1965,2,7,1
1965,3,2,3.8
1965,3,3,93
1965,3,4,6.4
1965,3,5,25.1
1965,3,6,5.3
1965,3,7,6.4
1965,3,8,91.7
1965,3,9,54.4
1965,3,10,2.8
1965,4,1,0
1965,5,1,0
1965,6,16,1.3
1965,6,17,0.3
1965,7,1,0
1965,8,16,2
1965,9,1,0
1965,10,26,3.6
1965,11,21,2.5
1965,11,22,1
1965,12,4,2
1965,12,5,0.5
1965,12,7,8.4
1965,12,12,19.1
1965,12,14,10.7
1965,12,22,3
1965,12,23,17.5
1965,12,24,3
1965,12,31,3.8
1966,1,12,0.3
1966,1,13,1.5
1966,1,18,1
1966,1,19,27.9
1966,1,20,53.1
1966,1,21,57.4
1966,1,22,11.4
1966,1,23,8.6
1966,1,24,1.3
1966,1,31,11.2
1966,2,12,1.5
1966,2,13,5.3
1966,2,15,0.5
1966,2,17,0.5
1966,3,8,9.7
1966,4,1,0
1966,5,4,2
1966,5,31,1.3
1966,6,4,0.3
1966,6,7,2.3
1966,7,1,0
1966,8,3,0.3
1966,8,7,2
1966,8,17,2.5
1966,8,18,1
1966,8,19,14.2
1966,9,23,0.3
1966,9,24,7.4
1966,9,25,0.8
1966,9,27,0.5
1966,10,1,8.4
1966,10,2,9.9
1966,10,14,4.6
1966,10,18,1.5
1966,10,19,5.1
1966,11,1,2
1966,11,4,0.5
1966,11,7,3
1966,11,11,8.9
1966,11,12,25.7
1966,11,26,9.4
1966,11,30,0.5
1966,12,2,0.8
1966,12,3,1
1966,12,13,12.7
1966,12,14,12.4
1966,12,25,0.8
1966,12,29,5.3
1967,1,16,2
1967,1,21,2
1967,1,26,0.8
1967,1,27,0.8
1967,1,28,3.8
1967,1,29,5.8
1967,2,4,4.6
1967,2,5,47.2
1967,2,6,12.7
1967,2,7,11.7
1967,2,8,15.7
1967,2,9,1.3
1967,2,10,19.6
1967,2,11,3.8
1967,2,12,23.4
1967,2,13,13.2
1967,2,14,3.8
1967,2,15,35.3
1967,2,16,52.3
1967,2,17,5.6
1967,2,20,4.8
1967,2,22,2.3
1967,2,23,1.3
1967,2,24,53.6
1967,2,25,4.8
1967,3,2,10.2
1967,3,3,6.6
1967,3,4,54.1
1967,3,5,6.4
1967,3,6,65
1967,3,7,4.1
1967,3,8,0.5
1967,3,14,6.4
1967,4,1,0
1967,5,1,0
1967,6,1,0
1967,7,1,0
1967,8,1,0
1967,9,1,0
1967,10,29,7.1
1967,11,26,1.8
1967,11,30,1.8
1967,12,2,0.5
1967,12,3,35.1
1967,12,28,0.8
1967,12,29,17.8
1967,12,30,11.4
1968,1,2,11.7
1968,1,4,8.6
1968,1,19,7.6
1968,1,20,11.4
1968,1,21,12.2
1968,1,22,34.5
1968,1,23,38.6
1968,1,25,1
1968,2,7,3.3
1968,2,9,0.8
1968,2,12,4.6
1968,2,13,1.8
1968,2,19,1
1968,2,21,0.3
1968,2,26,3.3
1968,2,27,32.3
1968,2,28,36.3
1968,2,29,41.4
1968,3,1,14.7
1968,3,2,1.5
1968,3,3,1.5
1968,3,18,7.6
1968,4,28,3.6
1968,4,29,1
1968,5,9,15.5
1968,5,10,7.6
1968,5,11,41.1
1968,5,12,69.3
1968,5,13,0.5
1968,5,21,16.5
1968,5,22,13.5
1968,5,26,8.4
1968,6,1,0
1968,7,13,15
1968,7,14,21.8
1968,7,15,1.3
1968,7,16,0.5
1968,7,17,0.3
1968,7,18,2.5
1968,8,12,1.3
1968,9,8,0.5
1968,10,1,0
1968,11,8,1.3
1968,11,14,0.3
1968,11,26,0.3
1968,12,4,0.5
1968,12,17,1.3
1968,12,21,41.9
1969,1,9,2.5
1969,1,12,6.9
1969,1,15,1.3
1969,1,26,3.8
1969,1,27,0.3
1969,2,4,0.3
1969,2,5,2
1969,2,6,12.4
1969,2,7,17.8
1969,2,8,0.5
1969,2,9,1.5
1969,2,10,1
1969,2,14,10.7
1969,2,18,8.9
1969,2,22,0.5
1969,2,23,26.4
1969,2,25,5.8
1969,3,2,6.9
1969,3,6,1.8
1969,3,7,1.3
1969,3,11,11.9
1969,3,15,23.6
1969,3,24,0.5
1969,3,25,0.3
1969,3,26,6.1
1969,4,1,0
1969,5,25,0.3
1969,5,26,0.5
1969,5,31,0.3
1969,6,1,0
1969,7,9,4.3
1969,8,1,0
1969,9,1,0
1969,10,16,37.3
1969,10,25,2.8
1969,10,27,3.6
1969,11,4,0.3
1969,11,5,1.8
1969,11,6,8.1
1969,11,17,0.8
1969,12,1,1.5
1969,12,2,2.8
1969,12,7,0.8
1969,12,10,0.3
1969,12,11,18.8
1969,12,12,25.1
1969,12,14,14
1969,12,15,0.5
1969,12,16,1
1970,1,10,1
1970,1,11,1
1970,1,13,0.5
1970,1,21,2
1970,1,27,12.2
1970,2,7,1.3
1970,2,8,2.3
1970,2,9,0.8
1970,2,17,3
1970,3,4,2.5
1970,3,6,2.8
1970,3,7,8.6
1970,3,8,0.5
1970,3,9,27.2
1970,3,10,1.3
1970,3,14,0.3
1970,3,18,5.8
1970,4,14,0.8
1970,4,21,4.6
1970,4,22,11.2
1970,4,23,7.6
1970,5,23,0.8
1970,6,1,0
1970,7,1,0
1970,8,1,0
1970,9,14,11.4
1970,10,9,8.6
1970,10,10,0.8
1970,11,7,4.1
1970,11,8,4.1
1970,11,10,4.1
1970,11,15,3.6
1970,11,25,2.7
1970,11,27,4.4
1970,11,28,0.9
1970,12,3,2
1970,12,5,19.4
1970,12,6,11.5
1970,12,7,2.8
1970,12,19,0.3
1970,12,24,6.6
1971,1,14,1.5
1971,1,17,0.5
1971,1,26,1.3
1971,1,28,6.4
1971,2,8,5.8
1971,2,9,0.5
1971,3,3,3
1971,3,13,3.3
1971,3,18,6.4
1971,3,19,32.3
1971,3,20,7.4
1971,3,29,0.8
1971,3,30,0.5
1971,4,1,30
1971,4,2,3.6
1971,4,3,3.6
1971,4,8,1.5
1971,4,13,13.5
1971,4,14,2.8
1971,4,15,0.5
1971,5,1,0
1971,6,1,0
1971,7,12,0.5
1971,7,13,8.9
1971,8,25,3.6
1971,9,1,0
1971,10,22,6.9
1971,10,27,5.6
1971,11,2,1
1971,11,6,1.5
1971,11,18,13.2
1971,11,19,12.7
1971,11,25,10.4
1971,11,29,14.2
1971,12,7,5.1
1971,12,11,43.9
1971,12,12,13.4
1971,12,13,13.4
1971,12,14,68.6
1971,12,15,2.8
1972,1,10,3
1972,2,17,12.7
1972,2,18,0.8
1972,2,25,0.5
1972,2,28,23.4
1972,2,29,12.2
1972,3,1,22.1
1972,3,2,5.8
1972,3,3,27.7
1972,3,4,3.6
1972,3,6,15
1972,3,7,27.2
1972,3,8,21.6
1972,3,13,1
1972,4,18,1.5
1972,5,5,2.3
1972,6,1,0
1972,7,1,0
1972,8,1,0
1972,9,1,0
1972,10,1,0
1972,11,10,0.3
1972,11,11,0.3
1972,11,20,0.8
1972,11,23,1.5
1972,11,27,20.6
1972,12,1,0
1973,1,3,4.1
1973,1,8,1.5
1973,1,11,1
1973,1,12,0.5
1973,1,13,9.4
1973,1,15,31
1973,1,16,1.3
1973,1,27,1.8
1973,1,30,7.6
1973,1,31,33.3
1973,2,1,32.5
1973,2,2,5.8
1973,2,3,0.8
1973,2,5,18.5
1973,2,6,33
1973,2,7,32
1973,2,17,0.5
1973,2,19,10.2
1973,2,22,7.6
1973,2,23,0.3
1973,3,9,1
1973,3,20,0.8
1973,3,26,1.8
1973,3,27,4.1
1973,3,29,0.5
1973,4,1,0
1973,5,1,0
1973,6,15,47.2
1973,6,16,33.8
1973,6,18,1.8
1973,7,1,0
1973,8,9,4.3
1973,9,22,28.4
1973,10,19,11.2
1973,10,25,14.2
1973,10,26,1
1973,11,1,3.6
1973,11,3,6.1
1973,11,6,1.5
1973,11,10,5.6
1973,11,12,6.6
1973,11,22,0.8
1973,11,23,1
1973,11,24,1
1973,11,26,8.9
1973,12,17,52.3
1973,12,18,3
1973,12,19,34
1973,12,20,8.1
1973,12,28,6.1
1973,12,31,29.5
1974,1,2,12.4
1974,1,4,12.4
1974,1,6,25.9
1974,1,7,25.9
1974,1,8,40
1974,1,9,4.4
1974,1,10,6.8
1974,1,11,2.6
1974,1,12,2.2
1974,1,16,67.8
1974,1,17,0.4
1974,1,21,3.2
1974,1,22,0.2
1974,1,23,8
1974,1,24,25
1974,1,25,9
1974,1,26,3
1974,1,29,32.8
1974,1,30,0.4
1974,2,1,12
1974,2,7,1.8
1974,2,11,9
1974,2,18,46.6
1974,2,19,12.4
1974,2,20,6.8
1974,2,25,9.8
1974,2,26,21.4
1974,2,27,37.2
1974,3,4,0.4
1974,3,5,4.2
1974,3,6,0.6
1974,3,7,12.8
1974,3,8,1
1974,3,11,18.2
1974,3,12,8.6
1974,3,18,1
1974,3,25,2
1974,3,28,4.2
1974,4,1,1.4
1974,4,24,9.6
1974,5,7,3.4
1974,5,9,5.4
1974,6,1,0
1974,7,1,0
1974,8,22,4.8
1974,8,23,8.8
1974,8,28,1.4
1974,8,30,0.6
1974,9,5,1
1974,9,9,1.2
1974,9,10,1.6
1974,9,22,0.4
1974,9,26,1.8
1974,10,4,1.2
1974,10,7,20.4
1974,10,14,13.2
1974,10,25,7
1974,11,11,41.4
1974,11,12,31
1974,11,13,2.6
1974,11,15,13.4
1974,11,21,10.4
1974,11,26,1.4
1974,12,17,6
1974,12,18,13.2
1975,1,9,12.6
1975,1,28,14
1975,1,31,3.2
1975,2,10,6
1975,2,12,1.6
1975,2,13,17.8
1975,2,14,7.9
1975,2,17,76.1
1975,2,18,35
1975,2,19,22.1
1975,2,20,1.8
1975,2,21,1.4
1975,2,24,26.4
1975,2,25,1.2
1975,3,17,18
1975,3,19,21.4
1975,4,1,0
1975,5,1,0
1975,6,1,0
1975,7,1,0
1975,8,1,0
1975,9,12,7.6
1975,9,15,32.8
1975,9,16,2
1975,9,29,10.8
1975,9,30,3
1975,10,1,6.8
1975,10,20,1.2
1975,10,21,3.4
1975,10,29,47.1
1975,10,30,1
1975,10,31,17.4
1975,11,6,11.9
1975,11,10,24
1975,12,5,2
1975,12,8,2
1975,12,17,20.9
1975,12,18,26.2
1976,1,2,4
1976,1,5,2.4
1976,1,7,18.4
1976,1,8,2
1976,1,12,23.6
1976,1,14,16.6
1976,1,15,6.8
1976,2,4,9.4
1976,2,5,70.6
1976,2,6,31.8
1976,2,9,50
1976,2,10,106
1976,2,11,0.6
1976,2,16,17.8
1976,2,17,15.2
1976,2,18,7.2
1976,2,27,3.4
1976,3,1,2.2
1976,3,12,14.2
1976,3,15,7
1976,3,17,0.6
1976,3,18,23.8
1976,3,19,6.8
1976,4,1,0
1976,5,1,0
1976,6,1,0
1976,7,1,0
1976,8,1,0
1976,9,1,0
1976,10,6,20.6
1976,10,13,7
1976,10,20,8.6
1976,10,21,7.1
1976,11,12,1.8
1976,11,13,2.6
1976,11,14,17.2
1976,11,15,1.2
1976,11,19,0.6
1976,11,25,2.8
1976,12,11,20
1976,12,15,0.2
1976,12,26,21
1976,12,27,3
1977,1,1,2
1977,1,12,7
1977,1,13,11.6
1977,1,17,31.8
1977,1,21,10.2
1977,1,25,13.4
1977,1,26,8.8
1977,1,27,4.4
1977,2,12,2.7
1977,2,13,0.1
1977,2,14,28.7
1977,2,15,0.1
1977,2,16,25.1
1977,2,17,2.2
1977,2,18,12.4
1977,2,19,13.5
1977,2,20,0.4
1977,2,21,34.3
1977,2,22,1.9
1977,2,23,17.2
1977,2,24,8.7
1977,2,25,26.1
1977,2,26,0.1
1977,2,27,7.2
1977,3,7,26.4
1977,3,16,12.8
1977,3,22,82.2
1977,3,30,25.2
1977,4,1,0
1977,5,13,8
1977,5,16,29.1
1977,6,1,0
1977,7,1,0
1977,8,1,0
1977,9,1,0
1977,10,1,0
1977,11,21,17.8
1977,11,29,46.4
1977,11,30,6.5
1977,12,2,1.7
1977,12,3,0.2
1977,12,10,3.5
1977,12,12,2.9
1977,12,15,0.1
1977,12,16,17.7
1977,12,17,23.9
1977,12,18,21.9
1977,12,19,24.9
1977,12,20,4.9
1977,12,21,3.2
1978,1,5,45.4
1978,1,7,0.2
1978,1,16,1.4
1978,1,17,4.3
1978,1,18,0.4
1978,1,20,5.3
1978,1,21,2.2
1978,1,24,5.3
1978,1,25,14.1
1978,1,26,5.1
1978,1,27,2.6
1978,1,28,23.1
1978,2,10,3.2
1978,2,19,16.2
1978,2,20,0.4
1978,2,21,4.2
1978,2,22,0.6
1978,2,25,1.4
1978,3,30,20
1978,3,31,4.6
1978,4,1,0
1978,5,10,15.4
1978,5,11,9.2
1978,5,18,5
1978,5,25,5
1978,5,26,4
1978,5,31,15.4
1978,6,8,1.5
1978,6,9,2.7
1978,6,11,4.3
1978,6,12,0.1
1978,7,2,0.5
1978,7,9,36
1978,7,10,6.5
1978,8,14,3.8
1978,8,15,2.2
1978,9,4,4
1978,9,5,0.2
1978,9,6,0.2
1978,9,25,0.2
1978,9,26,3
1978,9,28,1.7
1978,10,27,1.4
1978,10,30,15.8
1978,11,8,2
1978,11,10,2.8
1978,11,19,5.5
1978,11,20,5.5
1978,11,26,1.2
1978,11,27,1.2
1978,12,4,19.4
1978,12,5,3.3
1978,12,12,12.9
1978,12,13,4
1978,12,23,5.1
1979,1,8,15.4
1979,1,15,76.2
1979,1,16,10
1979,1,17,17.6
1979,1,25,3
1979,2,5,6
1979,2,12,21.2
1979,2,13,14.2
1979,2,14,1
1979,2,16,4.2
1979,2,19,0.8
1979,2,26,1
1979,2,27,8.4
1979,2,28,14.4
1979,3,1,2
1979,3,2,2.8
1979,3,5,25.8
1979,4,1,0
1979,5,5,4.7
1979,5,6,4.7
1979,5,7,4.7
1979,5,14,1.6
1979,6,26,8
1979,6,27,2.4
1979,7,1,0
1979,8,8,1.6
1979,8,10,0.8
1979,9,5,1
1979,9,29,28.5
1979,10,19,0.4
1979,10,25,5.2
1979,11,20,2.8
1979,11,23,0.2
1979,12,31,2
1980,1,1,4.5
1980,1,2,4.5
1980,1,3,16
1980,1,4,55.5
1980,1,11,8.5
1980,1,12,3.1
1980,1,13,3.1
1980,1,14,3.1
1980,1,30,11.6
1980,2,2,7.3
1980,2,3,7.3
1980,2,4,7.3
1980,2,5,6
1980,2,6,1.4
1980,2,7,13.4
1980,2,9,1.7
1980,2,10,1.7
1980,2,11,1.7
1980,2,12,7.4
1980,2,13,3.6
1980,2,22,3.6
1980,3,1,0
1980,4,18,1.2
1980,4,22,5.1
1980,4,23,16.2
1980,4,30,0.4
1980,5,1,0
1980,6,1,0
1980,7,1,0
1980,8,1,0
1980,9,1,0
1980,10,13,10.8
1980,10,14,0.6
1980,10,21,0.2
1980,10,23,2.8
1980,11,7,4.2
1980,11,24,3
1980,11,28,4.8
1980,12,1,4.2
1980,12,2,1.4
1980,12,15,0.4
1980,12,16,2.3
1980,12,30,4
1981,1,17,18.5
1981,1,18,18.5
1981,1,19,18.5
1981,1,20,6.3
1981,1,21,6.8
1981,1,22,9.8
1981,1,23,125
1981,1,25,23.1
1981,1,26,23.1
1981,1,27,23.1
1981,1,28,2
1981,2,11,8
1981,2,12,4.8
1981,2,13,21
1981,2,19,7.2
1981,2,20,11.8
1981,2,23,14
1981,3,1,0
1981,4,1,0
1981,5,1,0
1981,6,1,0
1981,7,1,0
1981,8,24,2.4
1981,9,28,3.6
1981,9,29,8.8
1981,10,29,6.8
1981,11,9,3
1981,11,16,17.4
1981,11,17,1.2
1981,11,18,10.8
1981,11,19,29.6
1981,11,26,19.2
1981,11,30,6
1981,12,1,0
1982,1,4,7.2
1982,1,7,1
1982,1,18,49
1982,1,19,10
1982,1,26,136.2
1982,2,8,34.8
1982,2,9,23.8
1982,2,10,62.2
1982,2,11,18.6
1982,2,12,2.4
1982,2,16,3.2
1982,2,18,18
1982,2,22,24.8
1982,2,24,4.6
1982,3,8,5.6
1982,3,19,11.2
1982,3,20,6.8
1982,3,21,24.6
1982,3,22,43.6
1982,3,23,59.4
1982,3,24,10.8
1982,3,25,18.2
1982,4,28,1.4
1982,5,1,0
1982,6,1,0
1982,7,1,0
1982,8,1,0
1982,9,1,0
1982,10,1,0
1982,11,17,30
1982,11,23,11
1982,12,2,1.6
1982,12,6,0.3
1982,12,13,0.3
1982,12,14,3.5
1982,12,15,0.7
1982,12,19,1.5
1982,12,25,0.6
1982,12,26,12.2
1982,12,28,1.9
1982,12,29,9.4
1982,12,30,0.6
1983,1,1,0
1983,2,24,47.2
1983,3,4,13.6
1983,3,11,61
1983,3,14,44.7
1983,3,15,19
1983,3,16,4.4
1983,3,18,16.1
1983,3,25,1.4
1983,4,12,17.8
1983,5,1,0
1983,6,1,0
1983,7,1,0
1983,8,1,0
1983,9,1,0
1983,10,11,2.4
1983,10,13,2.2
1983,10,31,17.6
1983,11,28,2.4
1983,12,5,3.6
1983,12,6,2.6
1984,1,3,37.2
1984,1,5,22.2
1984,1,6,12
1984,1,9,36
1984,1,10,8.2
1984,1,11,10.4
1984,1,12,20.8
1984,1,13,2
1984,1,17,4.6
1984,1,23,1.4
1984,1,24,32.8
1984,1,25,4.2
1984,1,27,24.8
1984,2,15,9.4
1984,2,16,1.4
1984,2,17,12.2
1984,2,27,10.4
1984,3,6,11
1984,3,7,54.2
1984,3,8,13
1984,3,12,3.6
1984,3,13,1
1984,3,14,13.8
1984,3,15,1.5
1984,3,20,11
1984,3,26,94.6
1984,4,16,95
1984,5,1,0
1984,6,1,0
1984,7,16,22.2
1984,8,24,3.2
1984,8,27,4.2
1984,9,12,20.6
1984,9,13,3
1984,9,17,22.4
1984,10,3,3.8
1984,10,4,11
1984,10,5,1
1984,10,8,1.8
1984,11,23,3.4
1984,12,11,3.4
1984,12,12,17.6
1984,12,17,13.4
1984,12,18,5.2
1984,12,19,30.2
1984,12,20,12.2
1985,1,29,1.6
1985,2,4,1.8
1985,2,5,8
1985,2,6,20
1985,2,7,0.8
1985,2,8,43
1985,2,18,8.4
1985,3,14,1.4
1985,3,15,2.4
1985,3,18,7.4
1985,3,19,18.6
1985,3,28,3.6
1985,3,29,2.8
1985,4,15,1.4
1985,4,16,0.6
1985,5,27,0.6
1985,6,3,25.2
1985,7,1,0
1985,8,1,0
1985,9,1,0
1985,10,14,0.6
1985,10,16,2.2
1985,10,22,0.2
1985,10,25,1.4
1985,10,30,6
1985,10,31,9.2
1985,11,1,2.4
1985,11,6,0.2
1985,11,25,4
1985,11,26,2.2
1985,12,1,25.3
1985,12,2,25.3
1985,12,6,8.2
1985,12,28,17.6
1985,12,29,17.6
1985,12,30,17.6
1986,1,3,11.2
1986,2,11,2.2
1986,3,3,4.2
1986,4,13,2.7
1986,4,14,2.7
1986,5,6,2.2
1986,5,7,20.2
1986,5,8,0.6
1986,6,20,7.4
1986,6,23,0.6
1986,7,1,28.6
1986,7,2,5.2
1986,8,1,0
1986,9,16,0.8
1986,9,24,2
1986,9,25,1
1986,9,26,0.2
1986,10,6,1.8
1986,10,8,4.2
1986,10,16,1.4
1986,10,17,0.4
1986,10,20,0.4
1986,10,22,14.8
1986,10,23,21.4
1986,11,1,0
1986,12,2,16.4
1986,12,3,1.8
1987,1,9,10
1987,1,13,5
1987,1,14,1.2
1987,1,16,4.8
1987,1,22,1.4
1987,1,23,0.8
1987,1,27,47.4
1987,1,30,14.8
1987,2,2,25.8
1987,2,3,11
1987,2,4,23
1987,2,6,0.8
1987,2,19,0.9
1987,2,20,1
1987,2,22,19
1987,2,23,13.4
1987,2,24,1.5
1987,2,25,14.4
1987,2,27,41
1987,3,2,0.5
1987,4,28,3.6
1987,4,29,2.4
1987,5,1,0
1987,6,1,0
1987,7,1,0
1987,8,1,0
1987,9,8,1.2
1987,10,1,0
1987,11,6,2.6
1987,11,23,6.6
1987,11,25,11
1987,12,1,1
1987,12,22,6
1987,12,23,18.4
1988,1,29,65.8
1988,2,6,35.2
1988,3,30,55
1988,3,31,5.2
1988,4,1,19
1988,4,3,1.8
1988,5,17,2
1988,6,1,0
1988,7,1,0
1988,8,18,11
1988,9,5,5.4
1988,10,1,0
1988,11,10,1
1988,11,22,3
1988,11,23,4
1988,11,25,4.4
1988,12,1,8.2
1988,12,5,0.3
1988,12,6,5.8
1988,12,12,26.2
1988,12,16,0.4
1988,12,26,3.4
1988,12,27,31
1989,1,1,0
1989,2,1,1.2
1989,3,10,18.4
1989,3,11,12
1989,3,12,26
1989,3,15,18.4
1989,3,16,1.6
1989,3,20,22.6
1989,3,21,1
1989,3,22,8.6
1989,3,23,23.6
1989,3,26,6.4
1989,4,9,6
1989,4,29,14.4
1989,4,30,3.6
1989,5,1,0
1989,6,1,0
1989,7,1,0
1989,8,1,0
1989,9,26,2
1989,10,15,6.2
1989,10,23,3.8
1989,10,27,0.8
1989,11,18,23.8
1989,11,19,22.8
1989,12,2,4.2
1989,12,3,0.8
1989,12,11,9
1989,12,13,5.2
1989,12,14,39
1989,12,22,3.4
1989,12,28,1.2
1990,1,5,1
1990,1,8,13.8
1990,1,9,10.4
1990,1,10,10.6
1990,1,11,1.4
1990,1,20,20.4
1990,1,22,1.8
1990,1,24,5.4
1990,1,31,2.8
1990,2,22,1.2
1990,2,23,1.8
1990,2,25,3.6
1990,2,26,0.4
1990,3,4,3.6
1990,3,6,8
1990,3,7,0.6
1990,4,15,11.4
1990,4,16,6.6
1990,4,17,12.2
1990,4,18,6.4
1990,4,19,1.8
1990,5,20,1.2
1990,5,21,11
1990,5,22,11.4
1990,6,1,0
1990,7,1,0
1990,8,1,0
1990,9,1,12
1990,9,2,16.2
1990,10,16,0.2
1990,10,19,9.2
1990,10,20,7
1990,11,1,1.4
1990,11,10,0.2
1990,11,19,6.2
1990,11,30,4.4
1990,12,2,5.4
1990,12,4,1.6
1990,12,8,1.6
1990,12,9,16.2
1990,12,10,0.4
1991,1,17,12.6
1991,1,18,2.4
1991,1,19,19.8
1991,1,20,34.6
1991,1,21,2.4
1991,1,22,2.6
1991,1,23,0.9
1991,1,24,17.4
1991,1,27,35
1991,1,29,3
1991,2,4,21
1991,2,5,6.1
1991,2,6,1.2
1991,2,7,3.2
1991,2,8,6.3
1991,2,11,9.8
1991,2,12,5.9
1991,2,13,15.2
1991,2,14,15.6
1991,2,15,20
1991,2,18,7.9
1991,2,20,55.6
1991,2,21,61.4
1991,2,22,15.8
1991,2,23,30.4
1991,3,1,0
1991,4,2,5.2
1991,5,1,0
1991,6,1,0
1991,7,8,6.2
1991,7,22,2
1991,8,1,0
1991,9,1,0
1991,10,1,0
1991,11,12,19.8
1991,11,20,6.8
1991,12,21,22
1992,1,1,0.3
1992,1,4,0.2
1992,1,22,6.9
1992,1,23,0.3
1992,1,24,2.5
1992,1,26,0.5
1992,1,27,14.7
1992,1,31,7.4
1992,2,1,9.5
1992,2,2,20
1992,2,3,3.4
1992,2,4,1.5
1992,2,5,2.3
1992,2,8,0.2
1992,2,24,2.3
1992,3,2,0.2
1992,3,12,0.1
1992,4,14,0.1
1992,5,11,0.6
1992,5,15,2.2
1992,5,16,15.5
1992,5,17,12.8
1992,5,18,0.4
1992,6,1,0
1992,7,1,0
1992,8,1,0
1992,9,1,0.2
1992,9,2,0.3
1992,9,15,0.3
1992,10,1,0.2
1992,10,2,0.9
1992,10,4,1.6
1992,10,28,7
1992,10,30,2.8
1992,10,31,17
1992,11,17,0.8
1992,11,18,4.8
1992,11,23,0.4
1992,12,3,10.4
1992,12,4,5.6
1992,12,12,5
1992,12,15,12
1992,12,19,1.7
1992,12,20,1.7
1992,12,21,1.7
1993,1,5,8
1993,1,16,1.7
1993,1,17,1.7
1993,1,18,1.7
1993,1,20,52.1
1993,1,27,3.7
1993,1,28,3.7
1993,1,29,17.4
1993,1,30,6.3
1993,1,31,66.1
1993,2,1,16.4
1993,2,2,41
1993,2,3,7.6
1993,2,4,19
1993,2,14,0.4
1993,2,15,14
1993,2,16,111.8
1993,2,17,28.4
1993,2,18,57.2
1993,2,19,2.4
1993,2,21,8.2
1993,2,22,21.2
1993,2,23,5.2
1993,2,24,1.6
1993,2,25,0.6
1993,2,26,14
1993,2,27,11.2
1993,3,1,13.4
1993,3,26,15.2
1993,4,20,0.9
1993,5,12,17.8
1993,5,13,11.6
1993,6,13,1.7
1993,6,14,1.7
1993,6,15,1.7
1993,7,1,0
1993,8,1,0
1993,9,22,0.4
1993,9,28,0.8
1993,10,19,4
1993,10,20,8.8
1993,11,15,0.8
1993,11,16,26.4
1993,11,19,1.6
1993,11,20,4.4
1993,11,21,11.2
1993,11,22,0.8
1993,12,8,0.2
1993,12,15,3.9
1993,12,16,3.9
1993,12,22,30.4
1993,12,23,99.4
