1887,1,7,27.1
1887,1,14,27.1
1887,1,21,27.1
1887,2,2,31.8
1887,2,3,6.4
1887,2,4,1.3
1887,2,5,14
1887,2,6,3.8
1887,2,7,3.6
1887,2,8,20.3
1887,2,14,16.5
1887,2,15,2.5
1887,2,24,5.1
1887,2,25,43.2
1887,2,27,12.7
1887,2,28,1.5
1887,3,7,52.1
1887,3,14,52.1
1887,3,21,52.1
1887,4,7,12.4
1887,4,14,12.4
1887,4,21,12.4
1887,5,16,10.7
1887,5,22,11.2
1887,5,26,1
1887,5,27,0.3
1887,6,15,19.1
1887,6,16,1.3
1887,6,29,1.3
1887,6,30,1.8
1887,7,1,1
1887,7,2,0.8
1887,8,4,0.3
1887,8,9,0.3
1887,8,10,9.4
1887,8,11,2
1887,8,23,0.3
1887,9,1,0
1887,10,22,1
1887,10,23,2.8
1887,10,24,23.6
1887,11,6,14.2
1887,11,15,43.2
1887,11,30,2.5
1887,12,1,9.4
1887,12,2,10.9
1887,12,4,65.3
1887,12,5,0.8
1887,12,6,3
1887,12,8,1.8
1887,12,11,2
1887,12,12,23.9
1887,12,13,1.5
1887,12,14,1.3
1887,12,22,18.3
1888,1,5,43.2
1888,1,6,0.8
1888,1,7,0.3
1888,1,8,4.1
1888,1,24,2.5
1888,1,27,2.5
1888,2,2,15.2
1888,2,5,3.3
1888,2,10,17
1888,2,19,0.5
1888,2,21,12.2
1888,2,22,4.1
1888,2,23,8.4
1888,2,24,60.7
1888,2,25,12.2
1888,2,26,2.5
1888,2,28,4.1
1888,3,3,0.5
1888,3,4,0.3
1888,3,8,2.5
1888,3,9,0.3
1888,4,6,2.5
1888,5,1,0
1888,6,1,0
1888,7,22,3.6
1888,8,23,4.1
1888,9,2,17.5
1888,10,1,0
1888,11,6,1.5
1888,12,2,26.7
1888,12,3,1
1888,12,4,67.3
1888,12,5,7.6
1888,12,20,1.3
1888,12,27,0.5
1889,1,4,2.5
1889,1,5,2.5
1889,1,18,1.3
1889,1,20,4.1
1889,1,22,0.5
1889,1,24,0.3
1889,1,26,0.8
1889,1,27,4.3
1889,1,30,10.2
1889,2,5,7.9
1889,2,6,47
1889,2,7,1.8
1889,2,10,3.3
1889,2,11,7.6
1889,2,12,2.5
1889,2,14,5.8
1889,3,11,0.3
1889,3,13,0.5
1889,3,26,0.5
1889,3,29,23.1
1889,4,1,0.8
1889,4,2,2.8
1889,4,3,10.2
1889,4,15,0.8
1889,4,16,41.9
1889,4,17,28.2
1889,4,18,0.3
1889,4,19,2.8
1889,4,20,16.8
1889,4,21,47
1889,4,22,1.3
1889,4,24,2.8
1889,4,25,2.3
1889,4,28,5.1
1889,4,29,0.3
1889,5,1,1.8
1889,5,24,5.3
1889,5,25,43.2
1889,6,1,19.8
1889,6,2,1.8
1889,6,6,0.5
1889,6,23,13.2
1889,7,2,8.6
1889,7,7,0.5
1889,7,14,0.3
1889,7,15,26.4
1889,7,16,5.3
1889,8,27,3
1889,9,1,5.1
1889,9,2,1.3
1889,9,18,6.4
1889,9,19,65.3
1889,10,1,0
1889,11,7,1.8
1889,11,8,0.8
1889,11,10,23.1
1889,11,12,8.9
1889,11,13,0.8
1889,11,14,27.7
1889,11,15,10.4
1889,11,16,34
1889,11,17,19.1
1889,11,18,1.5
1889,11,19,2.5
1889,11,27,4.1
1889,12,7,2.3
1889,12,8,0.3
1889,12,9,0.5
1889,12,16,44.5
1889,12,18,6.4
1889,12,24,31
1889,12,25,13.2
1889,12,26,1
1889,12,29,18.8
1889,12,30,11.2
1889,12,31,13.2
1890,1,1,12.4
1890,1,2,6.6
1890,1,3,4.6
1890,1,4,11.2
1890,1,5,0.8
1890,1,6,24.4
1890,1,7,45.2
1890,1,8,2.5
1890,1,9,5.3
1890,1,10,6.4
1890,1,11,8.1
1890,1,12,19.1
1890,1,16,14.7
1890,1,18,2.3
1890,1,20,0.5
1890,1,21,8.9
1890,1,22,0.5
1890,1,23,1
1890,1,24,38.4
1890,1,25,17.3
1890,1,26,11.2
1890,1,27,0.8
1890,1,28,0.3
1890,1,30,0.5
1890,2,5,1.8
1890,2,10,4.6
1890,2,11,0.5
1890,2,15,4.1
1890,2,16,3.8
1890,2,17,23.1
1890,2,18,8.9
1890,2,19,1.8
1890,2,20,66.5
1890,2,21,17.5
1890,2,25,1.5
1890,2,27,2.5
1890,3,12,0.3
1890,3,14,28.4
1890,3,15,63.5
1890,3,16,5.1
1890,3,17,18
1890,3,18,53.6
1890,3,19,1.3
1890,3,22,1
1890,3,23,52.1
1890,3,24,178.3
1890,3,27,9.7
1890,3,28,2.8
1890,3,29,1.8
1890,3,30,0.5
1890,3,31,7.4
1890,4,1,4.3
1890,4,2,28.7
1890,4,3,0.8
1890,4,4,0.8
1890,4,5,0.3
1890,4,10,8.4
1890,4,14,1.3
1890,4,15,2
1890,4,19,1
1890,4,23,1
1890,4,24,2.8
1890,4,26,15.2
1890,4,27,0.3
1890,5,3,21.8
1890,5,4,1
1890,5,16,0.5
1890,5,26,1.3
1890,5,27,33
1890,5,28,6.9
1890,5,29,1
1890,5,30,4.1
1890,5,31,4.1
1890,6,1,1.5
1890,6,2,2.5
1890,6,4,0.3
1890,6,6,2.8
1890,6,7,3
1890,6,15,40.6
1890,6,16,19.3
1890,7,12,1.8
1890,7,15,3.3
1890,7,16,0.5
1890,8,1,0
1890,9,16,13.7
1890,9,19,37.3
1890,9,20,12.7
1890,9,21,1.5
1890,10,12,2.5
1890,10,13,9.1
1890,11,6,1
1890,11,12,0.3
1890,11,27,7.1
1890,11,30,33.3
1890,12,3,7.1
1890,12,15,0.8
1890,12,16,0.5
1890,12,22,2.8
1890,12,23,42.2
1890,12,24,3.8
1890,12,31,9.4
1891,1,1,0.5
1891,1,2,1
1891,1,3,4.8
1891,1,4,1
1891,1,8,6.9
1891,1,9,1.3
1891,1,10,7.9
1891,1,11,0.8
1891,1,12,9.4
1891,1,13,4.1
1891,1,14,14
1891,1,17,1
1891,1,18,3.6
1891,1,19,0.5
1891,1,23,30
1891,1,24,46.2
1891,1,25,19.1
1891,1,26,19.3
1891,1,28,7.6
1891,1,29,6.9
1891,1,30,28.4
1891,2,1,10.2
1891,2,2,1.3
1891,2,3,19.6
1891,2,4,2.5
1891,2,5,2
1891,2,6,1.3
1891,2,7,36.3
1891,2,8,0.8
1891,2,12,2.8
1891,2,13,0.8
1891,2,18,13.2
1891,2,19,8.4
1891,2,24,15.2
1891,2,25,0.5
1891,3,1,1
1891,3,2,5.1
1891,3,6,0.5
1891,3,14,19.1
1891,3,15,3
1891,3,16,4.1
1891,3,17,2
1891,3,19,7.1
1891,3,20,22.9
1891,3,22,13.5
1891,3,23,35.3
1891,3,24,5.6
1891,3,25,2.3
1891,3,26,0.5
1891,3,27,14
1891,3,28,0.5
1891,3,29,6.1
1891,3,30,10.4
1891,3,31,0.3
1891,4,3,3
1891,4,4,7
1891,4,5,2.1
1891,4,18,0.3
1891,4,19,0.6
1891,4,22,21.8
1891,4,25,22.4
1891,4,27,3.3
1891,5,4,5.8
1891,5,7,0.5
1891,5,17,4.1
1891,5,18,5.3
1891,5,20,1.3
1891,5,23,0.3
1891,5,24,0.3
1891,5,26,3.8
1891,5,27,0.5
1891,5,29,0.8
1891,5,30,5.1
1891,6,1,1.3
1891,6,6,0.8
1891,6,7,11.7
1891,6,8,65.3
1891,6,9,33.5
1891,7,29,0.3
1891,8,1,22.4
1891,9,28,5.6
1891,9,29,7.4
1891,10,9,2.8
1891,10,14,0.6
1891,10,16,27.3
1891,10,18,7.3
1891,10,19,1.7
1891,11,13,24.1
1891,11,25,17.5
1891,12,2,4.8
1891,12,10,3.8
1891,12,11,24.9
1891,12,12,21.8
1891,12,14,5.1
1891,12,15,24.1
1891,12,16,3.8
1892,1,12,3.8
1892,1,17,52.1
1892,1,21,5.1
1892,1,22,15.2
1892,1,23,52.8
1892,1,24,20.8
1892,1,25,5.1
1892,1,26,1
1892,1,27,8.4
1892,1,28,7.1
1892,1,29,19.8
1892,2,24,11.7
1892,2,25,0.8
1892,3,4,1.8
1892,3,8,5.1
1892,3,11,2.3
1892,4,5,1.3
1892,4,19,33
1892,5,15,0.3
1892,5,16,52.1
1892,5,17,2.5
1892,5,25,0.5
1892,6,13,33.8
1892,6,14,12.7
1892,7,1,0
1892,8,1,0
1892,9,9,12.4
1892,9,11,9.4
1892,9,21,2.8
1892,9,23,3
1892,10,4,1
1892,10,10,12.4
1892,10,16,29.2
1892,10,26,6.9
1892,10,27,30
1892,11,22,2.3
1892,11,26,4.8
1892,11,27,2
1892,12,6,24.6
1892,12,7,16.5
1892,12,11,11.9
1892,12,13,0.5
1892,12,18,10.2
1892,12,19,9.7
1892,12,21,4.3
1893,1,14,9.9
1893,1,15,9.4
1893,1,18,0.8
1893,2,2,25.9
1893,2,8,38.4
1893,2,11,5.1
1893,2,14,19.1
1893,2,15,5.1
1893,2,18,12.2
1893,2,19,0.5
1893,2,20,7.6
1893,2,21,13.7
1893,2,22,0.5
1893,2,23,1.8
1893,3,13,10.4
1893,3,14,10.7
1893,3,15,3
1893,3,16,0.5
1893,3,17,22.4
1893,3,18,1.8
1893,3,20,7.9
1893,3,29,0.5
1893,4,12,1.3
1893,4,16,1.3
1893,5,14,6.4
1893,6,8,14
1893,6,9,2
1893,7,2,0.5
1893,7,3,1.8
1893,7,20,0.3
1893,7,21,0.3
1893,7,22,3.3
1893,8,11,0.3
1893,8,12,3.8
1893,8,13,0.5
1893,8,18,0.3
1893,8,19,2
1893,8,20,11.7
1893,8,21,11.7
1893,8,22,74.4
1893,8,23,0.5
1893,9,1,0
1893,10,5,2.3
1893,10,6,3.3
1893,10,15,4.3
1893,11,1,3.8
1893,11,4,17.3
1893,11,10,63
1893,11,11,73.9
1893,11,12,7.4
1893,11,27,5.1
1893,12,2,10.9
1893,12,3,4.3
1893,12,13,3
1893,12,16,8.1
1893,12,18,5.3
1893,12,21,11.4
1893,12,22,18
1893,12,28,0.5
1893,12,31,3.8
1894,1,3,20.6
1894,1,6,1.3
1894,1,7,3.3
1894,1,8,2.5
1894,1,9,0.3
1894,1,10,3.8
1894,1,11,10.7
1894,1,12,45.7
1894,1,13,9.7
1894,1,14,10.7
1894,1,15,23.6
1894,1,16,38.1
1894,1,17,22.4
1894,1,18,17.5
1894,1,19,24.4
1894,1,20,17.3
1894,1,21,0.8
1894,1,24,0.3
1894,1,25,30.5
1894,1,30,0.8
1894,1,31,79.2
1894,2,1,7.6
1894,2,2,4.8
1894,2,3,35.6
1894,2,4,0.8
1894,2,14,2
1894,2,23,11.9
1894,2,24,20.1
1894,2,25,37.3
1894,2,26,2.5
1894,2,27,4.8
1894,3,1,37.6
1894,3,2,0.5
1894,3,6,0.5
1894,3,9,17.5
1894,3,10,3.6
1894,3,20,2.3
1894,3,21,0.5
1894,3,29,1.8
1894,3,30,14.7
1894,4,1,35.6
1894,4,2,2.8
1894,4,6,20.3
1894,4,7,36.8
1894,4,8,9.4
1894,4,9,4.8
1894,4,10,2.3
1894,4,11,6.4
1894,4,12,0.8
1894,4,13,0.5
1894,4,14,0.3
1894,4,15,14.5
1894,4,16,5.8
1894,4,17,33
1894,4,18,25.4
1894,4,28,11.4
1894,5,11,1.5
1894,5,16,0.3
1894,5,17,0.8
1894,5,31,0.5
1894,6,21,3.8
1894,6,22,82.6
1894,6,23,6.4
1894,6,29,2.8
1894,6,30,19.8
1894,7,1,5.8
1894,8,19,0.3
1894,8,21,0.8
1894,9,2,14
1894,9,13,2.5
1894,9,14,6.4
1894,10,1,6.4
1894,11,2,46.5
1894,11,3,2.3
1894,11,6,2
1894,11,20,18.3
1894,11,21,11.4
1894,11,27,2
1894,11,28,0.5
1894,12,17,21.1
1895,1,1,6.6
1895,1,2,0.3
1895,1,4,4.3
1895,1,20,17.8
1895,1,21,1.5
1895,1,22,38.9
1895,1,23,0.3
1895,1,24,14.5
1895,1,26,0.3
1895,1,27,1
1895,1,28,0.5
1895,2,2,19.6
1895,2,3,45.7
1895,2,4,0.3
1895,2,7,29.2
1895,2,8,16.5
1895,2,9,14.5
1895,2,10,17.5
1895,2,11,5.3
1895,2,12,31.2
1895,2,13,43.2
1895,2,14,45.7
1895,2,15,53.6
1895,2,16,8.1
1895,2,17,0.5
1895,3,4,1.5
1895,3,7,0.5
1895,3,8,12.2
1895,3,13,0.5
1895,4,6,7.6
1895,4,7,34
1895,4,18,2.8
1895,5,24,12.7
1895,6,13,5.8
1895,6,16,2.3
1895,7,8,15.2
1895,7,9,8.9
1895,7,10,17.8
1895,7,19,17.8
1895,8,1,0
1895,9,17,8.9
1895,9,26,1
1895,10,4,10.2
1895,11,2,6.4
1895,11,13,16.3
1895,11,14,7.9
1895,11,18,1.3
1895,11,30,2.5
1895,12,5,33
1895,12,6,12.7
1895,12,11,17.8
1895,12,18,2.5
1895,12,20,13.2
1895,12,29,15.7
1896,1,4,11.2
1896,1,12,34.3
1896,1,13,7.6
1896,1,14,8.1
1896,1,16,3.3
1896,1,17,1.8
1896,1,24,0.3
1896,1,25,13.7
1896,1,26,124.5
1896,1,27,122.9
1896,1,28,30.5
1896,1,29,76.2
1896,1,30,12.7
1896,1,31,0.5
1896,2,3,5.1
1896,2,4,0.3
1896,2,6,50.8
1896,2,7,1.5
1896,2,8,5.8
1896,2,9,2.5
1896,2,10,0.3
1896,2,11,5.1
1896,2,12,0.3
1896,2,15,2
1896,2,18,6.4
1896,2,24,0.5
1896,2,25,27.9
1896,2,26,0.8
1896,2,27,51.6
1896,2,28,74.9
1896,3,1,30.5
1896,3,2,61.2
1896,3,3,3.8
1896,3,4,5.6
1896,3,5,0.3
1896,3,11,2
1896,3,26,1
1896,4,12,21.6
1896,4,13,1
1896,4,22,1
1896,4,26,0.3
1896,4,29,0.5
1896,4,30,1
1896,5,5,50.8
1896,5,20,1.5
1896,6,11,10.2
1896,6,17,13
1896,6,18,10.9
1896,6,19,5.1
1896,6,20,0.3
1896,7,18,0.3
1896,7,19,13.5
1896,7,20,10.7
1896,8,1,0.5
1896,8,2,0.3
1896,8,24,1.3
1896,8,25,4.3
1896,9,17,0.3
1896,10,1,0
1896,11,1,10.2
1896,11,25,3.8
1896,11,29,45.7
1896,12,7,5.8
1896,12,21,3.6
1896,12,22,7.9
1897,1,6,1.5
1897,1,7,16.8
1897,1,9,20.3
1897,1,10,34.8
1897,1,11,12.7
1897,1,14,0.8
1897,1,25,20.6
1897,2,6,16
1897,2,8,0.5
1897,2,9,5.6
1897,2,10,1
1897,2,11,6.4
1897,2,26,0.3
1897,3,1,7.6
1897,3,2,21.3
1897,3,3,42.9
1897,3,4,6.1
1897,3,7,9.4
1897,3,8,14.5
1897,3,25,8.1
1897,4,1,0
1897,5,11,2.5
1897,5,31,15.2
1897,6,17,2.5
1897,6,18,1
1897,6,24,1
1897,6,25,5.6
1897,6,26,0.5
1897,6,27,3.8
1897,7,24,2.8
1897,8,5,0.3
1897,9,22,2.5
1897,10,6,2.8
1897,10,7,1.5
1897,10,10,6.6
1897,10,14,8.9
1897,10,16,0.3
1897,10,18,0.8
1897,10,20,1
1897,10,23,2.3
1897,11,14,0.5
1897,11,23,2
1897,11,24,23.1
1897,12,20,24.4
1897,12,22,0.3
1897,12,24,5.3
1897,12,25,23.4
1897,12,26,14.5
1897,12,27,1
1897,12,29,0.3
1897,12,30,8.4
1897,12,31,6.1
1898,1,1,5.1
1898,1,2,31.2
1898,1,3,27.9
1898,1,4,1.3
1898,1,5,1.3
1898,1,13,1.3
1898,1,15,5.1
1898,1,17,1.8
1898,1,30,6.4
1898,2,3,1
1898,2,4,28.2
1898,2,5,3.3
1898,2,6,2.5
1898,2,7,1.8
1898,2,8,3.8
1898,2,9,62.2
1898,2,10,13.7
1898,2,11,16.3
1898,2,14,10.2
1898,2,19,11.7
1898,2,22,2.3
1898,2,23,3.8
1898,2,25,3.8
1898,3,19,2
1898,3,20,2.8
1898,3,21,1.3
1898,3,22,3
1898,3,23,34.8
1898,3,24,8.1
1898,3,25,0.3
1898,4,10,0.8
1898,4,18,6.9
1898,4,19,29.7
1898,4,20,0.8
1898,4,21,4.3
1898,5,1,0
1898,6,18,0.3
1898,6,19,5.1
1898,7,9,1.3
1898,7,14,0.8
1898,7,15,5.1
1898,8,1,1
1898,8,25,3.8
1898,9,16,1.3
1898,9,26,0.5
1898,9,28,7.9
1898,9,29,43.2
1898,10,1,0.8
1898,11,1,0
1898,12,17,1.3
1898,12,19,2.8
1898,12,22,54.4
1898,12,27,2.8
1899,1,4,6.6
1899,1,8,8.9
1899,1,9,15.7
1899,1,10,18
1899,1,11,16.5
1899,1,12,1.3
1899,1,13,1.3
1899,1,14,24.1
1899,1,17,2.8
1899,1,19,9.1
1899,1,20,1.5
1899,1,28,2.5
1899,2,1,2.5
1899,2,2,28.4
1899,2,3,13.2
1899,2,4,75.7
1899,2,24,1
1899,3,1,3.3
1899,3,2,2.5
1899,3,3,0.3
1899,3,4,44.5
1899,3,5,20.1
1899,3,6,39.9
1899,3,7,11.4
1899,3,8,1.3
1899,3,19,19.8
1899,3,20,51.6
1899,3,21,10.9
1899,4,3,12.4
1899,4,10,5.6
1899,4,11,1.3
1899,4,12,1.5
1899,4,14,0.5
1899,4,16,0.5
1899,4,18,0.5
1899,4,19,1
1899,4,20,2
1899,4,22,7.6
1899,5,20,6.6
1899,5,21,0.5
1899,6,1,0
1899,7,8,2.3
1899,7,25,0.3
1899,7,26,12.4
1899,7,27,7.6
1899,7,28,6.9
1899,8,9,4.1
1899,8,10,23.9
1899,8,11,0.8
1899,8,20,3.8
1899,8,21,25.4
1899,8,22,14.7
1899,8,23,0.8
1899,9,21,12.2
1899,9,28,0.5
1899,10,10,1.3
1899,10,11,32
1899,10,12,12.4
1899,10,14,0.5
1899,10,15,22.4
1899,10,24,31.2
1899,10,25,24.9
1899,11,12,2.3
1899,11,23,0.3
1899,12,1,0
1900,1,10,4.1
1900,1,11,55.9
1900,1,12,96.5
1900,1,13,29.2
1900,1,14,39.6
1900,1,15,0.8
1900,1,16,3.6
1900,1,17,0.8
1900,1,18,0.5
1900,1,22,36.8
1900,1,23,25.4
1900,1,24,10.2
1900,1,25,3.8
1900,1,26,0.3
1900,1,28,1.3
1900,2,15,0.8
1900,2,26,0.3
1900,3,5,0.3
1900,3,7,3.8
1900,3,8,1.3
1900,3,9,0.3
1900,3,19,0.3
1900,3,20,0.5
1900,3,23,1.8
1900,3,29,14
1900,3,30,68.6
1900,3,31,0.8
1900,4,1,0
1900,5,25,3.8
1900,5,26,6.4
1900,6,10,11.4
1900,7,3,8.9
1900,7,4,0.5
1900,7,15,1.5
1900,7,20,0.3
1900,7,27,0.8
1900,7,28,0.3
1900,8,16,0.5
1900,9,12,0.8
1900,9,16,0.8
1900,10,1,0
1900,11,6,6.4
1900,12,15,6.4
1900,12,22,44.5
1900,12,25,2.3
1900,12,28,6.4
1901,1,4,8.9
1901,1,5,5.8
1901,1,6,48.3
1901,1,7,40.9
1901,1,8,5.1
1901,1,9,23.1
1901,1,10,26.2
1901,1,11,0.5
1901,1,21,12.7
1901,1,22,16.5
1901,1,25,0.5
1901,2,6,15.2
1901,2,8,5.1
1901,2,9,63.5
1901,2,10,3.8
1901,2,11,1
1901,2,18,2.3
1901,2,22,8.6
1901,3,1,25.4
1901,3,2,0.5
1901,3,3,8.1
1901,3,11,5.3
1901,3,12,3.8
1901,3,13,11.7
1901,3,14,19.3
1901,3,19,1
1901,3,22,7.6
1901,4,6,15.2
1901,4,7,9.4
1901,4,10,7.6
1901,4,11,0.8
1901,4,14,14.7
1901,4,15,30.7
1901,4,18,3.3
1901,4,19,38.9
1901,4,20,9.1
1901,4,21,2.5
1901,5,24,6.4
1901,5,25,21.6
1901,5,26,1.8
1901,5,27,10.7
1901,5,28,5.6
1901,6,7,2.8
1901,6,10,0.5
1901,6,13,0.5
1901,6,23,1.3
1901,6,24,1.3
1901,6,26,0.8
1901,7,4,1.3
1901,7,15,7.6
1901,8,5,5.8
1901,8,6,11.9
1901,8,24,15.7
1901,9,19,3.8
1901,9,22,11.7
1901,9,29,2
1901,10,23,8.1
1901,10,24,3.6
1901,11,1,0
1901,12,14,14
1901,12,22,37.1
1902,1,8,5.8
1902,1,10,12.2
1902,1,12,15.2
1902,1,13,7.9
1902,1,24,1.8
1902,1,29,0.5
1902,2,2,1.3
1902,2,3,17
1902,2,7,3.8
1902,2,17,8.6
1902,3,8,1
1902,4,17,1.5
1902,4,18,1.3
1902,4,20,10.2
1902,5,1,0
1902,6,25,1
1902,7,1,0
1902,8,1,0
1902,9,1,0
1902,10,19,1
1902,11,1,0
1902,12,3,2.3
1902,12,5,2.5
1902,12,7,1.5
1902,12,10,1
1902,12,11,2.3
1902,12,12,6.4
1902,12,18,2.8
1903,1,6,0.8
1903,1,13,1.5
1903,1,22,1.3
1903,1,23,3.6
1903,1,25,13.7
1903,1,28,4.8
1903,1,29,14.5
1903,1,30,2.5
1903,1,31,1.8
1903,2,1,5.8
1903,2,2,0.3
1903,2,14,6.1
1903,2,16,36.6
1903,2,18,33
1903,2,20,3.8
1903,2,23,2
1903,3,9,133.9
1903,3,10,0.8
1903,3,17,1.5
1903,3,20,1
1903,3,24,0.3
1903,3,26,16.5
1903,3,27,20.6
1903,3,29,8.9
1903,4,5,3.3
1903,4,6,12.7
1903,4,8,1.3
1903,4,21,0.8
1903,4,22,0.5
1903,4,26,17.8
1903,4,27,1
1903,5,3,1.3
1903,5,4,2
1903,5,5,7.1
1903,5,6,1.3
1903,5,7,2.8
1903,5,8,1.3
1903,5,10,0.8
1903,6,1,0
1903,7,8,0.3
1903,7,14,0.5
1903,7,15,4.6
1903,8,30,4.3
1903,9,11,7.9
1903,9,13,1.3
1903,9,17,4.1
1903,10,5,3
1903,10,25,69.9
1903,11,3,4.3
1903,11,4,17
1903,11,5,3.3
1903,11,8,1.8
1903,11,11,2.3
1903,11,18,1.8
1903,11,19,38.1
1903,11,20,20.6
1903,11,22,2
1903,11,23,0.5
1903,12,6,51.8
1903,12,8,1.8
1903,12,9,5.1
1903,12,10,1
1903,12,11,21.1
1903,12,13,11.4
1903,12,14,0.8
1903,12,23,10.4
1903,12,25,15.2
1903,12,26,20.3
1903,12,27,4.1
1903,12,28,1.3
1904,1,1,0.5
1904,1,3,93.5
1904,1,4,33
1904,1,5,22.9
1904,1,7,0.3
1904,1,24,2
1904,1,25,16
1904,1,28,29.5
1904,1,29,25.9
1904,2,1,3
1904,2,15,8.9
1904,2,16,10.9
1904,2,18,1.5
1904,2,23,2
1904,2,24,1.3
1904,2,25,1
1904,2,26,19.6
1904,2,27,3.8
1904,2,28,0.3
1904,3,1,8.9
1904,3,2,2.8
1904,3,3,29.7
1904,3,4,2.8
1904,3,9,9.1
1904,3,10,2.8
1904,3,11,2.3
1904,3,13,3.6
1904,3,14,1
1904,3,29,6.9
1904,3,30,5.3
1904,4,1,14.5
1904,4,3,21.8
1904,4,4,2.5
1904,4,5,6.1
1904,4,8,1.3
1904,4,10,2
1904,4,19,1.8
1904,4,28,2
1904,4,30,16
1904,5,2,0.5
1904,5,31,0.5
1904,6,5,5.1
1904,6,6,2.3
1904,7,1,0
1904,8,1,0
1904,9,1,0
1904,10,2,2.8
1904,10,13,0.8
1904,10,19,17.8
1904,10,21,1.3
1904,11,5,1
1904,11,29,11.2
1904,12,16,2.5
1904,12,18,11.9
1904,12,26,2
1905,1,4,0.5
1905,1,5,1.5
1905,1,8,3.8
1905,1,10,0.3
1905,1,11,5.8
1905,1,12,32.3
1905,1,13,2.8
1905,1,14,8.9
1905,1,15,20.3
1905,1,16,3.3
1905,1,17,17.3
1905,1,18,12.2
1905,1,19,26.4
1905,1,27,2
1905,1,28,15.5
1905,1,29,0.3
1905,2,1,6.9
1905,2,15,4.3
1905,3,3,1.8
1905,3,19,8.1
1905,4,4,20.8
1905,4,5,3
1905,4,6,0.3
1905,4,12,49.5
1905,4,25,1
1905,4,26,9.7
1905,5,3,1.5
1905,5,29,1.8
1905,6,13,1.3
1905,6,22,1.3
1905,7,20,17.3
1905,7,21,2.3
1905,7,23,2.5
1905,7,25,1.5
1905,8,1,0
1905,9,1,0
1905,10,1,0
1905,11,21,2.3
1905,11,23,9.9
1905,11,30,3.3
1905,12,1,11.2
1905,12,13,9.7
1906,1,3,6.4
1906,1,4,7.1
1906,1,10,9.1
1906,1,11,8.9
1906,1,27,33.8
1906,1,28,25.4
1906,1,29,41.1
1906,1,30,120.7
1906,1,31,12.2
1906,2,4,21.6
1906,2,6,1.8
1906,2,20,7.1
1906,2,21,0.5
1906,2,22,1.3
1906,2,24,9.4
1906,2,26,2.3
1906,2,27,2.5
1906,2,28,8.9
1906,3,1,0.3
1906,3,2,22.1
1906,3,3,83.8
1906,3,4,7.6
1906,3,9,5.3
1906,3,10,20.1
1906,3,11,6.1
1906,3,12,9.9
1906,3,13,0.3
1906,3,14,1.3
1906,4,6,0.5
1906,5,9,7.6
1906,5,21,5.8
1906,5,22,2.8
1906,6,11,7.4
1906,6,12,0.3
1906,6,18,3.8
1906,6,19,0.5
1906,7,1,0
1906,8,28,6.9
1906,8,29,11.4
1906,9,2,1.5
1906,9,9,0.8
1906,9,20,47
1906,9,21,11.7
1906,9,22,65.3
1906,9,23,0.5
1906,9,28,6.9
1906,9,29,3
1906,10,8,2.5
1906,10,26,3.3
1906,11,3,9.1
1906,11,13,15.7
1906,11,14,2
1906,11,16,3.6
1906,11,29,0.8
1906,12,1,22.4
1906,12,2,7.4
1906,12,3,10.7
1906,12,4,0.5
1906,12,5,0.3
1906,12,7,3.8
1906,12,8,53.8
1906,12,9,46.2
1906,12,10,5.1
1906,12,15,0.5
1906,12,22,8.4
1906,12,24,4.1
1906,12,25,39.9
1907,1,10,20.6
1907,1,15,8.6
1907,1,22,12.7
1907,1,23,14
1907,1,26,0.5
1907,2,1,1.3
1907,2,10,77.2
1907,2,11,0.5
1907,2,16,5.1
1907,2,18,7.6
1907,2,19,0.5
1907,2,20,2
1907,2,26,3.3
1907,2,27,0.8
1907,3,7,3
1907,3,8,9.1
1907,3,9,30.7
1907,3,10,2
1907,3,11,54.1
1907,3,14,1.5
1907,4,18,21.8
1907,5,14,0.5
1907,5,17,42.4
1907,5,19,1
1907,5,23,6.4
1907,5,24,0.3
1907,5,25,35.1
1907,6,3,1.8
1907,6,8,18.8
1907,6,9,8.1
1907,6,19,30.5
1907,6,20,45.7
1907,7,26,0.5
1907,7,27,0.5
1907,8,23,8.4
1907,9,1,0
1907,10,15,0.5
1907,11,16,0.3
1907,11,17,33.5
1907,11,18,11.7
1907,11,19,0.5
1907,11,20,0.5
1907,11,26,25.4
1907,11,27,0.8
1907,12,7,0.8
1907,12,12,6.6
1907,12,14,6.1
1907,12,15,10.9
1907,12,16,1
1907,12,17,1.5
1907,12,18,22.9
1907,12,19,34
1907,12,21,12.7
1907,12,22,2.5
1907,12,25,6.1
1907,12,27,41.1
1907,12,28,0.8
1907,12,29,1
1907,12,30,6.9
1908,1,1,6.9
1908,1,4,1.5
1908,1,5,0.8
1908,1,6,27.7
1908,1,7,111.3
1908,1,8,3.3
1908,1,27,9.4
1908,1,28,3.8
1908,1,30,0.8
1908,2,1,24.1
1908,2,2,0.5
1908,2,11,0.5
1908,2,12,12.4
1908,2,13,3
1908,2,20,10.9
1908,2,21,1
1908,2,28,9.4
1908,3,4,15.2
1908,3,6,3.8
1908,3,7,20.3
1908,3,13,0.8
1908,3,14,0.5
1908,3,16,2.3
1908,3,18,15.7
1908,3,20,43.2
1908,3,21,3
1908,3,22,2.8
1908,3,23,0.8
1908,4,8,4.1
1908,4,10,0.5
1908,4,26,7.6
1908,5,17,1
1908,5,18,29
1908,5,19,0.5
1908,6,1,0
1908,7,16,1.5
1908,7,17,2.3
1908,7,18,19.1
1908,7,19,2.3
1908,7,20,1
1908,7,23,3
1908,7,24,0.5
1908,8,6,0.3
1908,9,1,0
1908,10,11,22.1
1908,10,18,1.8
1908,11,26,5.3
1908,11,27,2.3
1908,12,3,1.5
1909,1,6,3.8
1909,1,14,4.3
1909,1,15,22.9
1909,1,16,3
1909,1,17,8.1
1909,1,18,21.3
1909,1,19,73.2
1909,1,20,26.2
1909,1,21,4.3
1909,1,22,4.1
1909,1,24,5.3
1909,1,30,28.2
1909,1,31,0.3
1909,2,2,4.6
1909,2,21,2
1909,2,22,16.3
1909,2,25,13.2
1909,3,1,3.3
1909,3,3,4.3
1909,3,4,3
1909,3,6,5.8
1909,3,16,10.2
1909,3,17,4.3
1909,3,18,1
1909,3,19,1.3
1909,3,20,1.3
1909,3,21,1.8
1909,3,24,2.3
1909,4,18,4.1
1909,4,20,12.4
1909,4,21,13.2
1909,4,22,1.8
1909,4,27,5.1
1909,5,1,29
1909,5,8,2.3
1909,6,7,2.3
1909,6,8,0.8
1909,6,9,9.4
1909,6,10,0.5
1909,6,26,8.9
1909,6,27,7.9
1909,6,28,0.8
1909,6,29,0.8
1909,6,30,3
1909,7,1,1.8
1909,7,6,0.8
1909,7,15,0.8
1909,7,25,12.7
1909,7,26,7.6
1909,8,12,1.3
1909,9,1,0.5
1909,9,23,3.3
1909,10,23,8.1
1909,11,1,2.5
1909,11,5,3
1909,11,22,0.5
1909,11,23,1
1909,11,29,13.2
1909,12,4,22.9
1909,12,5,36.8
1909,12,6,12.7
1909,12,17,21.6
1909,12,20,14
1909,12,21,14.7
1909,12,22,33.8
1909,12,31,52.1
1910,1,3,15.7
1910,1,4,3.6
1910,1,13,6.4
1910,1,14,23.9
1910,1,15,79
1910,1,21,33.5
1910,1,26,5.1
1910,1,28,54.6
1910,1,29,104.1
1910,1,30,7.6
1910,2,14,3.3
1910,2,19,22.9
1910,2,20,1.3
1910,2,21,16.5
1910,2,22,16.5
1910,2,23,1.3
1910,2,24,2.5
1910,3,6,4.6
1910,3,7,22.9
1910,3,8,10.4
1910,3,12,14
1910,3,13,19.3
1910,3,14,25.9
1910,3,15,26.4
1910,3,18,61.5
1910,3,19,26.7
1910,3,20,7.6
1910,3,21,11.4
1910,3,22,2.3
1910,3,23,0.3
1910,3,24,3.8
1910,4,7,2
1910,4,8,4.3
1910,5,22,0.8
1910,5,30,0.8
1910,6,1,0.8
1910,6,16,1.3
1910,6,21,4.3
1910,6,24,7.6
1910,6,25,21.1
1910,6,26,0.8
1910,7,7,3
1910,7,8,8.6
1910,7,17,1.3
1910,7,18,0.8
1910,8,1,0
1910,9,14,12.7
1910,9,15,17.8
1910,9,16,12.7
1910,9,23,43.2
1910,9,24,5.1
1910,9,27,3.8
1910,10,10,2.5
1910,11,3,1.3
1910,11,5,3
1910,11,6,16.5
1910,11,7,79.2
1910,11,9,14
1910,11,10,16.8
1910,11,11,2
1910,11,28,4.8
1910,12,9,47.8
1910,12,12,9.4
1910,12,24,1
1910,12,26,11.7
1910,12,30,6.1
1911,1,4,3.3
1911,1,5,7.9
1911,1,6,9.4
1911,1,7,2
1911,1,8,4.3
1911,1,9,3.3
1911,1,10,39.9
1911,1,11,17
1911,1,23,2
1911,1,24,34.8
1911,1,25,8.4
1911,1,26,7.9
1911,1,27,71.9
1911,1,29,7.6
1911,1,30,24.1
1911,1,31,3.3
1911,2,1,12.7
1911,2,2,9.1
1911,2,3,5.1
1911,2,10,5.1
1911,2,11,12.7
1911,2,12,90.2
1911,2,18,41.9
1911,2,19,8.4
1911,2,26,13
1911,3,16,10.2
1911,3,25,3.3
1911,3,31,19.1
1911,4,1,12.2
1911,4,2,7.1
1911,4,3,1.3
1911,4,10,6.4
1911,4,16,4.3
1911,4,17,40.4
1911,5,1,0
1911,6,1,0
1911,7,1,0
1911,8,1,0
1911,9,1,0
1911,10,9,30.5
1911,11,28,2.5
1911,12,8,21.8
1911,12,9,12.2
1911,12,10,5.1
1911,12,19,4.3
1912,1,27,20.8
1912,2,11,15.2
1912,2,12,1.3
1912,2,13,1.3
1912,2,14,4.6
1912,2,16,4.6
1912,2,17,5.3
1912,2,18,34
1912,2,21,17.8
1912,2,22,19.3
1912,2,23,0.3
1912,3,3,16.5
1912,3,4,4.6
1912,3,9,1
1912,3,11,22.1
1912,3,12,13.7
1912,4,10,7.6
1912,5,3,12.7
1912,5,4,0.8
1912,6,7,4.6
1912,6,8,19.1
1912,6,9,105.4
1912,6,10,44.5
1912,6,11,21.8
1912,6,13,1
1912,6,14,1
1912,6,15,1.5
1912,6,23,17.8
1912,6,24,16.8
1912,6,27,1.5
1912,6,28,2.5
1912,6,29,1
1912,7,1,2
1912,7,2,2
1912,7,3,0.8
1912,7,4,3.8
1912,7,13,1.3
1912,7,15,5.6
1912,8,26,0.8
1912,9,1,0
1912,10,1,0
1912,11,27,1
1912,11,28,14.7
1912,12,25,0.5
1912,12,26,2.5
1912,12,31,39.4
1913,1,1,15.7
1913,1,5,10.4
1913,1,7,4.6
1913,1,8,24.1
1913,1,10,9.1
1913,1,11,8.4
1913,1,12,9.1
1913,1,13,8.9
1913,1,14,1.3
1913,1,17,3.6
1913,1,21,33.5
1913,1,22,25.7
1913,1,23,1
1913,2,11,1
1913,2,12,18.3
1913,2,13,1
1913,2,14,1
1913,2,15,1.5
1913,2,18,24.1
1913,2,20,33.8
1913,2,21,15.2
1913,2,22,19.3
1913,2,23,8.9
1913,2,24,16
1913,2,25,36.1
1913,2,26,10.9
1913,2,28,16.5
1913,3,1,1.5
1913,3,5,19.8
1913,3,6,40.1
1913,3,7,3.6
1913,3,8,14.2
1913,3,11,1.3
1913,3,14,14.5
1913,3,16,1.3
1913,3,17,2.5
1913,3,20,1.5
1913,3,25,18.3
1913,3,28,0.5
1913,4,4,54.9
1913,4,5,32.5
1913,5,1,7.1
1913,5,10,1.3
1913,5,11,6.1
1913,5,23,1
1913,5,24,10.4
1913,5,29,7.6
1913,5,30,3.6
1913,6,6,3.6
1913,6,17,3.8
1913,6,18,0.5
1913,6,19,0.5
1913,6,20,1.5
1913,6,21,16
1913,6,22,13.5
1913,6,26,5.3
1913,6,29,7.6
1913,7,1,0
1913,8,1,0
1913,9,28,7.6
1913,10,1,0
1913,11,23,0.5
1913,12,10,16.5
1913,12,12,1
1913,12,17,9.4
1913,12,18,3.3
1913,12,19,4.3
1913,12,20,23.6
1913,12,22,12.2
1913,12,26,42.4
1914,1,20,20.6
1914,1,21,3.3
1914,1,22,7.9
1914,1,24,10.9
1914,1,25,4.1
1914,1,26,15.5
1914,1,27,8.4
1914,1,28,4.3
1914,2,1,1
1914,2,14,5.8
1914,2,16,2
1914,2,23,3.3
1914,2,26,13.5
1914,3,2,20.1
1914,3,6,5.8
1914,3,9,36.1
1914,3,10,2
1914,3,11,12.4
1914,3,12,13.7
1914,3,26,1.5
1914,3,27,2.3
1914,3,28,9.9
1914,4,21,5.3
1914,4,22,52.1
1914,4,23,4.3
1914,4,27,1.8
1914,4,29,3.6
1914,5,12,1.3
1914,5,21,3.8
1914,6,23,30.7
1914,6,24,42.4
1914,6,25,0.8
1914,6,27,0.3
1914,7,4,12.2
1914,7,5,6.9
1914,8,1,0
1914,9,12,4.6
1914,10,3,0.3
1914,11,1,0
1914,12,1,1.8
1914,12,23,12.7
1914,12,24,16.5
1914,12,26,35.6
1914,12,28,55.4
1915,1,7,19.8
1915,1,22,4.6
1915,1,23,4.1
1915,1,24,5.1
1915,1,25,6.6
1915,2,19,8.4
1915,2,20,15.7
1915,3,4,58.4
1915,3,5,0.5
1915,4,21,1.3
1915,4,28,0.5
1915,4,29,8.1
1915,4,30,7.1
1915,5,1,0
1915,6,1,0
1915,7,13,8.1
1915,7,14,0.8
1915,7,28,6.6
1915,8,1,0
1915,9,13,0.8
1915,9,16,3.6
1915,9,17,8.4
1915,10,8,0.8
1915,11,29,1
1915,12,9,3.3
1915,12,13,4.8
1915,12,16,2.3
1915,12,22,70.6
1915,12,28,45.2
1915,12,29,1.3
1915,12,30,1
1916,1,24,5.1
1916,1,25,5.8
1916,1,26,0.8
1916,1,30,35.3
1916,2,1,4.8
1916,2,2,0.5
1916,2,3,2
1916,2,4,6.6
1916,2,5,59.9
1916,2,7,141.5
1916,2,27,7.6
1916,3,9,3.6
1916,3,11,2.5
1916,3,14,32.8
1916,3,15,3.3
1916,3,30,3.3
1916,3,31,24.4
1916,4,1,2.8
1916,4,3,20.1
1916,4,4,19.6
1916,4,29,1
1916,5,3,1.8
1916,5,4,16.3
1916,5,5,0.5
1916,6,27,3.3
1916,6,30,0.8
1916,7,12,0.5
1916,7,20,4.6
1916,7,21,1
1916,7,29,25.4
1916,8,1,0.5
1916,8,20,47.5
1916,8,21,0.5
1916,9,16,0.8
1916,10,18,1.3
1916,10,19,0.8
1916,10,27,4.1
1916,10,28,4.6
1916,11,4,10.2
1916,11,5,7.1
1916,11,6,7.9
1916,11,13,34.8
1916,11,14,6.4
1916,11,28,7.1
1916,12,1,0.5
1916,12,2,29.2
1916,12,4,37.3
1916,12,5,0.8
1916,12,7,11.2
1916,12,10,3.6
1916,12,13,20.3
1916,12,17,6.9
1916,12,18,6.4
1916,12,26,10.2
1916,12,27,2.5
1916,12,30,142.7
1917,1,1,4.8
1917,1,2,184.4
1917,1,3,10.4
1917,1,4,39.6
1917,1,5,39.9
1917,1,24,8.6
1917,1,25,30.7
1917,1,26,15.7
1917,1,27,16
1917,1,29,23.6
1917,2,3,35.1
1917,2,4,3.8
1917,2,8,1.5
1917,2,9,6.1
1917,2,14,26.4
1917,2,22,1.5
1917,2,25,90.2
1917,2,26,16
1917,2,27,8.6
1917,3,1,7.4
1917,3,5,26.7
1917,3,6,11.4
1917,3,7,9.1
1917,3,8,20.3
1917,3,9,0.8
1917,3,10,0.3
1917,3,22,1.3
1917,3,23,4.8
1917,3,24,6.4
1917,3,26,5.6
1917,4,2,4.1
1917,4,3,0.8
1917,5,1,5.6
1917,5,26,0.8
1917,5,27,27.9
1917,6,19,0.3
1917,6,20,0.8
1917,7,1,0
1917,8,5,66
1917,8,26,14.2
1917,8,27,22.1
1917,9,8,3
1917,9,9,3
1917,9,14,7.6
1917,9,18,1.8
1917,9,19,2.5
1917,10,7,14.7
1917,10,29,0.5
1917,10,30,2.5
1917,11,3,37.8
1917,11,4,17.5
1917,11,21,3.6
1917,11,22,60.5
1917,12,1,4.6
1917,12,5,5.3
1917,12,6,3.8
1917,12,7,1.3
1917,12,13,3.8
1917,12,14,17.3
1917,12,15,16.3
1917,12,16,5.1
1917,12,18,8.6
1917,12,21,1.8
1917,12,22,1.5
1917,12,27,9.1
1918,1,4,4.6
1918,1,5,82.6
1918,1,7,9.1
1918,1,8,1.3
1918,1,9,5.8
1918,1,10,19.1
1918,1,11,1.8
1918,1,12,1
1918,1,13,19.1
1918,1,14,0.3
1918,1,16,14.7
1918,1,17,8.9
1918,1,18,16.3
1918,1,21,0.5
1918,1,22,5.1
1918,1,23,3.8
1918,1,24,7.6
1918,1,25,27.7
1918,1,26,2.8
1918,1,27,54.4
1918,1,28,19.1
1918,1,29,1.3
1918,2,6,11.4
1918,2,7,5.1
1918,2,8,1.3
1918,2,9,95.3
1918,2,10,62.2
1918,2,11,94.2
1918,2,12,4.6
1918,2,13,0.3
1918,2,16,5.3
1918,2,17,1
1918,3,11,43.2
1918,3,12,11.4
1918,3,13,3.3
1918,4,5,1.5
1918,4,21,12.7
1918,4,22,10.7
1918,4,23,1
1918,5,1,0
1918,6,24,0.3
1918,7,1,0
1918,8,16,3
1918,8,29,18
1918,9,5,15.2
1918,10,2,1.5
1918,11,6,2.5
1918,11,7,18.5
1918,11,8,40.1
1918,11,21,17.5
1918,11,26,6.1
1918,11,27,19.1
1918,12,26,1.3
1918,12,28,7.6
1919,1,4,1.5
1919,1,17,4.1
1919,1,19,14.2
1919,1,20,6.4
1919,1,22,1.5
1919,1,26,1.5
1919,1,30,0.3
1919,2,1,27.4
1919,2,3,10.4
1919,2,10,5.1
1919,2,11,2
1919,2,13,3.8
1919,2,20,1.8
1919,2,22,5.1
1919,2,28,0.5
1919,3,1,10.4
1919,3,2,19.8
1919,3,17,7.1
1919,3,31,8.4
1919,4,2,6.6
1919,4,3,30.2
1919,4,17,24.1
1919,4,18,12.4
1919,4,24,1.5
1919,4,26,21.3
1919,4,28,0.5
1919,5,5,0.5
1919,5,21,1.5
1919,5,22,11.2
1919,6,11,1.5
1919,6,12,1
1919,6,13,2.5
1919,7,1,0
1919,8,25,1.5
1919,8,26,1.3
1919,9,17,0.5
1919,9,18,0.5
1919,10,1,0
1919,11,23,1
1919,12,18,1.8
1919,12,30,0.8
1919,12,31,3
1920,1,1,3.6
1920,1,5,0.5
1920,1,6,33
1920,1,18,3.8
1920,1,19,4.1
1920,1,20,32.3
1920,1,21,29.7
1920,1,22,7.1
1920,1,25,4.3
1920,1,28,51.6
1920,1,29,5.3
1920,1,30,3.8
1920,1,31,17.8
1920,2,1,2.5
1920,2,3,6.9
1920,2,4,6.1
1920,2,7,0.5
1920,2,9,1
1920,2,10,1.5
1920,2,28,1.3
1920,3,3,8.1
1920,3,8,4.1
1920,3,9,2.8
1920,3,12,14.7
1920,4,19,1.3
1920,4,20,35.3
1920,4,22,33.8
1920,4,23,15
1920,4,24,1.8
1920,4,25,1
1920,4,28,7.1
1920,4,29,23.6
1920,5,4,13.5
1920,5,5,3
1920,5,6,48.8
1920,5,7,1.8
1920,5,14,2
1920,5,16,5.6
1920,5,17,1.8
1920,5,23,7.4
1920,5,26,1
1920,6,3,2.5
1920,6,13,11.2
1920,6,28,2.8
1920,6,29,2.5
1920,7,2,1
1920,7,4,1.8
1920,7,14,0.5
1920,7,15,3
1920,7,16,1
1920,7,27,1.5
1920,7,30,0.5
1920,8,1,0.3
1920,8,28,29.7
1920,8,29,4.3
1920,9,3,0.5
1920,9,4,1.8
1920,9,15,3
1920,9,16,5.1
1920,9,17,2
1920,9,18,4.3
1920,10,16,3.3
1920,10,20,1.3
1920,10,21,1
1920,10,22,9.7
1920,10,24,3
1920,11,16,3.8
1920,12,6,8.1
1920,12,7,36.8
1920,12,8,29.7
1920,12,9,8.4
1920,12,23,10.2
1921,1,3,0.8
1921,1,14,51.1
1921,1,15,24.4
1921,1,16,3.8
1921,1,17,64.8
1921,1,18,61.2
1921,1,19,9.1
1921,1,21,8.1
1921,1,22,0.5
1921,2,8,0.5
1921,2,14,5.3
1921,2,16,10.2
1921,2,18,2
1921,2,21,8.6
1921,2,22,27.4
1921,2,27,0.5
1921,3,1,4.1
1921,3,2,0.8
1921,3,7,11.4
1921,3,8,67.8
1921,3,10,4.1
1921,3,11,2
1921,3,12,6.6
1921,3,13,36.1
1921,3,14,5.1
1921,3,16,2.5
1921,3,20,2.5
1921,3,30,3.6
1921,3,31,0.8
1921,4,2,2.5
1921,4,3,2.3
1921,4,4,1
1921,4,5,1
1921,5,5,2.3
1921,5,7,2
1921,5,20,19.6
1921,5,21,9.1
1921,6,8,1.3
1921,6,9,3.8
1921,6,12,1
1921,6,13,0.8
1921,6,20,0.5
1921,6,30,1
1921,7,1,48
1921,7,8,1.3
1921,7,11,1
1921,7,12,0.5
1921,7,13,3.3
1921,7,14,18.3
1921,8,9,13.5
1921,8,10,2.5
1921,8,11,0.3
1921,9,1,2.3
1921,9,5,21.1
1921,9,6,1.5
1921,9,7,7.4
1921,9,26,1
1921,10,10,25.9
1921,10,11,21.6
1921,10,12,6.6
1921,10,13,3.3
1921,10,15,4.1
1921,10,18,21.6
1921,10,27,0.5
1921,11,1,0
1921,12,12,14.5
1921,12,21,17
1921,12,22,2.5
1921,12,23,3.6
1921,12,25,2.3
1921,12,26,0.5
1921,12,27,2.8
1921,12,28,19.8
1921,12,29,6.4
1921,12,30,1.5
1921,12,31,18
1922,1,7,1.5
1922,1,9,1.3
1922,1,10,16.5
1922,1,24,34.3
1922,1,30,3
1922,2,2,0.8
1922,2,3,25.9
1922,2,4,39.1
1922,2,10,22.1
1922,2,11,0.8
1922,2,12,3.8
1922,2,13,4.6
1922,2,14,21.8
1922,2,15,5.1
1922,2,16,7.6
1922,2,27,1.5
1922,3,2,165.9
1922,3,3,15.2
1922,3,4,9.7
1922,3,6,0.3
1922,3,7,4.8
1922,3,21,7.6
1922,3,28,2.8
1922,4,22,1.3
1922,5,11,2.5
1922,6,24,1.3
1922,6,30,7.6
1922,7,1,0.5
1922,7,8,81.3
1922,7,9,1.3
1922,7,16,1.5
1922,7,22,0.3
1922,7,23,11.4
1922,7,24,5.1
1922,8,1,0
1922,9,23,1
1922,9,30,1.3
1922,10,26,1.3
1922,11,14,2.5
1922,12,7,6.9
1922,12,9,1.3
1922,12,16,6.9
1922,12,17,3.8
1922,12,20,3.3
1922,12,21,39.1
1922,12,23,1.5
1922,12,24,51.1
1922,12,25,96
1922,12,27,0.5
1923,1,2,14.7
1923,1,3,26.7
1923,1,8,5.3
1923,1,9,32
1923,1,10,1.3
1923,1,11,10.9
1923,1,12,0.8
1923,1,13,15
1923,1,14,6.9
1923,1,20,13.7
1923,1,26,2
1923,1,27,29.5
1923,1,28,0.8
1923,2,3,1.5
1923,2,4,9.4
1923,3,16,12.7
1923,4,26,6.6
1923,4,27,14.7
1923,5,10,1.8
1923,6,3,4.1
1923,6,4,35.1
1923,6,23,0.8
1923,6,24,3.3
1923,6,26,1.8
1923,7,1,0.8
1923,7,27,1.5
1923,7,30,1.8
1923,8,19,28.2
1923,8,29,0.3
1923,9,4,0.3
1923,10,12,0.3
1923,11,3,1.5
1923,12,5,2.5
1923,12,14,5.6
1923,12,22,8.6
1923,12,27,7.6
1923,12,28,40.4
1923,12,29,2.5
1924,1,5,1.3
1924,1,6,5.1
1924,1,21,1.3
1924,2,9,1
1924,2,14,3
1924,2,15,29.7
1924,2,16,49.8
1924,2,17,1.5
1924,2,18,39.9
1924,2,19,19.8
1924,2,20,51.8
1924,2,21,43.7
1924,2,23,14.7
1924,2,25,21.1
1924,2,26,13
1924,2,27,7.1
1924,2,28,18.3
1924,2,29,29.5
1924,3,1,2.3
1924,3,4,7.6
1924,3,5,15.2
1924,3,6,2.5
1924,3,7,12.4
1924,3,8,58.7
1924,3,9,25.9
1924,3,10,13.5
1924,3,11,1.8
1924,3,12,3
1924,3,13,14.2
1924,3,14,1.3
1924,4,3,3.8
1924,4,7,24.6
1924,4,8,12.2
1924,4,29,19.1
1924,4,30,4.8
1924,5,6,0.8
1924,5,7,6.6
1924,5,9,0.8
1924,5,10,0.5
1924,6,11,0.5
1924,6,12,4.8
1924,7,1,0
1924,8,24,0.5
1924,8,25,9.7
1924,8,26,19.8
1924,8,29,14.5
1924,8,30,49.8
1924,9,25,2
1924,9,29,5.6
1924,10,6,9.9
1924,10,7,18
1924,10,8,1.3
1924,10,22,7.9
1924,11,5,0.3
1924,11,7,2.5
1924,11,8,7.6
1924,11,12,1.5
1924,11,13,8.1
1924,11,14,9.4
1924,11,15,8.4
1924,12,2,0.3
1924,12,7,12.2
1924,12,15,7.6
1924,12,16,27.9
1924,12,17,12.7
1924,12,21,14
1925,1,5,8.9
1925,1,6,0.5
1925,1,13,3.8
1925,1,20,52.8
1925,1,21,33.5
1925,1,22,13.2
1925,1,26,31.5
1925,1,27,5.1
1925,1,28,1.3
1925,1,29,5.1
1925,1,30,40.6
1925,1,31,43.9
1925,2,1,8.4
1925,2,2,62.5
1925,2,3,53.3
1925,2,4,35.6
1925,2,7,1.5
1925,2,26,5.6
1925,2,27,5.6
1925,2,28,8.6
1925,3,1,2
1925,3,6,23.4
1925,3,15,1.3
1925,3,18,0.8
1925,3,20,4.3
1925,3,21,0.5
1925,3,22,15.2
1925,3,23,3
1925,3,24,2.5
1925,3,26,13.2
1925,3,29,0.5
1925,4,1,0
1925,5,1,0
1925,6,18,34.8
1925,6,19,0.5
1925,7,11,5.8
1925,8,8,7.6
1925,8,9,19.1
1925,8,29,0.3
1925,9,3,1
1925,9,4,20.3
1925,9,23,0.8
1925,10,1,0
1925,11,1,0
1925,12,14,0.8
1925,12,15,3.8
1925,12,24,17.5
1926,1,1,4.8
1926,1,2,0.8
1926,1,3,28.4
1926,1,6,3
1926,1,7,2
1926,1,11,2.3
1926,1,17,0.8
1926,1,22,24.9
1926,2,9,7.1
1926,2,10,44.7
1926,3,11,0.5
1926,3,21,0.3
1926,3,25,8.4
1926,4,1,0
1926,5,14,4.6
1926,6,15,0.3
1926,6,16,3.3
1926,6,22,0.3
1926,6,23,0.8
1926,7,7,4.3
1926,8,1,0
1926,9,9,11.9
1926,9,10,1.5
1926,9,13,0.3
1926,9,20,3.6
1926,9,23,0.3
1926,9,24,1.3
1926,9,26,31
1926,10,15,0.5
1926,10,16,5.1
1926,11,20,3.3
1926,11,21,2.5
1926,12,7,9.9
1926,12,8,5.8
1926,12,15,7.1
1926,12,16,0.3
1926,12,17,2.3
1926,12,19,13.5
1926,12,21,38.1
1926,12,22,2
1926,12,27,12.2
1926,12,28,4.6
1927,1,11,0.5
1927,1,12,2.3
1927,1,18,23.9
1927,1,19,10.4
1927,1,20,0.8
1927,1,21,6.4
1927,1,22,8.1
1927,1,23,26.2
1927,1,24,58.9
1927,1,27,11.2
1927,1,29,0.8
1927,2,1,24.1
1927,2,2,2.5
1927,2,3,0.8
1927,2,4,1
1927,2,6,0.5
1927,2,10,11.4
1927,2,11,25.1
1927,2,12,8.6
1927,2,16,5.1
1927,2,17,3
1927,2,22,0.8
1927,2,23,3.6
1927,3,3,4.6
1927,3,4,6.4
1927,3,6,13.5
1927,3,12,0.3
1927,3,14,2.5
1927,3,24,13.5
1927,3,25,30.5
1927,3,26,1.3
1927,3,27,37.3
1927,3,28,0.5
1927,3,30,0.3
1927,4,7,3.6
1927,4,9,10.7
1927,4,22,1.5
1927,5,1,0
1927,6,3,4.6
1927,6,4,60.5
1927,6,11,17.3
1927,6,12,4.3
1927,6,25,0.5
1927,6,29,0.5
1927,7,6,1.5
1927,7,7,11.2
1927,7,8,32.5
1927,7,22,7.4
1927,7,23,13.7
1927,7,24,0.5
1927,8,1,0
1927,9,12,0.5
1927,9,27,25.4
1927,10,3,0.8
1927,10,13,2.3
1927,10,14,1.3
1927,10,18,0.5
1927,10,23,4.1
1927,11,20,1.5
1927,12,3,6.4
1927,12,6,4.1
1927,12,8,16.5
1927,12,11,0.5
1927,12,13,1.5
1927,12,14,6.6
1927,12,15,4.3
1927,12,16,4.1
1927,12,17,1.5
1927,12,18,5.6
1927,12,22,0.5
1927,12,23,3
1927,12,24,44.5
1927,12,25,1
1928,1,17,11.7
1928,1,18,3
1928,1,19,9.9
1928,1,23,8.4
1928,1,27,2.5
1928,1,29,3.6
1928,2,1,3
1928,2,2,14
1928,2,3,18.5
1928,2,7,10.4
1928,2,8,5.8
1928,2,10,4.8
1928,2,14,43.2
1928,2,24,1
1928,2,25,14.5
1928,2,26,0.8
1928,2,27,3
1928,2,28,11.4
1928,3,1,49.8
1928,3,2,218.4
1928,3,3,7.6
1928,3,7,0.8
1928,3,9,3.8
1928,3,28,15.2
1928,3,29,7.4
1928,3,30,1.8
1928,3,31,3.8
1928,4,17,1
1928,4,22,4.1
1928,5,1,0
1928,6,6,5.6
1928,7,17,1.5
1928,7,24,0.8
1928,8,1,0
1928,9,1,0
1928,10,27,2.3
1928,10,28,2.5
1928,11,5,1.3
1928,11,11,2.3
1928,11,12,0.8
1928,11,20,53.3
1928,11,26,11.4
1928,11,27,22.6
1928,11,28,35.6
1928,11,29,0.8
1928,12,6,5.1
1928,12,9,2.3
1928,12,12,8.1
1928,12,13,8.1
1928,12,18,1.8
1928,12,24,2
1928,12,25,3.3
1928,12,26,52.3
1928,12,27,0.5
1928,12,28,13.5
1929,1,3,6.6
1929,1,4,12.2
1929,1,5,6.4
1929,1,7,1.8
1929,1,10,1.3
1929,1,11,24.9
1929,1,21,0.8
1929,1,22,13
1929,1,23,12.7
1929,1,24,0.5
1929,2,9,30.2
1929,2,10,6.4
1929,2,13,39.6
1929,2,14,2
1929,2,15,10.4
1929,2,19,23.4
1929,2,21,3.3
1929,2,24,3.8
1929,2,25,2.3
1929,2,26,0.3
1929,2,27,1
1929,2,28,0.8
1929,3,3,0.3
1929,3,6,6.1
1929,3,7,111.8
1929,3,8,5.6
1929,3,9,5.8
1929,3,10,2.5
1929,3,11,22.1
1929,3,12,0.3
1929,3,13,1.3
1929,3,22,2.8
1929,3,26,20.3
1929,3,27,2.3
1929,3,28,11.2
1929,3,30,1
1929,4,1,3.8
1929,4,2,4.1
1929,4,3,8.6
1929,4,4,38.6
1929,5,1,0
1929,6,12,0.5
1929,6,13,9.7
1929,6,14,16.5
1929,6,15,17.3
1929,6,16,0.8
1929,7,1,0
1929,8,1,0
1929,9,28,2.5
1929,10,12,1.5
1929,10,13,7.9
1929,10,29,0.3
1929,11,8,1.5
1929,11,10,0.8
1929,11,11,2.3
1929,11,13,0.3
1929,11,14,0.5
1929,11,17,0.8
1929,11,18,0.3
1929,11,22,12.7
1929,11,26,6.1
1929,12,1,0.8
1929,12,4,12.7
1929,12,20,16.5
1929,12,29,14.2
1929,12,30,9.7
1930,1,1,14.5
1930,1,2,3.8
1930,1,3,26.7
1930,1,4,1
1930,1,5,0.3
1930,1,6,12.2
1930,1,7,0.8
1930,1,8,11.4
1930,1,9,2.3
1930,1,15,6.9
1930,1,16,2.5
1930,1,17,6.1
1930,1,18,42.2
1930,1,21,5.3
1930,1,22,2.8
1930,1,23,22.1
1930,1,24,6.1
1930,1,26,6.4
1930,1,28,21.8
1930,1,29,85.3
1930,1,30,3.6
1930,1,31,0.3
1930,2,2,0.8
1930,2,3,4.8
1930,2,4,1.5
1930,2,5,16.5
1930,2,6,26.4
1930,2,7,2
1930,2,20,17.8
1930,2,24,0.8
1930,2,26,16
1930,3,1,0.3
1930,3,2,1.8
1930,3,3,15.2
1930,3,4,7.9
1930,3,20,33
1930,3,26,5.6
1930,4,3,2.5
1930,4,10,0.3
1930,5,7,5.8
1930,5,8,0.8
1930,5,9,54.6
1930,5,12,9.1
1930,5,14,1.5
1930,5,30,0.5
1930,5,31,22.9
1930,6,1,2.3
1930,6,11,1.3
1930,6,12,3
1930,6,13,31.8
1930,6,14,7.9
1930,6,15,0.5
1930,6,27,0.5
1930,7,2,0.5
1930,7,24,1.5
1930,8,1,0
1930,9,26,5.3
1930,10,4,48.3
1930,10,5,2
1930,10,7,0.3
1930,10,11,2
1930,10,13,0.8
1930,11,25,0.5
1930,11,26,1
1930,12,11,7.4
1930,12,18,0.8
1930,12,27,0.8
1931,1,11,2
1931,1,20,0.3
1931,1,27,17.3
1931,1,28,16.5
1931,1,29,0.3
1931,2,1,0.8
1931,2,2,8.4
1931,2,23,47.5
1931,3,6,4.6
1931,3,12,2.5
1931,3,13,0.5
1931,3,22,2.3
1931,3,23,1.3
1931,3,24,3
1931,3,27,0.8
1931,3,28,0.8
1931,3,29,0.5
1931,3,31,0.3
1931,4,3,13
1931,4,24,4.1
1931,5,23,0.3
1931,5,25,1.5
1931,5,28,0.5
1931,6,25,0.3
1931,7,20,0.3
1931,8,9,0.3
1931,9,17,104.1
1931,9,18,0.8
1931,10,4,0.3
1931,10,21,4.1
1931,10,22,4.1
1931,10,23,3
1931,10,24,12.2
1931,10,25,1.5
1931,10,26,0.5
1931,11,2,0.5
1931,11,10,0.8
1931,11,12,1.5
1931,11,13,0.3
1931,11,14,2
1931,11,15,9.9
1931,11,17,5.1
1931,11,18,11.2
1931,11,25,0.3
1931,11,26,3
1931,11,29,1.5
1931,11,30,2
1931,12,4,2.3
1931,12,5,1.3
1931,12,6,1.3
1931,12,7,7.6
1931,12,8,0.3
1931,12,9,21.8
1931,12,14,2
1931,12,25,3.3
1931,12,26,0.5
1931,12,27,1
1932,1,15,8.1
1932,1,16,4.8
1932,1,17,4.1
1932,1,18,1
1932,1,19,25.1
1932,1,20,34.5
1932,1,21,6.1
1932,1,22,21.3
1932,1,23,10.9
1932,1,24,1.8
1932,2,10,0.3
1932,2,26,2
1932,2,28,1.5
1932,3,1,21.6
1932,3,3,10.7
1932,3,4,9.7
1932,3,22,0.5
1932,3,23,0.8
1932,3,25,0.8
1932,3,27,1
1932,3,28,36.3
1932,4,8,1
1932,4,11,7.1
1932,4,13,1.8
1932,4,14,1.3
1932,4,15,0.3
1932,4,17,0.3
1932,4,18,0.5
1932,5,17,1
1932,5,19,14.7
1932,5,22,15.5
1932,5,23,9.7
1932,6,20,0.5
1932,7,1,0
1932,8,1,0
1932,9,1,0
1932,10,18,1
1932,10,26,1.8
1932,10,27,12.4
1932,11,3,2.5
1932,11,7,0.3
1932,11,19,24.1
1932,11,20,5.1
1932,11,28,1.5
1932,12,11,5.1
1932,12,12,15.2
1932,12,19,19.1
1932,12,21,0.5
1932,12,22,6.4
1932,12,23,12.7
1932,12,24,19.6
1933,1,3,7.6
1933,1,6,1.3
1933,1,7,0.5
1933,1,14,3.3
1933,1,23,18.5
1933,1,25,0.3
1933,1,26,0.3
1933,1,27,5.1
1933,1,28,2
1933,1,31,5.8
1933,2,2,5.8
1933,2,3,1.3
1933,2,4,1.8
1933,2,5,10.7
1933,2,6,7.6
1933,2,7,21.3
1933,2,8,21.6
1933,2,9,15.2
1933,2,10,3.8
1933,2,11,14.2
1933,2,12,0.5
1933,2,13,5.3
1933,2,16,3.8
1933,2,17,3.8
1933,2,20,6.6
1933,2,21,9.9
1933,2,22,0.3
1933,2,28,27.4
1933,3,19,0.3
1933,3,21,0.3
1933,4,4,14
1933,5,9,0.5
1933,5,10,1.3
1933,5,14,0.3
1933,5,15,6.4
1933,5,16,0.8
1933,5,17,0.3
1933,6,3,27.7
1933,6,22,0.5
1933,6,23,8.4
1933,6,24,0.3
1933,7,1,0.3
1933,7,3,13
1933,7,4,2.5
1933,7,7,0.3
1933,7,9,1.3
1933,7,10,17.8
1933,7,11,0.3
1933,7,17,0.3
1933,7,18,2.5
1933,7,25,0.8
1933,8,7,0.5
1933,8,8,2.5
1933,8,14,0.5
1933,8,17,0.5
1933,8,18,4.1
1933,8,20,0.5
1933,8,22,0.5
1933,8,23,0.3
1933,9,5,1.8
1933,9,6,19.1
1933,9,14,14
1933,9,15,1.3
1933,9,26,11.4
1933,9,27,1.8
1933,9,28,7.9
1933,9,29,1.8
1933,9,30,17.8
1933,10,1,5.3
1933,10,2,0.3
1933,10,13,5.8
1933,10,14,22.9
1933,10,15,2
1933,10,16,6.4
1933,10,17,3.6
1933,10,26,2.3
1933,10,27,0.3
1933,11,8,14
1933,11,9,9.7
1933,11,10,0.3
1933,11,11,23.4
1933,11,12,8.9
1933,11,13,14
1933,11,14,1
1933,11,19,0.3
1933,11,20,0.8
1933,11,21,0.8
1933,11,30,1.3
1933,12,1,3
1933,12,5,4.6
1933,12,6,0.3
1933,12,7,0.5
1933,12,8,1.8
1933,12,9,0.5
1933,12,10,1.8
1933,12,16,7.4
1933,12,17,17.5
1933,12,18,4.3
1933,12,19,0.3
1933,12,28,1.3
1933,12,30,0.5
1933,12,31,1.3
1934,1,1,8.4
1934,1,2,0.3
1934,1,7,0.5
1934,1,8,44.5
1934,1,9,2
1934,1,12,2
1934,1,23,8.6
1934,1,24,1
1934,1,28,5.3
1934,1,29,1.8
1934,1,30,4.1
1934,1,31,97.5
1934,2,1,25.7
1934,2,2,31.2
1934,2,15,0.5
1934,2,16,1.3
1934,2,18,14
1934,2,19,1.3
1934,2,20,16.5
1934,2,21,15.2
1934,2,22,4.3
1934,2,23,34.8
1934,2,24,14
1934,2,25,6.9
1934,2,27,12.7
1934,3,4,0.8
1934,3,5,4.8
1934,3,12,0.5
1934,3,15,2
1934,3,16,1.3
1934,3,28,0.5
1934,3,29,5.1
1934,4,1,0.5
1934,4,10,0.3
1934,4,11,2.8
1934,4,14,8.4
1934,4,26,0.8
1934,4,27,5.3
1934,4,28,9.7
1934,5,6,0.8
1934,5,13,1.3
1934,5,14,0.8
1934,5,19,0.5
1934,5,20,0.3
1934,5,26,0.3
1934,5,27,6.4
1934,5,28,0.3
1934,5,30,3.3
1934,5,31,10.9
1934,6,1,0.3
1934,6,18,1.8
1934,6,25,7.1
1934,6,26,2.8
1934,6,30,1.3
1934,7,1,2
1934,7,16,0.3
1934,7,24,0.3
1934,7,25,2
1934,7,27,7.6
1934,7,28,2.3
1934,7,29,2.8
1934,7,30,0.3
1934,8,23,13.5
1934,8,31,2.3
1934,9,1,0.3
1934,9,22,0.3
1934,10,13,0.3
1934,10,16,7.1
1934,10,17,4.1
1934,10,20,4.1
1934,10,28,3.3
1934,10,29,3.8
1934,10,31,0.5
1934,11,11,1.3
1934,11,12,21.8
1934,11,13,0.3
1934,11,15,4.8
1934,11,20,0.3
1934,11,21,0.8
1934,11,22,0.3
1934,11,28,1.8
1934,12,1,0.5
1934,12,14,4.1
1934,12,22,0.5
1934,12,28,0.5
1935,1,2,12.7
1935,1,5,5.3
1935,1,6,16.5
1935,1,14,1.3
1935,1,15,2.3
1935,1,19,4.1
1935,1,21,20.3
1935,1,27,14.2
1935,2,1,24.9
1935,2,6,7.9
1935,2,23,17.8
1935,2,24,2.3
1935,2,25,0.3
1935,2,26,1.5
1935,3,1,0.5
1935,3,2,1.5
1935,3,3,0.5
1935,3,4,2.3
1935,3,5,0.8
1935,3,16,0.3
1935,3,26,7.9
1935,3,27,20.3
1935,3,28,0.3
1935,4,1,0
1935,5,5,0.5
1935,5,6,9.1
1935,5,25,13
1935,5,26,4.3
1935,5,31,0.3
1935,6,10,1.8
1935,6,27,15.2
1935,6,28,6.1
1935,6,29,1.5
1935,6,30,4.6
1935,7,1,1.8
1935,7,2,0.3
1935,7,7,25.4
1935,7,8,16.5
1935,7,9,0.5
1935,8,1,0
1935,9,13,6.1
1935,9,18,5.8
1935,10,22,18
1935,10,23,3.8
1935,10,24,1.8
1935,10,25,15.2
1935,11,2,0.3
1935,11,6,0.3
1935,11,26,0.5
1935,12,4,9.9
1935,12,7,1.3
1935,12,8,3.6
1935,12,9,14.7
1935,12,22,0.8
1935,12,25,2.8
1935,12,26,1
1936,1,1,2.8
1936,1,7,21.1
1936,1,8,5.3
1936,1,11,10.2
1936,1,12,7.4
1936,1,13,11.9
1936,1,14,0.3
1936,1,31,1.8
1936,2,5,0.3
1936,2,6,19.6
1936,2,13,2.8
1936,2,14,30.7
1936,2,15,0.3
1936,2,16,34.8
1936,2,17,9.1
1936,2,18,43.4
1936,2,19,17.3
1936,2,20,20.3
1936,2,21,13
1936,2,22,0.8
1936,2,23,0.3
1936,2,26,0.3
1936,2,27,1.8
1936,3,3,24.6
1936,3,4,0.5
1936,3,5,21.1
1936,3,6,22.9
1936,3,7,0.5
1936,3,8,0.5
1936,3,9,0.8
1936,3,10,0.5
1936,3,11,45.7
1936,3,12,3.3
1936,3,13,0.5
1936,3,14,0.8
1936,3,15,15.2
1936,3,16,6.9
1936,3,18,36.6
1936,3,19,4.8
1936,3,20,0.5
1936,3,23,0.5
1936,4,1,29.7
1936,4,5,12.7
1936,4,13,0.8
1936,5,5,1.5
1936,5,11,0.5
1936,5,17,1.5
1936,5,31,6.1
1936,6,1,9.9
1936,6,2,55.9
1936,6,3,22.9
1936,6,4,0.8
1936,6,7,1.5
1936,6,9,0.3
1936,6,10,1.5
1936,6,11,6.4
1936,6,12,1.3
1936,6,14,0.3
1936,6,16,0.3
1936,6,17,1
1936,6,21,0.5
1936,6,22,2
1936,6,23,15.2
1936,6,24,13
1936,6,25,0.3
1936,7,2,0.3
1936,7,3,1.3
1936,7,4,3.8
1936,7,5,0.5
1936,7,11,0.8
1936,7,13,0.3
1936,7,26,0.3
1936,7,30,0.3
1936,7,31,0.3
1936,8,1,0
1936,9,4,2.8
1936,10,24,0.8
1936,11,2,17.8
1936,11,22,0.3
1936,11,24,2.8
1936,12,4,7.9
1936,12,5,25.4
1936,12,6,22.4
1936,12,11,4.8
1936,12,15,5.6
1936,12,17,0.3
1936,12,18,4.6
1936,12,25,1.8
1936,12,28,16.3
1936,12,29,0.5
1936,12,31,1
1937,1,2,0.8
1937,1,3,3
1937,1,14,8.1
1937,1,15,0.3
1937,1,23,15.2
1937,1,24,62.2
1937,1,27,6.4
1937,1,29,23.4
1937,1,30,16.5
1937,2,3,13.5
1937,2,4,0.5
1937,2,7,4.3
1937,2,8,32
1937,2,9,4.6
1937,2,10,19.1
1937,2,11,15.2
1937,2,12,4.3
1937,2,24,0.8
1937,2,25,2.5
1937,2,26,0.3
1937,3,2,6.6
1937,3,3,0.3
1937,3,9,34.3
1937,3,10,3.8
1937,3,11,9.7
1937,3,12,32
1937,3,13,19.6
1937,3,14,9.4
1937,3,15,7.6
1937,3,17,0.3
1937,3,19,11.4
1937,3,22,24.6
1937,3,23,0.5
1937,4,23,0.8
1937,5,8,0.8
1937,6,9,3
1937,6,11,0.3
1937,6,12,0.3
1937,6,13,0.3
1937,6,15,21.6
1937,6,16,0.8
1937,6,17,0.3
1937,6,18,19.1
1937,6,19,2.8
1937,7,23,0.5
1937,7,27,0.8
1937,7,28,9.4
1937,7,29,0.3
1937,8,15,0.3
1937,9,1,0
1937,10,11,1.3
1937,10,12,13.5
1937,10,16,0.3
1937,10,17,2
1937,11,2,6.4
1937,11,3,2.3
1937,11,4,12.7
1937,11,22,2.3
1937,11,24,4.6
1937,11,25,33
1937,11,26,0.5
1937,11,27,0.5
1937,12,10,1
1937,12,13,31.8
1937,12,16,0.3
1937,12,17,0.3
1937,12,19,0.5
1937,12,28,3.3
1937,12,29,8.9
1938,1,6,10.2
1938,1,11,44.2
1938,1,12,18.8
1938,1,23,7.9
1938,1,24,2.8
1938,1,25,46.7
1938,1,26,12.2
1938,1,29,1.3
1938,1,30,0.5
1938,2,6,0.5
1938,2,7,14.2
1938,2,8,0.3
1938,2,13,0.3
1938,2,14,2.8
1938,2,15,8.4
1938,2,16,35.6
1938,2,17,3.3
1938,2,18,27.4
1938,2,19,0.3
1938,2,20,0.8
1938,2,22,54.6
1938,3,7,0.3
1938,3,8,0.8
1938,3,12,3.3
1938,3,16,2.5
1938,3,21,0.5
1938,3,22,1.8
1938,3,23,0.5
1938,3,25,9.7
1938,3,26,2.5
1938,3,27,64.8
1938,3,28,19.8
1938,3,29,0.3
1938,4,19,3.3
1938,5,24,7.6
1938,5,25,0.3
1938,5,27,0.3
1938,5,29,1.8
1938,5,30,1
1938,6,9,0.3
1938,6,12,0.3
1938,6,13,3
1938,6,14,2.8
1938,6,24,0.5
1938,6,25,0.3
1938,7,1,1.5
1938,7,2,2.8
1938,7,3,29.2
1938,7,4,13.7
1938,7,5,0.3
1938,7,21,0.5
1938,7,25,0.5
1938,8,1,0
1938,9,1,0
1938,10,15,0.3
1938,10,24,44.7
1938,11,6,0.5
1938,11,8,1.5
1938,11,11,0.3
1938,11,17,3.8
1938,11,22,3.3
1938,11,23,3
1938,11,29,24.4
1938,11,30,7.1
1938,12,14,0.8
1938,12,21,0.8
1939,1,4,3
1939,1,6,14
1939,1,13,1
1939,1,17,3.8
1939,1,18,0.8
1939,1,19,2.5
1939,1,20,3
1939,1,21,2.5
1939,1,22,1.8
1939,1,23,10.2
1939,1,28,8.4
1939,2,3,0.3
1939,2,4,19.1
1939,2,5,14.2
1939,2,6,34.3
1939,2,7,2.3
1939,2,8,0.3
1939,2,9,6.9
1939,2,11,2
1939,2,12,0.8
1939,2,13,12.4
1939,2,14,13.5
1939,2,15,4.3
1939,2,16,1.3
1939,2,23,31.8
1939,2,27,0.3
1939,3,1,0.3
1939,3,8,25.4
1939,3,9,4.8
1939,3,10,4.3
1939,3,11,0.5
1939,3,12,0.3
1939,3,14,24.1
1939,3,16,2
1939,3,18,1.3
1939,3,19,6.9
1939,3,20,0.8
1939,3,21,0.8
1939,3,23,0.8
1939,3,26,2
1939,3,27,0.5
1939,4,10,1.3
1939,4,11,0.8
1939,4,18,56.9
1939,4,19,0.8
1939,4,23,0.3
1939,5,27,4.8
1939,5,28,0.8
1939,5,31,0.3
1939,6,1,0.5
1939,6,4,6.4
1939,6,5,3.3
1939,6,15,2.3
1939,6,16,9.7
1939,6,17,51.1
1939,6,18,0.3
1939,7,4,2.8
1939,7,5,0.3
1939,7,24,3.8
1939,8,2,13.5
1939,9,1,0
1939,10,19,0.5
1939,10,21,0.5
1939,10,22,3.6
1939,11,5,0.8
1939,11,6,0.3
1939,11,7,0.5
1939,11,27,1.3
1939,11,28,0.8
1939,11,29,1
1939,12,3,0.8
1939,12,18,11.2
1939,12,23,6.6
1939,12,25,3.3
1939,12,26,0.8
1939,12,28,17
1939,12,29,0.8
1940,1,3,0.8
1940,1,8,33.3
1940,1,9,33
1940,1,10,5.8
1940,1,11,1
1940,1,18,2.5
1940,1,19,18.8
1940,1,22,1.8
1940,1,31,21.8
1940,2,1,2.5
1940,2,3,16.8
1940,2,4,10.2
1940,2,5,23.4
1940,2,7,8.6
1940,2,8,32.8
1940,2,9,10.9
1940,2,10,10.7
1940,2,11,7.6
1940,2,12,0.3
1940,2,13,0.5
1940,2,16,1
1940,2,17,2.5
1940,2,18,39.4
1940,2,19,96
1940,2,20,8.9
1940,2,21,1.3
1940,2,22,14.7
1940,2,26,1.8
1940,2,27,2
1940,2,28,5.3
1940,2,29,14.7
1940,3,1,15.2
1940,3,2,35.8
1940,3,5,2.8
1940,3,7,0.3
1940,3,8,3.8
1940,3,10,0.8
1940,3,13,1.5
1940,3,17,9.1
1940,3,18,1.3
1940,3,19,1
1940,3,21,0.5
1940,3,25,19.3
1940,3,26,1.5
1940,3,27,2.5
1940,3,28,0.8
1940,3,30,0.3
1940,4,6,1
1940,4,7,4.3
1940,4,8,21.8
1940,4,9,3.8
1940,4,10,1.8
1940,4,14,4.3
1940,4,26,0.3
1940,5,7,2
1940,5,10,3
1940,5,31,2.3
1940,6,16,2.5
1940,6,17,2.5
1940,6,23,0.3
1940,6,26,6.1
1940,6,27,2.5
1940,7,1,0
1940,8,22,25.4
1940,8,23,2.5
1940,8,24,8.6
1940,9,17,0.3
1940,10,1,0
1940,11,6,2
1940,11,8,0.3
1940,11,9,19.3
1940,11,13,0.3
1940,11,15,2.5
1940,11,23,0.3
1940,11,24,0.8
1940,11,25,0.8
1940,11,27,0.8
1940,11,28,8.6
1940,12,2,0.3
1940,12,3,0.3
1940,12,22,27.4
1941,1,3,3
1941,1,4,7.9
1941,1,5,18.8
1941,1,6,47
1941,1,7,12.2
1941,1,8,7.9
1941,1,10,0.8
1941,1,11,17.5
1941,1,12,0.8
1941,1,13,80
1941,1,14,0.3
1941,1,16,0.3
1941,1,19,10.7
1941,1,20,22.4
1941,1,21,5.1
1941,1,22,1.5
1941,1,23,3.6
1941,1,24,5.6
1941,1,31,17.8
1941,2,1,24.6
1941,2,2,1.8
1941,2,3,7.6
1941,2,4,19.3
1941,2,5,40.9
1941,2,6,0.3
1941,2,13,34.5
1941,2,14,2.5
1941,2,15,0.8
1941,2,16,0.8
1941,3,8,0.3
1941,3,9,5.6
1941,3,10,2.3
1941,3,11,2.5
1941,3,12,1
1941,3,14,29
1941,3,15,0.3
1941,3,22,19.3
1941,3,23,2.3
1941,3,26,4.3
1941,3,27,3.3
1941,3,28,32
1941,3,29,3.6
1941,4,3,0.3
1941,4,4,92.7
1941,4,5,4.1
1941,4,6,37.3
1941,4,7,1
1941,4,9,0.3
1941,4,10,0.8
1941,4,11,3.8
1941,4,12,0.8
1941,5,5,0.8
1941,5,6,0.8
1941,5,7,0.3
1941,5,25,0.3
1941,5,27,0.5
1941,5,28,48.3
1941,5,29,17.3
1941,6,9,5.1
1941,6,14,14
1941,6,15,0.3
1941,7,10,1.5
1941,8,31,1.8
1941,9,1,0.3
1941,10,28,7.1
1941,11,1,6.1
1941,11,4,0.5
1941,11,5,0.5
1941,11,6,0.5
1941,11,10,14.2
1941,11,17,31.8
1941,11,22,2.8
1941,11,30,3.8
1941,12,4,7.1
1941,12,8,41.9
1941,12,9,0.3
1941,12,31,35.6
1942,1,18,15.2
1942,1,19,0.5
1942,1,20,2.3
1942,2,4,3.8
1942,2,5,15.2
1942,2,6,15.2
1942,2,9,11.4
1942,2,10,7.1
1942,2,11,10.2
1942,2,12,1
1942,2,13,3.8
1942,2,14,2
1942,2,15,2.5
1942,2,16,6.6
1942,2,17,11.4
1942,2,18,5.1
1942,2,23,3.3
1942,2,24,0.8
1942,2,25,3.8
1942,2,26,5.1
1942,3,5,0.5
1942,3,15,9.7
1942,3,16,8.9
1942,3,20,1
1942,3,21,2.3
1942,4,4,0.3
1942,4,19,0.3
1942,4,20,1.3
1942,4,25,17
1942,4,26,8.6
1942,4,27,1.5
1942,4,28,8.9
1942,4,30,1.3
1942,5,1,0.3
1942,5,25,0.3
1942,5,26,1.3
1942,5,27,13.2
1942,6,26,2.5
1942,6,27,10.9
1942,6,28,3
1942,6,30,0.3
1942,7,1,0.3
1942,7,2,0.3
1942,7,4,5.1
1942,7,5,6.6
1942,7,6,35.6
1942,7,7,19.3
1942,7,8,0.5
1942,7,10,5.1
1942,7,11,9.4
1942,7,14,2.5
1942,7,15,0.5
1942,8,8,0.3
1942,8,24,3.8
1942,9,13,8.9
1942,9,17,0.3
1942,9,18,2.5
1942,9,19,6.4
1942,10,8,2.5
1942,10,12,9.4
1942,10,20,0.5
1942,10,22,3
1942,11,4,4.6
1942,11,5,1.3
1942,11,7,2
1942,11,8,4.8
1942,11,23,1.5
1942,12,2,32
1942,12,3,4.1
1942,12,4,11.4
1942,12,5,2
1942,12,8,18.5
1942,12,9,1.3
1942,12,10,5.6
1942,12,11,6.1
1942,12,12,16.3
1942,12,24,40.1
1942,12,26,2.5
1942,12,28,9.7
1942,12,29,103.6
1942,12,30,1.5
1943,1,1,3.8
1943,1,2,3.8
1943,1,4,17.8
1943,1,15,5.6
1943,1,24,25.9
1943,1,29,5.6
1943,2,3,1.5
1943,2,4,3.8
1943,2,5,26.7
1943,2,6,2.5
1943,2,9,7.4
1943,2,11,5.1
1943,2,12,1.5
1943,2,13,14
1943,2,19,9.4
1943,2,22,54.9
1943,2,23,7.6
1943,2,24,8.6
1943,3,1,5.6
1943,3,9,0.5
1943,3,10,1.3
1943,4,24,3.8
1943,5,1,0
1943,6,1,3
1943,6,5,1.5
1943,6,7,3.8
1943,7,1,0
1943,8,1,0
1943,9,4,6.9
1943,9,5,58.2
1943,9,6,8.9
1943,10,4,0.5
1943,10,13,0.8
1943,10,15,1
1943,10,24,10.4
1943,10,29,27.7
1943,11,24,2.3
1943,12,3,20.3
1943,12,4,4.3
1943,12,5,3.8
1943,12,19,23.1
1943,12,20,39.4
1944,1,8,7.4
1944,1,12,17.8
1944,1,21,10.7
1944,1,24,2.3
1944,2,4,38.1
1944,2,9,91.4
1944,2,10,28.4
1944,2,11,1.3
1944,2,12,0.8
1944,2,13,9.4
1944,2,15,1
1944,2,16,5.6
1944,2,17,53.3
1944,2,18,22.9
1944,2,19,48.8
1944,2,21,2.8
1944,2,22,2.8
1944,3,11,26.7
1944,3,13,60.7
1944,3,27,3.6
1944,3,28,3.8
1944,3,29,102.4
1944,3,30,33
1944,3,31,0.5
1944,4,1,0.5
1944,4,3,1
1944,4,6,0.5
1944,4,11,9.1
1944,4,14,0.3
1944,5,23,6.4
1944,6,4,1.3
1944,6,11,4.6
1944,6,12,0.8
1944,6,25,2.5
1944,6,26,1.5
1944,7,1,6.6
1944,7,2,6.6
1944,7,8,1.8
1944,7,10,3
1944,7,11,6.1
1944,7,12,1
1944,8,22,20.1
1944,8,23,8.6
1944,9,1,0
1944,10,30,36.1
1944,11,1,0
1944,12,2,26.7
1944,12,19,109.7
1944,12,20,25.9
1944,12,22,24.6
1944,12,23,19.8
1944,12,28,3
1945,1,2,1.3
1945,1,13,4.8
1945,1,16,27.2
1945,1,17,31.5
1945,1,24,8.4
1945,2,1,1.3
1945,2,2,22.6
1945,2,3,8.9
1945,2,4,2.5
1945,2,9,3
1945,2,14,0.3
1945,2,20,14.7
1945,2,24,3.8
1945,2,27,7.1
1945,2,28,0.5
1945,3,5,10.4
1945,3,6,86.4
1945,3,7,5.8
1945,3,11,3.8
1945,3,12,63.5
1945,3,13,17.8
1945,3,19,0.8
1945,3,31,1
1945,4,3,5.1
1945,4,4,12.2
1945,4,19,1.3
1945,4,21,4.3
1945,4,22,0.8
1945,4,23,0.8
1945,5,2,7.1
1945,5,29,0.8
1945,5,30,0.5
1945,5,31,1.3
1945,6,4,0.8
1945,6,9,14.7
1945,6,11,7.9
1945,6,20,0.5
1945,6,21,0.5
1945,6,22,1.5
1945,7,11,5.6
1945,7,12,3.3
1945,7,16,8.6
1945,7,27,1.5
1945,7,28,0.8
1945,8,1,0
1945,9,1,5.6
1945,10,12,29.2
1945,10,13,0.3
1945,10,16,17.5
1945,10,17,0.5
1945,10,18,2.3
1945,10,19,0.3
1945,10,20,17
1945,10,22,1.5
1945,11,19,0.3
1945,11,20,14
1945,11,30,24.9
1945,12,3,33.5
1945,12,19,2.3
1945,12,21,23.4
1945,12,24,0.5
1946,1,8,23.9
1946,1,9,14.2
1946,1,10,35.1
1946,1,11,8.4
1946,1,12,14.2
1946,1,15,27.9
1946,1,17,2
1946,1,18,5.1
1946,1,19,11.4
1946,1,20,27.3
1946,1,21,27.3
1946,1,22,24.9
1946,1,23,15.7
1946,1,29,14
1946,1,30,2
1946,1,31,3
1946,2,5,37.6
1946,2,6,2.3
1946,2,9,7.9
1946,2,10,124.2
1946,2,11,4.3
1946,2,12,6.4
1946,2,20,6.6
1946,3,2,2.5
1946,3,3,125.7
1946,3,4,46.5
1946,3,5,3.6
1946,3,6,1.5
1946,3,18,6.9
1946,4,1,0
1946,5,15,1.3
1946,6,1,0
1946,7,1,1.8
1946,7,2,0.8
1946,8,1,0
1946,9,1,0
1946,10,1,0
1946,11,10,12.2
1946,11,16,16.3
1946,11,18,1.3
1946,12,17,5.1
1946,12,30,46.7
1946,12,31,1
1947,1,9,5.8
1947,1,13,12.2
1947,1,16,14.7
1947,2,1,23.4
1947,2,3,7.6
1947,2,4,13.2
1947,2,5,58.4
1947,2,6,19.6
1947,2,7,16
1947,2,8,15.2
1947,2,9,30.5
1947,2,10,41.1
1947,2,11,68.6
1947,2,12,17.8
1947,2,13,48
1947,2,26,3.6
1947,3,1,48.5
1947,3,7,0.3
1947,3,25,0.3
1947,3,26,6.6
1947,3,27,14
1947,3,28,27.2
1947,3,29,2
1947,4,1,0
1947,5,24,3.8
1947,5,27,14
1947,5,28,2.8
1947,6,5,1.3
1947,6,8,1
1947,7,1,0
1947,8,19,19.6
1947,8,20,8.9
1947,9,22,4.8
1947,9,27,54.1
1947,10,5,2.8
1947,10,17,2
1947,11,18,17.8
1947,11,19,34
1947,11,23,1.8
1947,11,29,44.5
1947,12,1,3.6
1947,12,3,23.9
1947,12,9,19.3
1947,12,12,1.8
1948,1,2,5.6
1948,1,3,5.1
1948,1,9,0.5
1948,1,10,12.7
1948,1,11,8.4
1948,1,12,1.5
1948,1,13,4.1
1948,1,14,23.1
1948,1,27,2.8
1948,2,1,2.3
1948,2,8,13
1948,2,9,8.9
1948,2,12,4.1
1948,2,13,19.6
1948,2,27,2
1948,2,28,88.1
1948,3,1,16.5
1948,3,2,8.4
1948,3,4,2
1948,3,17,16.5
1948,3,27,0.8
1948,4,1,0
1948,5,1,11.4
1948,6,13,2
1948,6,14,1.8
1948,6,15,2.5
1948,7,2,1
1948,7,3,5.1
1948,7,4,0.8
1948,7,5,5.1
1948,7,6,0.3
1948,8,8,0.5
1948,9,14,1
1948,10,1,0
1948,11,6,8.4
1948,11,18,2.8
1948,11,23,6.6
1948,12,2,3
1948,12,8,10.4
1948,12,19,15.7
1948,12,20,1.8
1948,12,23,1.8
1948,12,31,59.7
1949,1,3,14.7
1949,1,4,38.4
1949,1,6,9.9
1949,1,7,5.6
1949,1,8,5.1
1949,1,10,90.4
1949,1,11,2.5
1949,1,28,5.1
1949,1,29,15.7
1949,1,30,6.9
1949,2,4,1.5
1949,2,13,4.1
1949,2,15,13.7
1949,2,16,8.4
1949,2,22,2
1949,2,23,26.7
1949,2,24,25.1
1949,2,25,0.8
1949,3,4,6.4
1949,3,5,1
1949,3,6,16.8
1949,3,7,1.8
1949,3,8,13.2
1949,3,9,72.4
1949,3,11,49.5
1949,3,15,20.3
1949,3,16,10.9
1949,3,17,1
1949,3,21,1.8
1949,3,22,8.6
1949,3,23,13.7
1949,3,24,5.3
1949,3,25,6.4
1949,3,26,74.4
1949,3,27,2.3
1949,3,28,8.1
1949,3,29,3.8
1949,3,30,2
1949,4,8,1.8
1949,4,9,8.4
1949,4,14,3.8
1949,4,15,0.5
1949,4,26,1.5
1949,4,27,10.2
1949,5,15,5.3
1949,6,1,0
1949,7,19,1
1949,8,1,0
1949,9,24,0.8
1949,10,10,2
1949,10,19,6.9
1949,10,24,8.4
1949,10,25,1.8
1949,11,1,2.5
1949,11,14,3.3
1949,11,22,0.5
1949,11,23,19.1
1949,11,27,12.7
1949,11,28,1.8
1949,11,30,19.6
1949,12,20,1
1949,12,21,14.2
1950,1,5,39.9
1950,1,6,61
1950,1,7,7.9
1950,1,8,11.7
1950,1,14,6.6
1950,1,15,3
1950,1,16,0.8
1950,1,17,45
1950,1,18,2.5
1950,1,24,2.8
1950,1,29,2.3
1950,1,30,64.8
1950,2,7,9.1
1950,2,8,0.3
1950,2,11,1.3
1950,2,12,31.2
1950,2,13,0.8
1950,2,14,8.4
1950,2,15,6.6
1950,2,16,5.1
1950,2,17,6.4
1950,2,18,9.9
1950,2,19,7.9
1950,3,1,0.8
1950,3,2,8.9
1950,3,3,2.5
1950,3,4,36.8
1950,3,5,11.7
1950,3,7,50
1950,3,8,133.9
1950,3,9,58.9
1950,3,10,0.8
1950,3,11,1.8
1950,3,12,47.8
1950,3,13,0.8
1950,3,15,16.3
1950,3,16,4.1
1950,3,17,0.8
1950,3,27,2.8
1950,3,28,4.3
1950,3,29,6.4
1950,3,30,17.5
1950,3,31,10.4
1950,4,1,6.6
1950,4,2,2.3
1950,4,3,2.5
1950,4,5,2.3
1950,4,6,6.6
1950,4,7,0.5
1950,4,8,4.3
1950,4,9,5.1
1950,4,10,1.3
1950,4,11,2.3
1950,4,13,3
1950,4,14,0.3
1950,4,15,2.5
1950,4,16,13.7
1950,4,17,2.3
1950,4,18,0.8
1950,5,20,3.3
1950,5,26,4.6
1950,6,7,1.3
1950,6,8,1.5
1950,6,14,0.3
1950,6,15,2.5
1950,6,16,1
1950,7,9,5.1
1950,7,10,22.4
1950,7,11,3
1950,7,12,4.1
1950,7,13,2.5
1950,7,15,1.3
1950,7,16,12.7
1950,7,17,1
1950,7,22,2.3
1950,7,23,1
1950,7,26,10.7
1950,7,27,2
1950,7,28,1.3
1950,7,29,8.4
1950,8,13,18.8
1950,8,22,10.2
1950,8,23,7.9
1950,9,20,2.8
1950,9,27,0.3
1950,10,8,4.6
1950,10,10,10.4
1950,10,19,11.2
1950,10,29,1
1950,11,11,1.8
1950,11,12,6.9
1950,11,14,32.5
1950,11,15,0.8
1950,11,17,1.5
1950,11,23,17.3
1950,11,24,83.8
1950,11,25,18.8
1950,11,30,1.8
1950,12,1,0.8
1950,12,4,2.5
1950,12,5,2
1950,12,6,6.6
1950,12,7,24.9
1950,12,8,7.6
1950,12,9,3
1950,12,19,13.2
1950,12,20,24.9
1950,12,21,3.3
1950,12,22,0.8
1951,1,6,9.4
1951,1,7,2.5
1951,1,8,5.8
1951,1,9,44.5
1951,1,10,26.2
1951,1,11,7.1
1951,1,12,7.6
1951,1,13,39.4
1951,1,15,1.3
1951,1,16,5.1
1951,1,18,19.1
1951,1,19,16
1951,2,2,14
1951,2,3,2.5
1951,2,4,43.9
1951,2,5,19.8
1951,2,7,52.6
1951,2,8,20.3
1951,2,9,13.2
1951,2,16,7.4
1951,2,27,7.9
1951,3,1,0
1951,4,1,0
1951,5,19,3.8
1951,6,14,14.5
1951,7,1,0
1951,8,1,0
1951,9,24,1.5
1951,10,7,6.6
1951,10,24,1.8
1951,11,1,0
1951,12,20,7.4
1951,12,30,3.6
1951,12,31,9.1
1952,1,10,3
1952,1,11,25.4
1952,1,12,5.1
1952,1,13,8.1
1952,1,14,2.5
1952,1,15,1.8
1952,1,20,8.6
1952,1,21,34.8
1952,1,22,11.2
1952,1,23,10.9
1952,2,17,3.3
1952,2,20,13.5
1952,2,21,13.5
1952,2,22,2
1952,2,23,22.4
1952,2,24,10.2
1952,2,26,0.8
1952,3,16,24.4
1952,3,19,2.5
1952,3,23,8.6
1952,4,8,10.9
1952,4,9,14.2
1952,4,29,9.9
1952,5,8,1
1952,5,12,0.8
1952,5,17,2.8
1952,5,25,0.5
1952,6,14,21.8
1952,6,15,17.3
1952,7,23,5.6
1952,8,16,8.6
1952,8,17,0.5
1952,8,21,2.5
1952,9,1,0
1952,10,6,15.5
1952,10,8,13.7
1952,10,27,2.5
1952,10,30,14.7
1952,10,31,2.3
1952,11,3,8.6
1952,11,8,9.4
1952,12,3,3
1952,12,15,2.5
1952,12,27,1.8
1953,1,2,5.6
1953,1,4,5.6
1953,1,10,2
1953,1,11,3.3
1953,1,12,41.1
1953,1,13,10.2
1953,1,14,23.4
1953,1,15,63.2
1953,1,16,33.3
1953,1,17,4.8
1953,1,18,0.8
1953,1,19,1
1953,1,20,10.2
1953,1,21,8.9
1953,1,22,5.1
1953,1,23,0.8
1953,1,24,6.4
1953,1,25,2.5
1953,1,26,9.4
1953,1,27,0.8
1953,1,28,26.7
1953,1,29,3.3
1953,1,31,0.8
1953,2,1,1.5
1953,2,2,2.5
1953,2,10,16.5
1953,2,11,5.8
1953,2,12,33.8
1953,2,13,14.7
1953,2,14,1.3
1953,2,15,39.9
1953,2,16,3.3
1953,2,18,5.1
1953,2,24,15.7
1953,2,25,0.8
1953,3,13,4.1
1953,3,14,1.8
1953,3,15,2.3
1953,3,23,1
1953,3,25,30
1953,4,1,0
1953,5,4,2.8
1953,6,7,1
1953,7,1,0
1953,8,28,12.2
1953,8,29,15
1953,9,1,0
1953,10,25,2.3
1953,10,26,18.3
1953,11,6,5.6
1953,11,20,6.9
1953,11,27,1
1953,12,2,4.3
1953,12,10,7.6
1953,12,12,44.2
1953,12,29,3
1953,12,30,2.3
1954,1,2,18.3
1954,1,3,35.8
1954,1,15,1
1954,1,16,24.9
1954,1,17,2
1954,1,18,69.3
1954,1,21,7.4
1954,1,22,4.8
1954,1,23,2.5
1954,1,24,0.8
1954,1,25,21.1
1954,1,27,9.7
1954,1,31,7.6
1954,2,1,14.2
1954,2,2,4.6
1954,2,3,17.8
1954,2,5,10.2
1954,2,6,17.8
1954,2,7,13.2
1954,2,8,133.6
1954,2,9,3
1954,2,12,1.3
1954,2,13,10.7
1954,2,14,2.3
1954,2,15,8.4
1954,2,16,6.1
1954,2,17,3
1954,2,19,4.6
1954,2,25,3.8
1954,2,26,5.6
1954,2,28,1.3
1954,3,1,0.8
1954,3,4,6.9
1954,3,5,6.1
1954,3,6,35.6
1954,3,7,6.6
1954,3,8,31
1954,3,10,2.8
1954,4,1,1
1954,4,4,3
1954,4,5,1.8
1954,4,6,2.5
1954,4,11,73.9
1954,4,12,65.8
1954,4,13,25.4
1954,4,14,6.6
1954,4,17,0.3
1954,4,18,10.9
1954,4,19,0.8
1954,4,20,4.6
1954,4,21,4.1
1954,4,22,6.1
1954,4,24,1
1954,4,25,0.5
1954,5,23,2
1954,6,1,0.5
1954,6,4,9.9
1954,6,10,1.8
1954,6,11,0.8
1954,6,28,0.3
1954,7,11,24.1
1954,8,13,0.5
1954,9,1,1.5
1954,9,2,1
1954,9,4,0.3
1954,9,5,0.8
1954,10,6,12.7
1954,10,16,8.6
1954,10,17,1
1954,10,19,10.2
1954,10,21,54.6
1954,10,22,1.3
1954,10,28,7.6
1954,11,10,19.1
1954,11,16,0.3
1954,11,17,10.9
1954,11,18,1.5
1954,11,24,0.5
1954,11,25,18.3
1954,12,7,21.1
1954,12,13,14.5
1954,12,16,1
1954,12,17,0.8
1954,12,20,5.8
1955,1,6,5.1
1955,1,11,3
1955,1,15,1
1955,1,16,3.3
1955,1,24,11.7
1955,1,25,20.6
1955,1,26,0.3
1955,1,30,25.1
1955,1,31,15.7
1955,2,1,5.6
1955,2,3,0.5
1955,2,4,4.3
1955,2,5,1.3
1955,2,7,0.8
1955,2,8,8.9
1955,2,9,2.5
1955,2,10,4.8
1955,2,11,8.1
1955,2,12,2.8
1955,2,14,0.5
1955,2,15,3.8
1955,2,17,2.5
1955,2,20,67.1
1955,2,21,1.3
1955,2,22,1.3
1955,2,23,23.4
1955,2,24,6.4
1955,2,25,41.1
1955,2,27,4.8
1955,2,28,15
1955,3,1,3.8
1955,3,2,2.3
1955,3,4,12.4
1955,3,8,2.5
1955,3,9,22.6
1955,3,10,21.6
1955,3,11,21.6
1955,3,12,17
1955,3,13,29.5
1955,3,14,25.1
1955,3,15,0.5
1955,3,16,4.1
1955,3,17,35.8
1955,3,18,14.5
1955,3,19,8.6
1955,3,20,27.9
1955,3,21,1.5
1955,3,22,0.5
1955,3,24,1
1955,4,5,2
1955,4,9,0.5
1955,4,10,0.8
1955,4,19,2
1955,4,20,4.1
1955,4,22,6.6
1955,4,23,2.8
1955,4,28,7.9
1955,4,30,1
1955,5,4,3.6
1955,5,5,1
1955,5,24,8.9
1955,5,25,4.6
1955,5,26,19.8
1955,5,27,0.5
1955,6,10,8.1
1955,6,18,0.3
1955,6,28,0.3
1955,7,15,2.5
1955,8,1,0
1955,9,27,1.8
1955,10,17,11.4
1955,10,27,3.6
1955,11,1,4.6
1955,11,3,0.8
1955,11,4,21.3
1955,12,12,1.3
1955,12,15,6.4
1955,12,16,1.3
1955,12,18,2.3
1955,12,20,5.8
1955,12,25,5.3
1956,1,9,5.6
1956,1,12,29.2
1956,1,13,2.5
1956,1,14,13.5
1956,1,16,27.2
1956,1,17,27.7
1956,1,18,3.3
1956,1,19,31.8
1956,1,20,25.9
1956,1,21,2.3
1956,1,22,4.6
1956,1,23,59.9
1956,1,24,2.8
1956,1,31,1.5
1956,2,1,1.5
1956,2,2,1.3
1956,2,3,0.5
1956,2,7,17.5
1956,2,8,47.2
1956,2,9,16
1956,2,10,3.6
1956,2,11,24.6
1956,2,12,0.5
1956,2,13,4.6
1956,2,14,39.1
1956,2,15,36.8
1956,2,16,1.5
1956,2,24,6.6
1956,2,25,6.6
1956,2,27,30.5
1956,2,28,0.5
1956,3,6,38.1
1956,3,7,8.1
1956,3,8,1.8
1956,3,9,2.5
1956,3,10,6.4
1956,3,17,2.3
1956,3,21,15
1956,3,22,3.3
1956,3,23,8.6
1956,3,24,4.8
1956,3,25,0.5
1956,3,26,5.1
1956,3,27,8.9
1956,3,28,0.5
1956,3,29,33
1956,3,30,1.8
1956,3,31,25.1
1956,4,1,17
1956,4,2,0.8
1956,4,21,0.3
1956,4,22,0.5
1956,4,26,17
1956,4,29,8.9
1956,4,30,2.3
1956,5,1,29.2
1956,5,6,0.5
1956,5,7,0.5
1956,5,8,8.6
1956,5,9,5.8
1956,5,10,1.8
1956,5,11,49.8
1956,6,8,4.3
1956,6,20,6.6
1956,6,21,8.4
1956,6,24,27.7
1956,7,7,32.8
1956,7,8,4.6
1956,8,6,0.3
1956,8,7,8.9
1956,8,11,13.5
1956,8,29,18.3
1956,9,5,0.3
1956,9,16,2.8
1956,9,30,3.3
1956,10,11,16.8
1956,10,12,15.2
1956,10,16,2
1956,11,1,10.7
1956,11,2,8.1
1956,11,3,1.3
1956,11,5,54.9
1956,11,6,8.6
1956,11,20,5.1
1956,12,15,33.5
1956,12,16,3.8
1956,12,17,2.5
1956,12,20,8.6
1956,12,21,2
1956,12,22,0.8
1956,12,24,6.4
1956,12,26,61
1957,1,2,5.3
1957,1,7,0.5
1957,1,8,38.1
1957,1,10,24.1
1957,1,11,17.8
1957,1,26,4.8
1957,1,27,2.5
1957,1,28,8.1
1957,1,29,5.1
1957,1,30,14.2
1957,1,31,16.5
1957,2,8,8.9
1957,2,23,0.5
1957,2,24,49
1957,2,26,2.5
1957,2,27,4.8
1957,3,1,3.3
1957,3,10,0.5
1957,3,11,5.1
1957,3,12,36.3
1957,3,14,1.3
1957,3,15,36.8
1957,3,16,17.3
1957,3,28,15.2
1957,3,30,14.2
1957,4,1,2.3
1957,5,28,0.8
1957,6,6,0.3
1957,6,18,1.5
1957,7,1,3
1957,7,2,16.8
1957,7,25,36.1
1957,7,26,3.3
1957,7,29,1.5
1957,8,1,0
1957,9,1,0
1957,10,31,22.4
1957,11,1,1.8
1957,11,2,1.3
1957,11,8,0.5
1957,12,12,5.1
1957,12,13,17.8
1957,12,14,10.7
1958,1,3,27.2
1958,1,4,1.3
1958,1,6,0.5
1958,1,20,2.5
1958,1,21,47
1958,1,27,15.5
1958,1,28,1
1958,1,29,2.3
1958,2,10,8.9
1958,2,11,2
1958,2,13,4.8
1958,2,14,10.9
1958,2,15,82.6
1958,2,16,6.4
1958,2,18,1
1958,2,20,104.1
1958,2,21,228.1
1958,2,22,24.4
1958,2,23,7.6
1958,2,24,5.1
1958,2,25,1.3
1958,2,26,1.3
1958,3,1,0.8
1958,3,8,28.4
1958,3,16,3.6
1958,3,24,18.8
1958,3,28,15.7
1958,3,29,65.5
1958,3,30,5.8
1958,3,31,20.1
1958,4,1,1.8
1958,4,2,7.4
1958,4,3,4.8
1958,4,4,57.4
1958,4,5,20.6
1958,4,6,1
1958,4,8,0.3
1958,4,9,8.9
1958,4,10,2.3
1958,4,12,3.8
1958,4,13,0.5
1958,5,3,8.9
1958,5,23,0.5
1958,6,2,3
1958,6,3,89.2
1958,6,4,1.3
1958,6,8,7.9
1958,6,9,11.9
1958,6,24,1
1958,6,27,12.2
1958,6,28,1.5
1958,7,12,2
1958,8,26,4.1
1958,9,1,0
1958,10,1,0
1958,11,14,1.8
1958,11,17,11.7
1958,11,18,1.3
1958,11,19,3.6
1958,12,5,2.5
1958,12,16,39.1
1958,12,18,21.8
1958,12,20,16.3
1958,12,29,10.9
1959,1,3,2.5
1959,1,10,2.3
1959,1,11,18.8
1959,1,12,40.1
1959,1,13,0.5
1959,1,14,15.2
1959,1,15,3.3
1959,1,19,0.8
1959,1,25,31.2
1959,1,26,20.1
1959,1,27,19.1
1959,1,28,6.4
1959,2,16,4.6
1959,2,17,3.6
1959,2,19,3.8
1959,2,20,1.3
1959,2,24,0.5
1959,2,27,0.8
1959,2,28,6.6
1959,3,1,2
1959,3,2,8.4
1959,3,11,23.4
1959,3,12,8.1
1959,3,13,4.6
1959,3,14,10.9
1959,3,22,8.1
1959,3,23,1.3
1959,3,24,1.5
1959,3,25,1
1959,3,26,2.5
1959,3,28,14.7
1959,3,29,3
1959,3,30,0.5
1959,4,1,9.9
1959,4,2,9.4
1959,4,3,15.2
1959,4,21,3.6
1959,4,30,1.3
1959,5,1,8.1
1959,5,2,3.3
1959,5,5,2.3
1959,5,17,0.5
1959,5,18,5.6
1959,5,23,3
1959,5,24,41.4
1959,5,28,0.5
1959,6,4,1.8
1959,7,20,10.7
1959,8,1,0
1959,9,1,0
1959,10,20,1.3
1959,10,21,0.5
1959,10,30,0.5
1959,11,19,14
1959,11,21,2.5
1959,12,5,14
1959,12,6,15.2
1959,12,8,15.7
1959,12,9,8.1
1959,12,19,3
1959,12,23,1.3
1959,12,24,14.7
1959,12,25,6.4
1959,12,26,65.3
1959,12,27,7.9
1959,12,28,7.1
1959,12,29,26.2
1960,1,21,8.9
1960,1,22,1
1960,1,24,3.6
1960,1,26,22.9
1960,1,27,16
1960,1,30,10.2
1960,1,31,2
1960,2,1,2.8
1960,2,5,23.9
1960,2,9,1.3
1960,2,11,54.4
1960,2,16,17
1960,2,19,59.4
1960,2,20,2.8
1960,2,21,5.8
1960,2,23,27.7
1960,2,24,5.3
1960,2,25,7.4
1960,2,27,27.4
1960,2,28,1.5
1960,3,9,1
1960,3,10,124.2
1960,3,11,48.5
1960,3,12,0.8
1960,3,17,3.8
1960,3,18,2.5
1960,3,19,2.8
1960,3,24,1.3
1960,4,23,5.8
1960,5,8,0.5
1960,5,9,4.1
1960,5,13,15.5
1960,5,14,9.4
1960,5,25,20.1
1960,6,22,1.5
1960,6,23,9.4
1960,7,11,0.5
1960,8,1,0
1960,9,25,6.1
1960,10,20,4.1
1960,10,21,7.6
1960,10,22,2.5
1960,10,25,3.8
1960,11,17,2.3
1960,11,18,6.1
1960,11,21,3
1960,11,22,17.8
1960,11,23,9.4
1960,12,25,0.5
1960,12,26,13.5
1960,12,27,5.3
1960,12,28,4.8
1960,12,29,0.5
1960,12,30,1.8
1961,1,3,17
1961,1,4,9.1
1961,1,5,1
1961,1,7,3.8
1961,1,8,2
1961,1,27,18.8
1961,2,14,21.6
1961,2,15,25.7
1961,2,16,1
1961,2,17,13
1961,2,18,8.6
1961,2,19,13.5
1961,2,21,1
1961,2,22,1.5
1961,2,23,1.5
1961,2,25,6.6
1961,2,27,1.5
1961,2,28,2
1961,3,2,4.3
1961,4,26,2.5
1961,5,1,0.3
1961,5,2,5.3
1961,5,3,1.5
1961,5,22,4.1
1961,5,23,0.3
1961,6,2,0.3
1961,7,24,0.5
1961,7,26,3
1961,8,3,2.8
1961,9,10,3
1961,10,9,14
1961,11,11,69.3
1961,11,12,0.5
1961,11,13,0.5
1961,11,16,29
1961,11,17,2.8
1961,11,18,9.9
1961,11,20,2.8
1961,11,25,10.9
1961,12,15,46.2
1961,12,20,33.5
1961,12,21,21.6
1961,12,24,6.4
1961,12,25,47.2
1962,1,4,44.2
1962,1,5,2.5
1962,1,6,3.3
1962,1,7,44.5
1962,1,8,1.3
1962,1,9,1.8
1962,1,22,1.3
1962,1,24,0.8
1962,1,25,8.1
1962,1,26,1.5
1962,1,27,9.9
1962,1,28,22.9
1962,1,30,0.5
1962,1,31,0.5
1962,2,2,19.3
1962,2,7,5.3
1962,2,8,9.4
1962,2,9,5.8
1962,2,14,1.3
1962,2,15,7.6
1962,2,20,26.7
1962,2,21,5.8
1962,2,25,1.3
1962,2,26,23.9
1962,3,3,17.8
1962,3,4,14.7
1962,3,7,5.8
1962,3,8,0.5
1962,3,9,14.7
1962,3,12,29.5
1962,3,13,5.3
1962,3,16,6.1
1962,3,18,3.8
1962,4,3,18.8
1962,4,4,58.2
1962,4,11,0.8
1962,4,12,9.7
1962,5,10,0.3
1962,6,9,3
1962,6,10,8.1
1962,6,27,4.8
1962,7,8,1.5
1962,8,16,7.1
1962,8,17,5.8
1962,8,20,0.3
1962,9,10,3.8
1962,9,11,0.5
1962,9,21,0.5
1962,9,22,20.8
1962,9,25,1.5
1962,9,26,5.1
1962,10,10,2.5
1962,10,16,0.5
1962,11,3,7.4
1962,11,4,23.1
1962,11,21,13
1962,11,22,9.9
1962,11,23,49.3
1962,11,24,1.5
1962,12,6,18.8
1962,12,23,36.8
1962,12,26,0.3
1962,12,28,73.7
1962,12,30,24.9
1963,1,1,14
1963,1,2,5.8
1963,1,10,38.9
1963,1,11,23.6
1963,1,14,0.5
1963,1,16,2
1963,1,17,6.6
1963,1,25,2.5
1963,1,26,3.3
1963,1,27,16.5
1963,1,28,2.3
1963,1,29,12.4
1963,1,30,3.3
1963,1,31,46.2
1963,2,1,3
1963,2,2,3.3
1963,2,5,10.4
1963,2,6,0.5
1963,2,10,3
1963,2,11,1.3
1963,2,15,33.5
1963,2,17,2.3
1963,2,19,32.8
1963,2,20,7.4
1963,2,26,3
1963,2,27,0.8
1963,3,3,3.6
1963,3,5,10.7
1963,3,17,1
1963,3,18,40.6
1963,3,19,0.5
1963,3,20,6.4
1963,3,22,2.5
1963,3,23,2.3
1963,3,24,0.5
1963,3,25,4.6
1963,3,26,2.3
1963,3,27,0.8
1963,3,28,19.3
1963,3,29,7.9
1963,3,30,10.2
1963,3,31,3.6
1963,4,2,0.8
1963,4,4,0.5
1963,4,5,10.9
1963,4,6,10.2
1963,4,7,0.5
1963,4,10,0.3
1963,4,14,2.5
1963,4,17,0.3
1963,4,18,5.3
1963,4,19,0.5
1963,4,20,2.8
1963,5,17,1.8
1963,5,18,6.1
1963,6,22,1.3
1963,7,28,3.8
1963,7,29,0.5
1963,8,9,7.1
1963,8,10,2.5
1963,8,11,11.9
1963,8,12,13.7
1963,8,13,0.5
1963,8,14,1
1963,8,16,9.7
1963,9,1,0
1963,10,12,2.3
1963,11,4,8.9
1963,11,28,5.8
1963,11,30,18.3
1963,12,1,0.3
1963,12,2,0.3
1963,12,9,13
1963,12,18,14.2
1964,1,3,46.2
1964,1,5,11.9
1964,1,12,2.8
1964,1,13,1.5
1964,1,16,18.5
1964,1,22,1
1964,1,23,11.9
1964,1,24,0.3
1964,1,25,18
1964,1,26,3
1964,2,4,2.8
1964,2,5,4.1
1964,2,6,11.9
1964,2,7,11.4
1964,2,8,2
1964,2,9,22.1
1964,2,10,28.2
1964,2,11,0.3
1964,2,15,2.3
1964,2,22,2.8
1964,3,3,1
1964,3,5,5.3
1964,3,8,50.8
1964,3,9,0.8
1964,3,13,25.4
1964,3,15,9.4
1964,3,27,1.5
1964,3,29,60.5
1964,3,31,23.4
1964,4,1,36.8
1964,4,2,2.5
1964,5,6,6.4
1964,5,18,0.3
1964,5,19,0.8
1964,5,26,4.8
1964,5,30,0.5
1964,5,31,27.2
1964,6,5,26.4
1964,6,6,16.5
1964,6,9,18.3
1964,6,16,1.5
1964,6,19,3.8
1964,6,20,0.3
1964,7,2,4.1
1964,8,1,0
1964,9,1,1.5
1964,9,12,11.9
1964,9,19,1.3
1964,10,7,0.3
1964,10,9,4.6
1964,10,11,0.5
1964,10,15,1.8
1964,10,16,22.4
1964,10,23,2.3
1964,10,31,3
1964,11,6,0.8
1964,11,8,3
1964,11,9,8.1
1964,11,10,1
1964,11,11,1.3
1964,11,12,5.6
1964,11,13,7.4
1964,11,20,0.8
1964,11,21,0.8
1964,11,29,0.5
1964,12,5,9.9
1964,12,6,20.1
1964,12,7,65.3
1964,12,8,15.2
1964,12,20,1.8
1964,12,27,2.8
1965,1,1,23.9
1965,1,3,33.5
1965,1,5,4.8
1965,1,6,37.3
1965,1,9,2
1965,1,23,0.5
1965,1,25,3.3
1965,1,26,5.1
1965,1,30,12.7
1965,1,31,14.7
1965,2,7,7.6
1965,2,12,22.6
1965,2,13,0.8
1965,3,10,42.2
1965,3,11,12.2
1965,3,12,4.6
1965,3,13,39.4
1965,3,14,44.5
1965,3,16,19.3
1965,3,19,10.2
1965,3,26,8.9
1965,4,12,0.8
1965,4,23,1.5
1965,4,24,18.3
1965,4,25,74.9
1965,4,26,47.5
1965,4,27,0.8
1965,5,2,4.6
1965,5,6,1.5
1965,5,12,4.8
1965,5,19,2
1965,6,12,1.5
1965,6,14,0.5
1965,7,1,0
1965,8,8,3
1965,9,13,10.2
1965,10,10,0.8
1965,11,1,0
1965,12,1,0.5
1965,12,2,4.3
1965,12,4,22.9
1965,12,5,0.3
1965,12,6,4.6
1965,12,7,3.3
1965,12,11,4.3
1965,12,12,29.2
1965,12,13,0.8
1965,12,14,0.3
1965,12,15,4.3
1966,1,5,4.1
1966,1,8,12.7
1966,1,9,2.8
1966,1,10,7.9
1966,1,11,2.8
1966,1,24,12.4
1966,1,25,74.7
1966,1,27,41.7
1966,1,29,7.6
1966,2,4,0.5
1966,2,6,2.5
1966,2,7,1.5
1966,2,8,22.9
1966,2,9,2.5
1966,3,1,12.2
1966,3,2,0.5
1966,3,4,16.3
1966,3,7,3.8
1966,3,8,4.8
1966,3,19,1
1966,3,23,0.3
1966,3,24,5.1
1966,4,11,0.3
1966,4,20,1
1966,4,21,0.5
1966,4,24,6.1
1966,5,19,14
1966,6,1,3.8
1966,6,2,5.3
1966,6,9,1.3
1966,6,29,1
1966,6,30,1.3
1966,7,2,0.3
1966,8,10,1.3
1966,8,11,3
1966,8,16,0.5
1966,8,18,4.1
1966,8,19,3
1966,8,20,0.8
1966,9,1,0.8
1966,10,3,3.6
1966,10,22,1.8
1966,11,7,5.6
1966,11,8,35.6
1966,11,9,7.4
1966,11,16,11.2
1966,11,30,0.8
1966,12,6,25.1
1966,12,10,0.3
1967,1,1,0.3
1967,1,2,11.2
1967,1,4,5.8
1967,1,6,3.6
1967,1,14,0.3
1967,1,19,3
1967,1,20,6.6
1967,1,26,2.3
1967,1,31,3.8
1967,2,1,22.9
1967,2,2,0.3
1967,2,3,35.3
1967,2,4,7.4
1967,2,5,0.3
1967,2,19,16
1967,2,24,6.6
1967,2,25,13.2
1967,2,26,4.3
1967,2,27,0.5
1967,3,2,0.5
1967,3,3,8.9
1967,3,4,25.1
1967,3,5,3
1967,3,6,8.1
1967,3,7,3.3
1967,3,8,21.3
1967,3,9,34
1967,3,12,0.5
1967,3,14,0.5
1967,4,3,2.8
1967,4,21,0.3
1967,5,2,0.5
1967,5,8,0.5
1967,5,16,0.5
1967,5,18,3.6
1967,6,6,25.4
1967,6,7,7.4
1967,6,8,1.3
1967,6,9,4.8
1967,6,10,3
1967,6,20,8.6
1967,6,21,16.3
1967,7,12,0.8
1967,7,15,19.6
1967,7,16,3.6
1967,8,15,1.3
1967,8,16,0.3
1967,8,17,0.3
1967,9,1,0
1967,10,10,2.5
1967,10,22,0.3
1967,10,24,15
1967,10,25,2.5
1967,11,4,3.8
1967,11,9,5.3
1967,11,11,0.8
1967,11,24,18.3
1967,12,4,0.5
1967,12,7,8.4
1967,12,8,3
1967,12,15,1.5
1967,12,16,0.5
1967,12,18,40.6
1967,12,21,3.8
1967,12,22,37.3
1967,12,26,2.5
1967,12,31,23.6
1968,1,3,2.5
1968,1,5,64.3
1968,1,7,0.8
1968,1,8,0.8
1968,1,9,2.3
1968,1,10,1.8
1968,1,11,0.5
1968,1,12,1.3
1968,1,13,6.6
1968,1,14,18.5
1968,1,15,1.8
1968,1,16,3
1968,2,3,65.3
1968,2,5,7.6
1968,2,6,10.4
1968,2,7,3
1968,2,8,27.7
1968,2,10,40.9
1968,2,11,3.6
1968,2,12,27.2
1968,2,13,40.6
1968,2,14,52.3
1968,2,15,25.4
1968,2,16,17.8
1968,2,17,11.4
1968,2,18,4.6
1968,2,19,1
1968,2,29,6.6
1968,3,6,2.3
1968,3,17,3.8
1968,3,18,30
1968,3,19,5.8
1968,3,22,15
1968,3,23,2.8
1968,3,25,0.8
1968,4,2,1.8
1968,4,30,29
1968,5,1,52.8
1968,5,3,3.8
1968,5,13,0.3
1968,5,14,68.8
1968,5,24,2.3
1968,6,1,0
1968,7,4,0.3
1968,7,7,1
1968,7,16,9.1
1968,7,17,2.5
1968,7,18,1
1968,7,19,39.4
1968,7,20,5.3
1968,7,21,5.1
1968,8,7,0.3
1968,9,11,5.8
1968,9,18,1.5
1968,9,21,1
1968,10,1,1
1968,10,12,7.9
1968,11,9,5.6
1968,11,26,18.5
1968,12,4,33.5
1968,12,5,3.6
1968,12,18,1
1968,12,26,1
1969,1,3,0.8
1969,1,17,11.4
1969,1,19,5.3
1969,1,25,1
1969,1,27,7.9
1969,1,28,36.8
1969,2,15,67.8
1969,2,16,3.3
1969,2,22,0.5
1969,2,23,10.4
1969,2,24,3.3
1969,2,25,0.5
1969,3,16,2.3
1969,3,17,0.5
1969,3,23,47
1969,3,24,0.5
1969,3,26,6.1
1969,3,27,3
1969,4,26,0.5
1969,5,3,2.5
1969,5,7,4.6
1969,5,9,0.3
1969,5,28,1.5
1969,5,29,16
1969,6,8,0.8
1969,6,9,0.3
1969,6,19,3.6
1969,6,20,9.4
1969,6,27,0.8
1969,6,28,0.3
1969,6,30,0.3
1969,7,1,0
1969,8,8,0.5
1969,9,1,0
1969,10,12,1.8
1969,10,14,18
1969,10,18,0.8
1969,10,20,1.8
1969,10,22,1.3
1969,11,14,1.3
1969,11,22,0.5
1969,11,23,10.4
1969,12,7,1
1969,12,17,2.5
1969,12,18,9.1
1969,12,23,0.5
1969,12,24,26.7
1969,12,25,9.7
1969,12,29,7.6
1970,1,2,18.3
1970,1,14,1.8
1970,1,20,13.5
1970,1,21,9.7
1970,1,23,0.8
1970,1,25,7.6
1970,1,27,8.4
1970,1,28,10.7
1970,1,29,10.7
1970,1,31,1
1970,2,1,44.7
1970,2,2,3.8
1970,2,3,9.1
1970,2,4,9.9
1970,2,5,41.9
1970,2,6,50
1970,2,7,35.3
1970,2,9,0.5
1970,2,10,0.3
1970,2,12,2
1970,2,17,16.8
1970,3,2,0.5
1970,3,3,4.1
1970,3,15,27.7
1970,3,16,0.8
1970,3,18,1.8
1970,3,21,3.3
1970,3,22,11.2
1970,3,23,2.3
1970,3,29,4.6
1970,4,15,1
1970,4,28,38.6
1970,4,29,1.3
1970,5,1,0
1970,6,12,0.5
1970,6,17,2.3
1970,7,1,0
1970,8,8,3.3
1970,9,16,2.8
1970,9,23,0.5
1970,9,24,1.3
1970,9,28,2.5
1970,10,13,0.8
1970,10,14,9.1
1970,10,20,7.4
1970,10,26,0.5
1970,10,27,4.6
1970,11,5,2.3
1970,11,6,67.8
1970,11,7,9.4
1970,11,8,8.1
1970,11,12,8.9
1970,11,13,8.9
1970,11,14,1
1970,11,15,0.5
1970,11,16,8.6
1970,11,19,58.9
1970,11,20,5.1
1970,11,22,0.3
1970,12,1,17.8
1970,12,4,0.8
1970,12,7,11.7
1970,12,8,54.4
1970,12,9,47.5
1970,12,22,3.3
1970,12,24,32
1970,12,25,5.6
1970,12,26,1.8
1970,12,27,0.8
1970,12,28,16.5
1970,12,29,3.8
1970,12,30,5.3
1971,1,7,9.4
1971,1,16,22.6
1971,1,18,25.1
1971,1,19,1
1971,1,24,3.6
1971,1,25,1.8
1971,1,26,0.5
1971,1,27,2.8
1971,1,28,4.1
1971,1,29,29.5
1971,1,30,10.2
1971,1,31,22.4
1971,2,2,14.2
1971,2,3,4.3
1971,2,4,9.4
1971,2,6,5.6
1971,2,7,2.8
1971,2,8,6.6
1971,2,16,4.1
1971,2,17,1.8
1971,2,18,4.3
1971,2,20,1
1971,2,21,18.5
1971,2,22,1.3
1971,2,23,10.2
1971,2,24,4.3
1971,2,25,3.3
1971,3,4,5.3
1971,3,5,18.5
1971,3,6,9.9
1971,3,7,23.4
1971,3,8,42.4
1971,3,9,4.3
1971,3,10,4.3
1971,3,18,1
1971,3,25,6.4
1971,3,26,16.8
1971,3,27,2.3
1971,3,28,1.3
1971,3,31,3.3
1971,4,4,1.3
1971,4,5,2.3
1971,4,13,6.6
1971,4,14,3.6
1971,4,15,5.3
1971,4,16,3.8
1971,4,17,2
1971,4,18,36.3
1971,4,23,7.6
1971,4,24,4.6
1971,5,17,0.5
1971,5,18,0.8
1971,5,19,0.8
1971,5,20,8.1
1971,5,28,1
1971,5,29,2
1971,6,10,1.5
1971,6,25,34.8
1971,6,26,7.4
1971,6,29,0.8
1971,7,14,1
1971,7,20,3
1971,7,23,17.5
1971,8,24,1.5
1971,8,25,2.5
1971,8,26,1
1971,8,28,6.9
1971,9,1,0
1971,10,16,16
1971,10,19,22.6
1971,10,29,20.1
1971,11,3,18.5
1971,11,20,1.5
1971,11,27,1
1971,12,4,13.5
1971,12,15,2.5
1971,12,24,60.2
1971,12,25,65.3
1971,12,26,2.3
1971,12,27,35.8
1972,1,2,13.2
1972,1,4,5.6
1972,1,5,28.4
1972,1,6,4.1
1972,1,8,15.5
1972,1,9,31.2
1972,1,10,92.5
1972,1,11,15.2
1972,1,12,15.2
1972,1,13,66
1972,1,14,0.3
1972,1,30,3.6
1972,1,31,3.8
1972,2,1,1.3
1972,2,3,4.6
1972,2,4,10.4
1972,2,5,9.4
1972,2,10,0.3
1972,2,13,2.3
1972,2,18,16.5
1972,2,19,18.8
1972,2,20,1.8
1972,2,21,31
1972,2,24,26.4
1972,2,25,3.3
1972,2,28,3.8
1972,3,1,49.3
1972,3,2,2.5
1972,3,4,1.8
1972,3,5,21.3
1972,3,6,39.6
1972,3,7,30.2
1972,3,8,4.3
1972,3,12,20.3
1972,4,13,2.3
1972,5,7,1
1972,5,10,1
1972,5,11,22.1
1972,5,12,1
1972,5,31,1.5
1972,6,1,19.1
1972,6,13,1
1972,6,14,2.8
1972,6,15,5.3
1972,7,1,0
1972,8,1,0
1972,9,7,0.3
1972,10,28,1
1972,11,9,1.3
1972,11,12,3.3
1972,11,28,4.1
1972,11,29,1.5
1972,11,30,8.9
1972,12,2,41.9
1972,12,10,5.1
1972,12,31,42.4
1973,1,14,23.9
1973,1,15,8.9
1973,1,16,1
1973,1,18,1.5
1973,1,19,24.6
1973,1,20,4.1
1973,1,21,3
1973,1,27,1.5
1973,1,28,1.5
1973,2,1,5.1
1973,2,2,0.3
1973,2,4,6.9
1973,2,5,13
1973,2,6,0.5
1973,2,8,6.1
1973,2,11,0.5
1973,2,12,23.9
1973,2,14,10.7
1973,2,15,1.3
1973,2,16,16.3
1973,2,17,2.3
1973,2,18,4.8
1973,2,19,21.1
1973,2,20,2.3
1973,2,21,12.7
1973,2,24,2
1973,3,4,1
1973,3,5,15.2
1973,3,6,1.8
1973,3,26,1.3
1973,3,27,2.8
1973,3,28,3
1973,3,29,19.3
1973,3,30,18.8
1973,4,2,1.3
1973,4,12,3
1973,4,14,3
1973,4,15,0.5
1973,4,16,16.3
1973,4,25,0.8
1973,4,26,2.8
1973,4,27,4.8
1973,4,29,6.1
1973,5,11,3
1973,5,27,0.3
1973,5,28,1.8
1973,6,1,3.3
1973,6,8,11.2
1973,7,1,0
1973,8,10,1.8
1973,8,25,2.5
1973,9,4,7.9
1973,9,5,5.6
1973,9,8,9.9
1973,9,11,2
1973,9,12,5.3
1973,9,13,0.5
1973,9,14,11.4
1973,9,15,16.5
1973,10,8,3.6
1973,10,9,13
1973,11,2,4.8
1973,11,3,7.6
1973,11,4,5.1
1973,11,7,27.7
1973,11,12,23.6
1973,11,13,4.1
1973,11,19,0.5
1973,11,24,3.6
1973,11,26,1.8
1973,11,27,30.2
1973,11,28,34
1973,12,4,15.7
1973,12,5,14
1973,12,7,23.6
1973,12,11,3
1973,12,12,2.8
1973,12,14,20.8
1973,12,15,3.8
1973,12,16,13.5
1973,12,19,33
1973,12,20,92.7
1973,12,21,87.1
1973,12,22,28.7
1973,12,26,17.8
1973,12,27,5.1
1973,12,28,7.6
1973,12,31,2.8
1974,1,1,17.3
1974,1,2,17.3
1974,1,3,50.3
1974,1,4,12.4
1974,1,6,13.4
1974,1,7,33
1974,1,8,3
1974,1,9,8.2
1974,1,10,1
1974,1,11,26
1974,1,13,0.4
1974,1,14,39.6
1974,1,15,118.2
1974,1,16,47.2
1974,1,17,16.4
1974,1,18,89
1974,1,19,12.2
1974,1,20,14
1974,1,21,7.4
1974,1,22,43.2
1974,1,23,30.6
1974,1,24,15.8
1974,1,25,10.2
1974,1,26,25
1974,1,27,7.8
1974,1,28,1.6
1974,1,30,39.4
1974,1,31,23.8
1974,2,1,59
1974,2,2,6.2
1974,2,3,2
1974,2,4,32.6
1974,2,5,22
1974,2,7,9.4
1974,2,10,9.6
1974,2,11,24.8
1974,2,12,16.2
1974,2,17,15
1974,2,18,10
1974,2,21,19.6
1974,2,22,12.8
1974,2,23,3.2
1974,2,26,1
1974,2,28,5
1974,3,1,5.4
1974,3,2,4.2
1974,3,3,5.8
1974,3,4,38
1974,3,5,28.2
1974,3,6,5.4
1974,3,16,22.6
1974,3,21,19
1974,3,22,6
1974,3,26,150.2
1974,3,27,5
1974,4,18,1
1974,4,20,17.4
1974,4,23,6
1974,4,26,23
1974,4,29,1
1974,5,10,4.4
1974,5,12,2.2
1974,5,14,0.1
1974,5,17,3.6
1974,5,24,7.2
1974,6,18,0.6
1974,7,1,0
1974,8,25,40
1974,8,26,4
1974,8,27,9
1974,8,29,26
1974,8,30,20
1974,9,23,26.8
1974,9,24,1.6
1974,10,6,5
1974,10,13,1.8
1974,11,14,3.2
1974,11,18,44.5
1974,11,27,6
1974,12,21,18
1974,12,24,4.6
1974,12,25,2
1974,12,27,2
1974,12,28,21
1974,12,29,4
1974,12,30,21
1974,12,31,43
1975,1,1,3
1975,1,2,22
1975,1,3,7.4
1975,1,4,19.7
1975,1,5,2
1975,1,10,6
1975,1,11,14
1975,1,12,1.2
1975,1,13,4
1975,1,14,18.2
1975,1,15,0.5
1975,1,16,32
1975,1,17,6.6
1975,1,21,10
1975,1,27,1
1975,1,30,20.4
1975,2,1,8
1975,2,2,17
1975,2,5,0.2
1975,2,18,1
1975,2,19,1
1975,2,20,4.5
1975,2,21,14
1975,2,26,1
1975,2,27,26
1975,3,6,16
1975,3,7,8
1975,3,18,23
1975,3,19,76
1975,3,21,27
1975,3,27,13
1975,3,28,5.8
1975,3,29,3
1975,3,30,9.8
1975,4,1,6
1975,4,17,25
1975,4,23,2
1975,4,24,10
1975,5,1,0
1975,6,1,0
1975,7,30,0.6
1975,8,1,0.8
1975,8,8,2.4
1975,8,15,0.4
1975,8,16,10.8
1975,9,7,5
1975,9,8,18.8
1975,9,15,2
1975,9,26,6
1975,9,27,3.4
1975,10,3,5
1975,10,19,1
1975,10,21,1.3
1975,10,22,43.4
1975,10,23,4
1975,10,24,39.6
1975,11,6,16.8
1975,11,7,6
1975,11,9,30.2
1975,11,17,1
1975,11,19,2.8
1975,12,8,41.4
1975,12,9,4.6
1975,12,10,14.4
1975,12,11,47.6
1975,12,12,8
1975,12,13,1.9
1975,12,14,4
1975,12,15,0.4
1975,12,20,5
1975,12,21,14.6
1975,12,22,32.6
1975,12,26,6.2
1975,12,27,4.7
1975,12,28,2.2
1975,12,29,4
1975,12,30,13.4
1976,1,5,2
1976,1,14,15
1976,1,18,2
1976,1,20,10
1976,1,22,4.8
1976,1,23,0.4
1976,1,24,10.4
1976,1,25,0.2
1976,1,28,2
1976,1,29,1
1976,1,30,2
1976,1,31,2
1976,2,1,20.2
1976,2,2,16.1
1976,2,3,3.5
1976,2,4,16.9
1976,2,5,0.1
1976,2,6,1.2
1976,2,7,20.5
1976,2,8,21.7
1976,2,9,1.8
1976,2,12,1
1976,2,13,1
1976,2,17,11.2
1976,2,18,0.4
1976,2,24,0.8
1976,2,25,2.2
1976,2,29,5
1976,3,3,0.2
1976,3,4,0.2
1976,3,5,18
1976,3,6,2.2
1976,3,7,43.4
1976,3,23,1.2
1976,3,25,36.8
1976,3,28,5
1976,3,30,2.6
1976,4,11,1
1976,4,13,0.7
1976,4,28,0.6
1976,5,11,3
1976,5,14,0.6
1976,5,15,2
1976,6,1,2.1
1976,6,3,2
1976,6,4,5
1976,6,12,1.8
1976,6,13,2
1976,6,14,0.4
1976,6,27,0.6
1976,6,28,0.4
1976,7,11,0.6
1976,7,15,0.2
1976,8,1,0
1976,9,1,1.2
1976,9,2,0.3
1976,9,18,13
1976,10,14,2
1976,10,16,6.3
1976,10,23,85.7
1976,10,26,4
1976,10,27,0.2
1976,10,31,0.7
1976,11,3,0.5
1976,11,4,0.6
1976,11,7,1.8
1976,11,8,5.7
1976,11,18,0.2
1976,11,20,15.2
1976,11,21,1.6
1976,11,27,5.2
1976,12,1,2.2
1976,12,5,9.8
1976,12,7,0.8
1976,12,8,12.3
1976,12,13,4.8
1976,12,19,20
1976,12,20,15.6
1976,12,21,45.6
1976,12,22,8.7
1976,12,27,0.6
1977,1,1,4.8
1977,1,21,1.5
1977,1,24,0.7
1977,1,25,0.2
1977,1,27,1
1977,2,1,23.6
1977,2,2,0.2
1977,2,3,10
1977,2,4,25.8
1977,2,5,0.2
1977,2,6,6
1977,2,7,13
1977,2,9,3.2
1977,2,18,0.4
1977,2,19,29.6
1977,2,20,2.6
1977,2,21,4
1977,2,22,29.4
1977,2,23,21.7
1977,2,24,12.2
1977,2,25,0.8
1977,2,26,16
1977,2,27,9.7
1977,2,28,0.1
1977,3,1,86.6
1977,3,2,0.9
1977,3,3,6.4
1977,3,4,8
1977,3,5,4
1977,3,6,1.6
1977,3,7,8.2
1977,3,8,3
1977,3,9,13
1977,3,10,33.2
1977,3,15,3.7
1977,3,20,0.6
1977,4,7,1
1977,4,9,12
1977,4,10,1
1977,4,12,0.4
1977,4,14,2.7
1977,4,15,0.3
1977,4,18,0.4
1977,4,19,1.2
1977,4,27,0.4
1977,4,28,0.4
1977,5,4,0.6
1977,5,5,6
1977,5,6,0.2
1977,5,15,25.6
1977,5,16,82.8
1977,5,27,1.7
1977,5,28,2.4
1977,6,22,0.2
1977,7,7,6
1977,7,10,1.6
1977,8,11,0.2
1977,8,12,1
1977,8,13,0.4
1977,9,10,10.8
1977,9,11,0.1
1977,9,27,1
1977,10,1,0
1977,11,21,2
1977,11,22,2.6
1977,11,23,43.8
1977,11,27,0.2
1977,12,7,1
1977,12,20,0.6
1977,12,21,16.2
1977,12,22,13.8
1977,12,23,23.2
1977,12,24,1.8
1978,1,5,0.6
1978,1,6,4.4
1978,1,8,51
1978,1,9,1.4
1978,1,15,4.6
1978,1,16,3.9
1978,1,17,0.6
1978,1,19,0.6
1978,1,20,3
1978,1,21,1.2
1978,1,29,23.1
1978,1,30,17
1978,1,31,38.5
1978,2,1,17.2
1978,2,2,0.2
1978,2,3,0.2
1978,2,13,13.2
1978,2,19,0.3
1978,2,25,1
1978,2,27,26
1978,2,28,50.7
1978,3,1,0.8
1978,3,22,5.2
1978,4,2,31.4
1978,4,3,3.2
1978,4,4,4.8
1978,4,9,8.8
1978,5,11,38.4
1978,5,12,0.4
1978,5,18,0.2
1978,5,19,7.7
1978,6,1,10.2
1978,6,13,2.8
1978,6,14,0.6
1978,7,3,25.8
1978,7,10,4.1
1978,7,11,8
1978,8,10,7.3
1978,8,11,0.2
1978,8,28,12.6
1978,8,29,26.8
1978,8,31,1
1978,9,1,0.2
1978,9,3,1
1978,9,4,36.6
1978,9,5,3.6
1978,9,6,4
1978,9,7,0.8
1978,10,10,4
1978,10,11,0.2
1978,10,24,2.4
1978,11,1,0.6
1978,11,2,9
1978,11,3,0.6
1978,11,5,15.6
1978,11,6,1.3
1978,11,7,4.7
1978,11,13,32.6
1978,11,20,3.6
1978,11,21,0.8
1978,12,4,9.7
1978,12,5,16
1978,12,6,23
1978,12,8,16.6
1978,12,9,10
1978,12,11,9.4
1978,12,14,0.4
1978,12,15,5
1978,12,16,7
1978,12,22,0.8
1978,12,23,17
1978,12,24,0.8
1978,12,25,3.2
1978,12,26,4.4
1978,12,27,3.2
1979,1,1,17.8
1979,1,6,1
1979,1,12,13.2
1979,1,13,2.2
1979,1,24,34.4
1979,1,26,26
1979,1,27,7.2
1979,1,28,14.5
1979,1,29,5.9
1979,1,30,5.4
1979,1,31,0.2
1979,2,1,4.2
1979,2,2,30.8
1979,2,5,13.4
1979,2,6,23.6
1979,2,7,49.4
1979,2,8,19.8
1979,2,9,0.6
1979,2,11,7.2
1979,2,12,11.2
1979,2,13,5.4
1979,2,15,1
1979,2,21,1.2
1979,2,22,14.8
1979,2,23,0.8
1979,3,2,2
1979,3,3,2
1979,3,4,1
1979,3,8,23
1979,3,9,113.4
1979,3,10,31
1979,3,11,30
1979,3,12,4.6
1979,3,14,3.4
1979,4,12,26.3
1979,4,13,0.6
1979,4,14,33
1979,4,15,2.6
1979,4,16,0.4
1979,5,1,11.4
1979,5,15,0.1
1979,5,31,2
1979,6,3,0.8
1979,6,5,1.2
1979,6,20,2.5
1979,6,21,4
1979,7,28,11
1979,7,29,3
1979,8,1,0
1979,9,1,0
1979,10,1,0
1979,11,24,4.6
1979,12,26,59.2
1979,12,28,7.2
1979,12,29,7.6
1979,12,30,12.5
1980,1,4,3
1980,1,5,11
1980,1,6,57
1980,1,7,65
1980,1,8,1
1980,1,10,14
1980,1,22,21
1980,1,23,1
1980,2,2,1.4
1980,2,7,85.8
1980,2,9,7.8
1980,2,10,1
1980,2,11,14
1980,2,13,1
1980,2,25,42
1980,2,28,7.2
1980,3,1,33.2
1980,3,4,33.2
1980,3,5,0.8
1980,3,6,31.6
1980,3,18,5.4
1980,4,21,0.6
1980,4,22,0.4
1980,4,24,17.6
1980,5,5,0.6
1980,5,23,48.2
1980,5,24,0.8
1980,5,25,0.6
1980,5,26,3
1980,5,28,26
1980,5,29,10.6
1980,6,14,1.7
1980,7,25,9.4
1980,7,26,0.4
1980,7,31,2.6
1980,8,17,1.5
1980,8,26,8.4
1980,9,1,0
1980,10,18,14
1980,10,22,3
1980,10,23,0.6
1980,10,25,15.4
1980,11,11,0.2
1980,11,27,1.6
1980,12,17,1
1980,12,30,0.4
1981,1,1,2.2
1981,1,2,7
1981,1,3,39
1981,1,4,7
1981,1,5,19
1981,1,6,2.6
1981,1,7,2.6
1981,1,8,9.4
1981,1,9,16
1981,1,10,22
1981,1,11,17
1981,1,12,1.8
1981,1,13,6.6
1981,1,14,32.6
1981,1,15,21.2
1981,1,16,43
1981,1,17,4.4
1981,1,18,11
1981,1,19,7
1981,1,20,49.8
1981,1,21,47.6
1981,1,22,4.4
1981,1,23,1.4
1981,1,25,6
1981,2,1,1
1981,2,2,94
1981,2,3,79
1981,2,4,60.4
1981,2,5,6.2
1981,2,6,16.8
1981,2,7,8.6
1981,2,8,0.6
1981,2,9,14.8
1981,2,11,2
1981,2,13,4
1981,2,18,6.8
1981,2,20,8
1981,2,21,1.6
1981,2,23,1.2
1981,2,24,0.8
1981,2,25,4.6
1981,2,26,0.4
1981,2,27,17.4
1981,2,28,4
1981,3,30,5.4
1981,4,1,7
1981,4,7,1.8
1981,4,9,0.4
1981,4,13,0.6
1981,4,20,1
1981,5,14,0.2
1981,5,17,0.4
1981,5,20,13.8
1981,5,21,80.1
1981,5,22,4.6
1981,5,29,1
1981,5,30,13.2
1981,5,31,0.2
1981,6,2,8
1981,6,5,10
1981,7,19,2
1981,7,20,2
1981,7,21,6.6
1981,7,22,52.9
1981,7,24,1
1981,7,25,0.4
1981,7,27,0.2
1981,8,14,0.2
1981,8,25,34
1981,9,1,0
1981,10,4,34
1981,10,10,1
1981,10,26,2.2
1981,10,28,0.6
1981,10,30,1
1981,11,14,5
1981,11,15,15.6
1981,11,16,24.4
1981,11,18,35.6
1981,11,20,50.2
1981,11,21,1.6
1981,11,25,6.5
1981,11,27,3
1981,11,28,8
1981,11,30,12
1981,12,1,15.8
1981,12,2,17
1981,12,4,17
1981,12,7,0.2
1981,12,15,9.8
1981,12,23,7.6
1982,1,19,36.6
1982,1,20,2
1982,1,21,4.4
1982,1,22,1
1982,1,23,15.8
1982,1,24,40
1982,1,25,1
1982,1,28,22
1982,1,29,3.4
1982,2,3,10
1982,2,4,0.4
1982,2,19,31
1982,2,24,25.2
1982,2,26,15.2
1982,3,3,2
1982,3,8,0.8
1982,3,10,8
1982,3,11,20
1982,3,16,2
1982,3,18,0.8
1982,3,23,3.8
1982,4,4,14.2
1982,4,14,0.8
1982,4,15,3
1982,4,17,1.2
1982,4,30,1.8
1982,5,1,4.6
1982,5,28,1.4
1982,6,6,5
1982,6,7,2.6
1982,7,14,5.5
1982,8,1,0
1982,9,9,2
1982,9,10,1
1982,10,10,0.8
1982,11,2,26
1982,12,4,2
1982,12,8,5
1982,12,9,5
1982,12,15,21.2
1982,12,16,11
1982,12,22,6
1983,1,1,6
1983,1,2,5
1983,1,3,1
1983,1,14,13
1983,1,15,0.6
1983,1,16,19.8
1983,1,29,25
1983,2,21,2
1983,2,28,0.6
1983,3,6,8
1983,3,7,4
1983,3,8,3.8
1983,3,9,10.8
1983,3,12,1.2
1983,3,20,11
1983,3,26,9.8
1983,3,27,6
1983,4,4,18
1983,4,5,2.8
1983,4,6,3
1983,4,14,2
1983,4,25,6.2
1983,4,26,8.2
1983,4,27,59
1983,4,28,74.2
1983,4,29,0.6
1983,4,30,92.2
1983,5,1,20
1983,5,2,22.6
1983,5,3,36.4
1983,5,8,0.2
1983,5,9,3
1983,5,14,1.6
1983,5,16,1.8
1983,5,18,0.6
1983,5,19,2.6
1983,5,20,3
1983,5,21,8
1983,5,22,1.6
1983,5,24,0.2
1983,5,25,1
1983,5,26,5.6
1983,5,27,1.4
1983,6,16,1
1983,6,17,1.8
1983,6,18,40.5
1983,6,21,0.8
1983,7,1,0
1983,8,27,2.4
1983,9,1,0
1983,10,13,3
1983,10,17,15
1983,11,4,9.4
1983,11,15,1
1983,11,17,15.2
1983,11,22,4.8
1983,11,24,49
1983,11,28,6.2
1983,11,29,0.8
1983,12,3,24.2
1983,12,4,6
1983,12,8,0.6
1983,12,20,4.6
1984,1,3,14.4
1984,1,7,12.2
1984,1,9,2.6
1984,1,10,34.6
1984,1,11,17.4
1984,1,12,18.8
1984,1,13,2.8
1984,1,16,37
1984,1,20,5.6
1984,1,28,1.6
1984,1,29,2.4
1984,1,30,24.7
1984,1,31,8.6
1984,2,3,2.6
1984,2,4,0.2
1984,2,9,0.2
1984,2,14,4.8
1984,2,15,8.2
1984,2,16,1
1984,2,17,1.6
1984,2,19,35
1984,2,20,0.6
1984,2,21,6.6
1984,3,1,4
1984,3,2,6.4
1984,3,18,3
1984,3,27,0.4
1984,3,28,5.4
1984,4,3,2.4
1984,4,16,1.4
1984,4,18,4.4
1984,5,30,1
1984,5,31,0.2
1984,6,13,0.6
1984,6,14,0.4
1984,7,14,3.2
1984,7,16,0.6
1984,7,25,5.6
1984,7,26,8.2
1984,7,27,32.8
1984,8,23,7
1984,8,25,2.4
1984,9,4,3.8
1984,9,5,20.2
1984,9,14,0.2
1984,10,7,2.2
1984,10,20,44.6
1984,10,21,37.6
1984,10,22,5
1984,11,3,13.4
1984,11,7,2
1984,12,11,11.4
1984,12,16,33.6
1984,12,21,5.8
1984,12,29,7
1985,1,25,2.4
1985,1,26,9.4
1985,1,27,4
1985,1,28,3.5
1985,2,6,1
1985,2,7,4.2
1985,2,9,10.6
1985,2,14,0.6
1985,2,15,2.2
1985,2,26,31.4
1985,3,1,2
1985,3,2,9.2
1985,3,6,3
1985,3,7,65
1985,3,13,17
1985,3,14,7.6
1985,3,15,3.2
1985,3,17,2
1985,3,21,0.6
1985,3,23,5
1985,3,26,0.6
1985,3,31,0.8
1985,4,2,5.6
1985,4,3,2.6
1985,4,11,0.8
1985,4,21,57.2
1985,4,22,52
1985,4,23,3.2
1985,4,24,0.4
1985,5,8,5.2
1985,5,9,1
1985,5,17,6.6
1985,5,26,2.2
1985,6,3,0.8
1985,6,4,34.8
1985,7,7,44
1985,7,8,25
1985,8,1,0
1985,9,1,0
1985,10,8,5.6
1985,10,18,1
1985,10,19,20
1985,10,22,27.2
1985,10,23,10
1985,10,24,8.8
1985,10,26,7.4
1985,11,5,2
1985,11,6,0.2
1985,11,13,0.4
1985,11,15,2
1985,11,21,0.4
1985,11,22,10.4
1985,11,24,11.4
1985,11,25,0.4
1985,11,26,3
1985,11,27,11.4
1985,12,4,4
1985,12,5,2
1985,12,10,32.2
1985,12,18,32
1985,12,24,8
1985,12,27,1.2
1985,12,29,1.2
1985,12,31,13.6
1986,1,20,3
1986,1,22,7.8
1986,1,23,10.6
1986,1,24,1.6
1986,1,29,1.4
1986,2,2,18.6
1986,2,3,0.2
1986,2,4,4
1986,2,5,1
1986,2,6,23.8
1986,2,7,10.8
1986,2,9,1
1986,2,13,2.2
1986,2,22,1.6
1986,2,25,2.2
1986,3,11,9.6
1986,3,13,0.4
1986,3,22,1.2
1986,3,28,2.8
1986,4,13,2
1986,4,14,0.8
1986,4,15,1.4
1986,4,18,9
1986,4,27,0.6
1986,4,28,7.8
1986,4,29,1.2
1986,4,30,13.6
1986,5,1,0.6
1986,5,2,2.4
1986,5,3,0.6
1986,5,4,1.6
1986,5,5,21.3
1986,5,8,0.1
1986,5,11,4.6
1986,6,1,6.4
1986,6,2,1.2
1986,6,15,5.8
1986,6,16,1.2
1986,6,21,2
1986,6,22,0.6
1986,7,3,2
1986,7,4,0.4
1986,7,20,1
1986,7,28,8.6
1986,8,13,0.2
1986,8,14,8.2
1986,8,16,4.2
1986,8,17,13.8
1986,8,31,0.4
1986,9,29,6
1986,10,4,1.6
1986,10,10,8.6
1986,10,19,25.4
1986,10,20,1
1986,10,23,25.7
1986,10,24,0.2
1986,10,29,0.6
1986,11,13,18.4
1986,11,19,1.4
1986,12,3,43
1986,12,4,1
1986,12,7,2.4
1986,12,8,1
1986,12,23,1
1986,12,24,9.6
1986,12,31,0.2
1987,1,2,1.2
1987,1,3,14
1987,1,5,4.2
1987,1,6,0.6
1987,1,9,3
1987,1,11,13
1987,1,15,10.6
1987,1,17,10.4
1987,1,18,4
1987,1,19,1
1987,1,24,85
1987,1,29,18
1987,1,31,1
1987,2,2,12
1987,2,11,1
1987,2,13,0.4
1987,2,14,4.6
1987,2,15,14.4
1987,2,19,1
1987,2,21,2
1987,3,3,76
1987,3,4,8.6
1987,3,5,1
1987,3,6,3.2
1987,3,7,0.6
1987,3,8,5
1987,3,10,1
1987,4,6,3
1987,4,23,4.1
1987,5,6,0.4
1987,5,9,2.4
1987,5,10,8.2
1987,6,1,0.2
1987,6,16,6
1987,6,17,0.6
1987,6,18,6.2
1987,6,19,1
1987,6,24,5.4
1987,7,8,1.6
1987,7,27,0.4
1987,7,28,15.4
1987,8,15,11
1987,9,10,4.5
1987,10,3,10
1987,10,4,25.4
1987,10,17,21
1987,10,23,5
1987,11,11,20
1987,11,15,2
1987,11,18,4.6
1987,11,25,20
1987,12,1,40
1987,12,2,17
1987,12,25,1
1987,12,29,4.4
1987,12,30,35
1987,12,31,25
1988,1,1,0
1988,2,4,4.2
1988,2,8,24.4
1988,2,9,1.4
1988,2,10,0.6
1988,2,11,3.2
1988,2,12,1.4
1988,2,28,59
1988,2,29,31.2
1988,3,1,10.8
1988,3,2,1.2
1988,3,3,1
1988,3,4,3.8
1988,3,6,0.6
1988,3,21,0.2
1988,4,3,24
1988,4,8,11
1988,4,21,1
1988,4,22,1.8
1988,4,23,5.4
1988,4,24,71.6
1988,4,26,2
1988,5,2,22
1988,5,19,2.2
1988,5,20,4.8
1988,6,3,0.4
1988,6,27,1.2
1988,7,2,1.8
1988,7,4,31.2
1988,7,5,7.8
1988,7,7,0.8
1988,7,8,0.8
1988,8,23,61
1988,8,24,0.4
1988,9,1,0
1988,10,12,11.6
1988,10,26,10
1988,11,6,1.2
1988,11,7,12.6
1988,11,14,2
1988,11,16,1
1988,11,21,1
1988,11,22,2
1988,11,25,4.2
1988,11,26,23
1988,12,8,7
1988,12,9,19
1988,12,10,17
1988,12,12,2
1988,12,13,15
1988,12,14,4
1988,12,22,7
1988,12,23,3
1988,12,27,14
1988,12,28,19.4
1988,12,31,14
1989,1,3,3
1989,1,4,3
1989,1,5,1.4
1989,1,6,5
1989,1,7,2
1989,1,9,6
1989,1,11,49
1989,1,13,11
1989,1,18,3
1989,1,26,1.4
1989,2,2,18
1989,2,3,2
1989,2,4,7
1989,2,5,3
1989,2,6,1.9
1989,2,10,14.2
1989,2,13,0.4
1989,2,14,11
1989,2,26,4.4
1989,3,5,4
1989,3,6,64.6
1989,3,9,2.8
1989,3,13,0.6
1989,3,18,0.2
1989,3,19,36.6
1989,3,20,2.6
1989,3,21,4
1989,3,22,7
1989,3,23,0.4
1989,3,31,15
1989,4,1,16
1989,4,3,2
1989,4,4,14.4
1989,4,5,42.8
1989,4,6,14.2
1989,4,7,1.2
1989,4,10,2.6
1989,4,23,124
1989,4,24,35
1989,4,25,10
1989,5,8,7
1989,5,9,4
1989,5,10,1.2
1989,5,16,3.8
1989,5,17,2
1989,5,20,6.2
1989,5,21,3
1989,5,23,6.6
1989,5,26,18.5
1989,5,27,18
1989,5,28,0.4
1989,6,5,22.3
1989,6,6,8.8
1989,6,28,0.4
1989,6,30,0.2
1989,7,4,1.6
1989,7,5,0.8
1989,7,6,1
1989,7,8,13.5
1989,7,9,9.8
1989,7,10,0.2
1989,7,11,17.8
1989,7,16,12
1989,7,17,1
1989,8,24,3.2
1989,8,29,31
1989,8,30,21.6
1989,9,1,0
1989,10,14,5.4
1989,10,27,8.8
1989,10,28,32.4
1989,11,2,13.8
1989,11,3,3.2
1989,11,6,10
1989,11,10,20
1989,11,11,7
1989,11,19,5.6
1989,11,20,0.2
1989,11,21,5.4
1989,11,23,6.6
1989,11,24,2
1989,11,25,6.4
1989,11,26,3
1989,12,9,7
1989,12,15,31
1989,12,16,22.4
1989,12,17,7.6
1990,1,16,5
1990,1,17,20
1990,1,21,7
1990,2,1,16
1990,2,21,0.2
1990,2,23,13
1990,2,26,1
1990,3,2,6
1990,3,3,1
1990,3,5,52
1990,3,6,3.2
1990,3,22,1
1990,3,23,3.4
1990,3,24,72
1990,3,25,88
1990,3,26,1
1990,3,27,15
1990,4,1,4
1990,4,2,46.4
1990,4,3,1
1990,4,7,32
1990,4,9,18.4
1990,4,10,5.4
1990,4,16,1
1990,4,17,33.2
1990,4,18,6.6
1990,4,19,2
1990,4,20,1
1990,4,21,3
1990,5,7,4
1990,5,18,1.8
1990,5,23,40
1990,5,25,0.4
1990,6,3,2.4
1990,6,5,5.2
1990,6,6,75.2
1990,6,7,5.2
1990,7,9,1.4
1990,7,10,4.6
1990,7,11,1.2
1990,7,13,1.6
1990,8,1,0
1990,9,1,0
1990,10,21,3.3
1990,10,31,3
1990,11,6,5.6
1990,12,6,33
1990,12,9,1.2
1990,12,15,23
1990,12,17,11
1990,12,26,8
1990,12,27,104
1990,12,28,13.4
1990,12,29,4.4
1990,12,30,21
1990,12,31,12
1991,1,2,1
1991,1,3,52.2
1991,1,4,18.8
1991,1,5,19.2
1991,1,7,43.8
1991,1,9,11.8
1991,1,10,8.4
1991,1,11,3
1991,1,12,27.8
1991,1,13,29.4
1991,1,14,3.6
1991,1,15,6
1991,1,16,21.8
1991,1,17,5
1991,1,18,0.6
1991,1,19,2
1991,1,20,9
1991,1,21,3
1991,1,22,0.3
1991,1,26,14
1991,1,30,18.4
1991,2,1,3
1991,2,2,13.6
1991,2,3,16.4
1991,2,4,10.5
1991,2,5,22.8
1991,2,6,4
1991,2,8,31.3
1991,2,10,25.5
1991,2,12,3.4
1991,2,15,12.8
1991,2,16,2.4
1991,2,17,12.6
1991,2,18,88.3
1991,2,19,72.4
1991,2,20,12.2
1991,2,25,0.1
1991,3,4,11
1991,3,14,0.2
1991,4,3,40.4
1991,5,15,10.2
1991,5,22,3.6
1991,5,23,3.2
1991,5,29,1.4
1991,6,4,1
1991,6,5,0.8
1991,6,21,3
1991,7,7,3
1991,7,9,1.2
1991,8,14,0.6
1991,9,1,0
1991,10,30,0.4
1991,11,16,0.2
1991,11,17,35.4
1991,12,1,1.6
1991,12,2,12
1991,12,3,4.2
1991,12,7,1
1991,12,9,13
1991,12,10,5.6
1991,12,12,13
1992,1,2,3
1992,1,4,4
1992,1,9,5
1992,1,27,1
1992,2,6,2
1992,2,8,1.8
1992,2,9,36
1992,2,22,1.4
1992,2,23,19.6
1992,2,24,29.6
1992,2,25,2
1992,2,26,36
1992,2,28,1
1992,2,29,8.4
1992,3,8,8
1992,4,4,15.6
1992,4,5,6
1992,4,27,16
1992,5,7,1
1992,5,12,65
1992,5,13,7.4
1992,5,17,1.4
1992,5,18,2.3
1992,5,19,2.2
1992,6,10,15.4
1992,7,4,3
1992,8,24,1.2
1992,9,3,0.6
1992,9,5,8
1992,9,9,1.6
1992,9,13,0.6
1992,9,16,1.4
1992,10,25,0.2
1992,11,15,0.6
1992,11,21,3
1992,11,22,32
1992,11,25,24.6
1992,11,26,3
1992,12,19,7
1992,12,20,9
1992,12,21,0.2
1992,12,22,0.2
1992,12,25,1.4
1992,12,30,1.6
1992,12,31,0.1
1993,1,2,1.3
1993,1,7,0.2
1993,1,8,1
1993,1,11,3.8
1993,1,12,0.2
1993,1,13,28
1993,1,16,0.6
1993,1,17,0.4
1993,1,18,0.2
1993,1,30,0.2
1993,2,17,5.8
1993,2,18,16
1993,2,19,4
1993,2,28,12
1993,3,1,3.4
1993,3,5,12
1993,3,13,0.2
1993,4,10,0.8
1993,4,26,4
1993,5,20,0.6
1993,5,21,0.4
1993,5,30,0.4
1993,5,31,3.6
1993,6,1,1.2
1993,6,5,0.6
1993,6,30,1.2
1993,7,1,1
1993,7,2,0.4
1993,7,8,3.3
1993,7,9,3
1993,7,10,2
1993,7,11,1
1993,7,21,0.4
1993,7,22,6.5
1993,7,23,0.8
1993,8,29,2
1993,8,31,0.3
1993,9,2,0.1
1993,9,3,7
1993,9,14,0.7
1993,9,15,0.3
1993,9,24,14.2
1993,9,30,1.4
1993,10,15,0.7
1993,10,26,0.2
1993,10,31,0.2
1993,11,9,0.2
1993,11,13,66.8
1993,11,20,0.2
1993,11,22,1.4
1993,11,24,36
1993,12,11,2
1993,12,12,2
1993,12,14,0.6
1993,12,15,0.8
1993,12,18,2.8
1993,12,24,2
1994,1,11,4.6
1994,1,13,3.4
1994,1,23,8
1994,1,30,0.6
1994,1,31,26
1994,2,1,66.4
1994,2,2,1
1994,2,6,4
1994,2,9,0.8
1994,2,10,1
1994,2,20,1
1994,2,21,15.4
1994,2,23,0.4
1994,2,24,7.8
1994,2,26,6.4
1994,3,2,35.2
1994,3,4,4
1994,3,5,3.2
1994,3,6,0.4
1994,3,8,22.2
1994,3,9,2
1994,3,10,1
1994,3,11,5.4
1994,3,12,0.2
1994,3,20,4.2
1994,3,21,0.2
1994,3,28,0.2
1994,4,16,0.2
1994,4,26,1.4
1994,4,28,1
1994,5,4,1
1994,5,5,1.6
1994,5,6,0.2
1994,5,7,0.4
1994,6,1,2
1994,6,6,0.8
1994,6,7,1.4
1994,6,8,1.5
1994,6,9,0.6
1994,7,4,0.2
1994,7,5,0.6
1994,8,28,0.2
1994,9,4,1
1994,10,1,0
1994,11,23,1.8
1994,11,24,0.3
1994,11,29,16.7
1994,12,3,1
1994,12,5,1
1994,12,6,21
1994,12,7,2.8
1994,12,11,1.2
1994,12,19,6.2
1994,12,25,36.8
1994,12,28,38
1995,1,13,1
1995,1,19,2
1995,1,20,22.4
1995,1,21,4.2
1995,1,24,0.1
1995,1,30,0.2
1995,2,8,0.8
1995,2,9,0.8
1995,2,10,14.6
1995,2,11,35.6
1995,2,12,7
1995,2,14,1
1995,2,23,13.4
1995,2,27,15
1995,2,28,1
1995,3,1,3.6
1995,3,9,3.2
1995,3,12,10
1995,3,31,13.4
1995,4,3,0.2
1995,4,30,4.6
1995,5,1,1.4
1995,5,4,0.2
1995,5,8,5.2
1995,5,21,10.2
1995,6,10,0.2
1995,7,4,0.4
1995,8,6,15.2
1995,8,7,29.2
1995,8,16,10
1995,8,18,0.3
1995,8,30,0.4
1995,9,1,0
1995,10,4,7.4
1995,10,9,0.4
1995,10,16,15
1995,10,18,7.4
1995,10,26,17.8
1995,11,6,3
1995,11,7,7.6
1995,11,8,23.4
1995,11,15,0.2
1995,11,20,17.2
1995,11,21,6
1995,11,22,16.2
1995,12,3,5
1995,12,6,12.6
1995,12,12,3
1995,12,19,1.2
1995,12,20,1
1995,12,22,0.4
1995,12,23,6.6
1995,12,24,12.4
1995,12,31,1.8
1996,1,4,27
1996,1,5,19.2
1996,1,6,4.2
1996,1,7,8.4
1996,1,8,5.8
1996,1,9,27.2
1996,1,18,2
1996,1,24,6.2
1996,1,25,15
1996,1,27,8.2
1996,1,28,11.8
1996,2,6,9.6
1996,2,10,26.6
1996,2,17,0.4
1996,3,1,15
1996,3,12,3.8
1996,4,10,1.8
1996,4,15,2
1996,4,20,23.6
1996,4,23,1.2
1996,4,29,4.8
1996,4,30,7.6
1996,5,1,0.6
1996,5,6,2.2
1996,6,4,0.8
1996,6,10,5
1996,6,11,3.4
1996,6,14,7.6
1996,7,5,0.1
1996,8,10,2.8
1996,8,30,0.2
1996,9,21,30
1996,10,9,2
1996,10,10,5
1996,10,11,0.2
1996,10,16,0.6
1996,10,17,0.2
1996,10,20,6
1996,11,18,17
1996,11,19,6
1996,11,21,4
1996,11,23,3
