1935,1,1,17.3
1935,1,5,3.8
1935,1,6,7.1
1935,1,7,10.4
1935,1,24,35.1
1935,1,29,6.4
1935,1,30,6.9
1935,2,15,52.1
1935,2,19,2.8
1935,2,20,12.7
1935,2,24,7.4
1935,2,26,6.9
1935,2,27,40.1
1935,2,28,18.5
1935,3,2,41.4
1935,3,3,77
1935,3,4,44.5
1935,3,5,26.2
1935,3,6,127.5
1935,3,7,78.2
1935,3,14,41.9
1935,3,16,26.9
1935,3,21,3.6
1935,3,22,12.7
1935,3,24,20.6
1935,3,25,4.1
1935,3,29,12.7
1935,3,30,7.9
1935,4,1,0
1935,5,1,0
1935,6,8,2.8
1935,6,28,44.7
1935,6,29,39.6
1935,7,1,0
1935,8,1,0
1935,9,26,10.4
1935,10,8,4.3
1935,11,5,5.1
1935,11,9,5.8
1935,11,23,19.1
1935,12,1,2.5
1935,12,3,17.3
1935,12,4,7.9
1935,12,15,2
1935,12,20,2.3
1935,12,23,5.6
1935,12,24,21.6
1935,12,26,2.8
1936,1,2,35.8
1936,1,4,6.1
1936,1,6,50.8
1936,1,12,6.6
1936,1,19,5.1
1936,2,6,11.4
1936,2,10,13.2
1936,2,11,11.2
1936,2,12,1
1936,2,13,3
1936,2,14,3
1936,2,17,3.8
1936,2,18,18
1936,2,22,20.6
1936,2,23,19.3
1936,2,24,8.4
1936,2,26,8.6
1936,3,1,28.4
1936,3,4,6.9
1936,3,5,33.5
1936,3,25,3
1936,3,26,11.7
1936,4,4,2.8
1936,5,2,45.2
1936,5,30,19.1
1936,6,1,0
1936,7,1,0
1936,8,1,0
1936,9,1,0
1936,10,27,5.8
1936,10,28,24.1
1936,10,29,1.5
1936,11,9,10.7
1936,11,16,2.5
1936,11,17,5.1
1936,11,28,8.9
1936,11,30,3.3
1936,12,3,1.8
1936,12,4,42.4
1936,12,5,1.8
1936,12,6,12.2
1936,12,19,6.4
1936,12,27,5.8
1936,12,28,5.1
1936,12,31,39.9
1937,1,1,54.6
1937,1,2,2.5
1937,1,3,2.5
1937,1,4,3
1937,1,5,21.8
1937,1,6,15.5
1937,1,7,24.4
1937,1,8,62.2
1937,1,9,0.8
1937,1,10,2.8
1937,1,11,1.3
1937,1,12,13.5
1937,1,13,0.3
1937,1,14,18.3
1937,1,15,40.9
1937,1,16,71.6
1937,1,17,13.2
1937,1,21,25.9
1937,1,22,44.5
1937,1,23,3
1937,1,27,2.5
1937,1,29,1.3
1937,2,1,8.6
1937,2,14,6.6
1937,2,16,14
1937,2,22,0.3
1937,2,23,3.3
1937,2,27,14
1937,3,5,19.1
1937,3,7,7.9
1937,3,8,0.5
1937,3,11,15.5
1937,3,12,87.1
1937,3,25,10.2
1937,4,1,0
1937,5,1,0
1937,6,1,0
1937,7,1,0
1937,8,1,0
1937,9,21,4.1
1937,10,18,0.8
1937,10,19,12.2
1937,11,30,64.3
1937,12,11,7.6
1937,12,12,4.1
1937,12,16,1.5
1937,12,17,0.8
1937,12,20,14
1937,12,27,1.5
1937,12,28,10.4
1937,12,29,9.7
1937,12,30,10.9
1938,1,3,63.8
1938,1,4,142.2
1938,1,5,31.8
1938,1,6,7.1
1938,1,12,1.5
1938,1,16,4.1
1938,1,17,15.5
1938,1,22,16.5
1938,1,28,41.7
1938,1,29,15.5
1938,1,31,34.8
1938,2,3,6.4
1938,2,4,2
1938,2,5,31.8
1938,2,10,19.1
1938,2,11,1
1938,2,13,2.5
1938,2,14,41.9
1938,2,15,37.1
1938,2,16,104.4
1938,2,17,6.4
1938,2,18,10.4
1938,2,19,0.8
1938,2,20,3.8
1938,2,21,2.5
1938,3,5,12.7
1938,3,16,2.3
1938,3,29,10.4
1938,4,1,0
1938,5,1,0
1938,6,29,1.3
1938,7,4,14
1938,8,1,0
1938,9,1,0
1938,10,1,0
1938,11,5,17.8
1938,11,10,3
1938,11,12,5.6
1938,11,14,4.3
1938,11,16,29.5
1938,11,19,11.4
1938,11,20,39.6
1938,11,21,36.6
1938,11,25,8.9
1938,11,28,130.8
1938,12,7,1.5
1938,12,13,7.1
1939,1,5,58.4
1939,1,7,3.8
1939,1,8,69.1
1939,1,9,13.5
1939,1,11,3
1939,1,12,1.5
1939,1,14,38.1
1939,1,17,2.5
1939,1,18,3
1939,1,22,34.8
1939,1,23,7.6
1939,1,24,10.2
1939,1,29,53.1
1939,2,1,3.3
1939,2,4,3
1939,2,5,4.8
1939,2,6,1.8
1939,2,7,0.5
1939,2,8,3.6
1939,2,10,9.4
1939,2,11,15.2
1939,2,15,7.6
1939,2,18,1.8
1939,2,19,2.3
1939,2,20,0.3
1939,2,26,135.6
1939,3,3,2.8
1939,3,4,5.6
1939,3,8,1.3
1939,3,13,5.8
1939,3,14,2.8
1939,3,20,5.8
1939,4,1,5.1
1939,4,2,2.3
1939,4,24,0.5
1939,5,1,0
1939,6,14,5.8
1939,6,15,1.8
1939,6,16,25.9
1939,7,1,0
1939,8,1,0
1939,9,20,2.8
1939,9,21,5.1
1939,10,18,23.1
1939,10,20,16.3
1939,11,6,8.9
1939,11,16,5.1
1939,11,28,7.4
1939,12,5,8.9
1939,12,19,7.6
1939,12,22,7.6
1939,12,23,17.3
1939,12,28,7.6
1939,12,29,9.9
1939,12,30,9.1
1939,12,31,12.7
1940,1,1,6.9
1940,1,3,17.3
1940,1,4,156.2
1940,1,5,99.3
1940,1,6,23.6
1940,1,7,80.8
1940,1,8,70.4
1940,1,9,12.7
1940,1,10,11.4
1940,1,11,20.1
1940,1,12,1.3
1940,1,16,12.7
1940,1,17,5.8
1940,1,18,10.9
1940,1,19,25.4
1940,1,25,21.8
1940,1,26,2.3
1940,1,31,32
1940,2,1,16.5
1940,2,2,21.8
1940,2,3,128.5
1940,2,4,44.5
1940,2,13,10.4
1940,2,14,29.2
1940,2,17,9.7
1940,2,25,33
1940,2,27,2.5
1940,2,28,12.7
1940,3,4,5.1
1940,3,5,11.9
1940,3,9,7.6
1940,3,10,59.7
1940,3,11,2
1940,3,25,5.8
1940,3,26,10.9
1940,3,27,14.2
1940,3,29,2.5
1940,3,31,13
1940,4,1,6.1
1940,5,1,0
1940,6,1,0
1940,7,1,0
1940,8,1,0
1940,9,1,0
1940,10,1,0
1940,11,10,11.7
1940,11,13,1.3
1940,11,15,1.5
1940,11,23,4.1
1940,12,8,2.5
1940,12,9,6.6
1940,12,10,6.6
1940,12,12,41.9
1940,12,30,57.2
1940,12,31,92.7
1941,1,3,20.3
1941,1,4,12.7
1941,1,5,19.8
1941,1,12,47.8
1941,1,13,3.3
1941,1,16,8.6
1941,1,17,14.7
1941,1,18,5.1
1941,1,19,10.2
1941,1,20,52.8
1941,1,21,63.5
1941,1,22,2.5
1941,1,26,12.7
1941,1,27,85.1
1941,2,3,14
1941,2,16,45.2
1941,2,17,5.1
1941,2,18,20.6
1941,2,19,7.6
1941,3,8,34.3
1941,3,9,27.4
1941,3,10,41.9
1941,3,11,10.2
1941,3,12,30.5
1941,3,16,10.9
1941,3,21,5.8
1941,3,22,80.8
1941,3,23,60.5
1941,3,24,59.2
1941,3,25,15
1941,3,26,0.5
1941,3,27,12.7
1941,3,28,31.8
1941,3,29,52.1
1941,3,30,0.8
1941,4,1,0
1941,5,25,81.3
1941,5,26,1.5
1941,6,9,2
1941,7,1,0
1941,8,1,0
1941,9,1,0
1941,10,1,0
1941,11,6,53.8
1941,11,12,10.4
1941,11,15,53.3
1941,11,21,67.3
1941,12,1,1.3
1941,12,2,11.4
1941,12,4,8.9
1941,12,30,43.2
1941,12,31,2.5
1942,1,1,33.5
1942,1,2,49.5
1942,1,4,22.1
1942,1,7,12.7
1942,1,8,50.8
1942,1,9,17.8
1942,1,16,16.5
1942,1,17,8.1
1942,1,19,16.5
1942,1,20,1.5
1942,2,2,21.6
1942,2,3,6.4
1942,2,4,10.9
1942,2,6,2.5
1942,2,20,64.3
1942,2,21,4.1
1942,3,1,0
1942,4,22,33.5
1942,4,23,18.5
1942,5,26,13.2
1942,6,1,0
1942,7,1,0
1942,8,1,0
1942,9,1,0
1942,10,30,10.9
1942,11,1,32.3
1942,11,5,46.7
1942,11,20,20.3
1942,11,24,5.1
1942,11,26,5.1
1942,12,8,13.2
1942,12,17,8.9
1942,12,25,54.6
1942,12,26,11.4
1942,12,27,13.5
1942,12,30,62.2
1943,1,1,0
1943,2,3,30.5
1943,2,4,11.4
1943,2,5,29.5
1943,2,9,5.8
1943,2,14,22.9
1943,2,15,20.3
1943,2,16,18.8
1943,2,19,50.8
1943,2,27,30.5
1943,2,28,44.5
1943,3,1,11.9
1943,3,2,15.2
1943,3,8,12.7
1943,3,9,21.6
1943,3,10,7.6
1943,3,11,59.7
1943,4,1,0
1943,5,1,0
1943,6,1,0
1943,7,1,0
1943,8,1,0
1943,9,29,58.4
1943,10,21,36.8
1943,11,4,20.3
1943,11,16,7.6
1943,11,18,2.5
1943,11,19,7.6
1943,11,20,5.1
1943,12,15,7.6
1943,12,30,30.5
1944,1,4,15.5
1944,1,5,10.2
1944,1,24,7.6
1944,1,25,30.5
1944,1,27,38.1
1944,1,28,10.2
1944,1,29,7.9
1944,1,31,20.3
1944,2,2,6.4
1944,2,9,12.7
1944,2,15,20.3
1944,2,16,2.5
1944,2,18,26.7
1944,3,1,4.8
1944,3,2,15.2
1944,3,4,5.1
1944,3,5,6.4
1944,3,6,31.2
1944,3,7,45.7
1944,3,8,71.1
1944,3,9,10.2
1944,3,10,43.2
1944,3,11,5.8
1944,3,12,6.4
1944,3,14,25.4
1944,3,15,43.7
1944,3,16,40.6
1944,3,17,5.6
1944,4,1,0
1944,5,21,27.9
1944,5,22,19.1
1944,6,1,0
1944,7,1,0
1944,8,1,0
1944,9,1,0
1944,10,31,10.2
1944,11,13,30.7
1944,11,16,15.5
1944,11,23,3.8
1944,12,2,1
1944,12,4,33
1944,12,11,82.6
1944,12,12,38.9
1944,12,13,12.7
1944,12,15,5.1
1944,12,18,15.2
1944,12,19,35.6
1944,12,21,10.2
1945,1,14,162.6
1945,1,15,25.4
1945,1,27,26.4
1945,1,28,6.1
1945,1,29,5.1
1945,1,30,35.6
1945,1,31,4.1
1945,2,4,7.6
1945,2,7,37.3
1945,2,8,2.5
1945,2,16,40.4
1945,2,22,12.2
1945,2,27,2.5
1945,2,28,20.3
1945,3,1,7.6
1945,3,5,17.8
1945,3,9,3.3
1945,3,14,26.2
1945,3,15,1.5
1945,3,22,78
1945,3,26,2.5
1945,4,1,7.6
1945,4,16,5.6
1945,5,1,0
1945,6,1,0
1945,7,1,0
1945,8,1,0
1945,9,1,0
1945,10,1,0
1945,11,17,3
1945,11,18,1.3
1945,11,25,2.5
1945,11,27,5.1
1945,12,8,12.7
1945,12,16,64.5
1945,12,18,10.2
1945,12,22,12.7
1945,12,25,39.1
1945,12,27,10.2
1945,12,28,33.8
1945,12,29,38.6
1945,12,30,1.5
1946,1,5,2.5
1946,1,7,4.1
1946,1,9,2.3
1946,1,14,6.4
1946,1,15,30.5
1946,1,17,2.8
1946,1,20,15.2
1946,1,21,2.5
1946,1,24,14.2
1946,1,25,2.5
1946,1,26,71.1
1946,1,27,58.4
1946,1,30,5.1
1946,2,2,11.9
1946,2,5,11.4
1946,2,7,2.5
1946,2,10,4.6
1946,2,11,6.4
1946,2,12,15.2
1946,2,13,1.5
1946,2,14,3
1946,2,15,39.1
1946,2,16,32.3
1946,2,17,16
1946,2,21,10.9
1946,2,23,2.3
1946,2,28,39.1
1946,3,1,0
1946,4,1,0
1946,5,1,0
1946,6,1,0
1946,7,1,0
1946,8,1,0
1946,9,1,0
1946,10,18,1.3
1946,11,17,1
1946,11,19,22.9
1946,11,20,8.1
1946,12,8,10.2
1946,12,19,13
1946,12,21,6.4
1946,12,24,14
1946,12,27,7.1
1946,12,31,1.5
1947,1,4,27.4
1947,1,5,1
1947,1,6,1
1947,1,7,0.5
1947,1,14,16.5
1947,1,22,4.1
1947,1,30,22.6
1947,1,31,13.7
1947,2,1,0.3
1947,2,2,11.4
1947,2,3,7.1
1947,2,4,2
1947,2,6,10.2
1947,2,9,2
1947,2,10,46.5
1947,2,11,27.7
1947,2,17,29.2
1947,2,20,13.7
1947,2,22,38.1
1947,2,24,2
1947,2,27,21.1
1947,3,4,23.9
1947,3,13,13
1947,3,14,18.8
1947,3,15,4.6
1947,3,16,3
1947,3,22,15.2
1947,3,23,13.2
1947,3,24,38.1
1947,4,1,0
1947,5,1,0
1947,6,16,1.5
1947,7,1,0
1947,8,16,2.5
1947,8,20,2.8
1947,8,21,2.3
1947,9,26,2
1947,10,12,3
1947,10,17,2.8
1947,11,2,8.4
1947,11,12,2.8
1947,11,21,43.7
1947,11,23,23.9
1947,11,24,14.5
1947,11,26,7.6
1947,11,30,8.4
1947,12,9,3
1947,12,14,3.6
1947,12,15,2.8
1947,12,16,3.6
1947,12,20,32
1947,12,22,4.6
1947,12,28,22.9
1948,1,2,17.8
1948,1,29,6.6
1948,2,2,19.8
1948,2,8,7.6
1948,2,11,3.8
1948,2,16,17
1948,2,19,26.9
1948,2,20,17.3
1948,2,21,8.9
1948,2,23,2.8
1948,2,24,11.9
1948,2,25,4.1
1948,2,29,7.1
1948,3,1,2.8
1948,3,6,2.8
1948,3,7,5.3
1948,3,8,4.3
1948,3,9,33
1948,3,14,17
1948,3,22,12.4
1948,4,2,83.3
1948,4,3,17
1948,4,4,31.2
1948,4,6,0.8
1948,4,8,10.4
1948,4,10,10.9
1948,4,12,14.7
1948,4,13,20.6
1948,4,14,3.3
1948,4,15,1.8
1948,5,1,0
1948,6,1,0
1948,7,1,0
1948,8,1,0
1948,9,26,1
1948,10,1,0
1948,11,7,4.1
1948,11,11,5.6
1948,11,18,4.3
1948,11,19,26.4
1948,11,29,8.6
1948,11,30,10.7
1948,12,1,2.8
1948,12,4,24.4
1948,12,6,2
1948,12,7,4.3
1948,12,8,7.9
1948,12,9,0.8
1948,12,15,13
1948,12,19,4.1
1948,12,25,2.8
1948,12,26,5.3
1948,12,27,1.5
1948,12,29,5.6
1949,1,3,3.8
1949,1,9,4.3
1949,1,15,2.8
1949,1,17,10.4
1949,1,28,2.3
1949,1,30,11.9
1949,2,7,12.2
1949,2,8,1
1949,2,9,5.3
1949,2,12,31.2
1949,2,13,11.9
1949,2,15,34.3
1949,2,16,9.4
1949,2,18,1
1949,2,19,13
1949,2,20,15
1949,2,21,2.5
1949,2,22,62.7
1949,2,23,26.9
1949,2,24,1.5
1949,2,25,1.3
1949,3,1,31
1949,3,2,8.6
1949,3,3,2.3
1949,3,6,1.5
1949,3,13,1
1949,3,14,93.5
1949,3,15,98.8
1949,3,16,4.1
1949,3,17,7.9
1949,4,1,0
1949,5,1,0
1949,6,1,0
1949,7,1,0
1949,8,1,0
1949,9,1,0
1949,10,23,14.2
1949,11,10,6.6
1949,11,13,10.7
1949,11,22,10.9
1949,11,24,11.9
1949,11,25,1.8
1949,11,26,2.3
1949,12,14,6.4
1949,12,15,4.1
1949,12,16,43.2
1949,12,18,15
1949,12,19,24.6
1949,12,20,5.6
1949,12,21,4.6
1949,12,23,16.8
1949,12,24,9.4
1949,12,25,11.4
1949,12,26,4.3
1950,1,7,6.1
1950,1,12,23.9
1950,1,14,5.6
1950,1,15,34.5
1950,1,16,7.9
1950,1,22,7.6
1950,1,26,14.2
1950,1,27,63
1950,1,28,16
1950,2,6,26.2
1950,2,9,7.4
1950,2,11,5.8
1950,2,12,33.5
1950,2,13,49
1950,2,14,5.3
1950,2,15,34.3
1950,2,16,63
1950,2,19,4.3
1950,2,22,6.1
1950,3,15,25.7
1950,3,16,3
1950,3,19,15.5
1950,3,21,35.6
1950,4,11,6.4
1950,4,12,5.3
1950,5,1,0
1950,6,1,0
1950,7,1,0
1950,8,1,0
1950,9,20,5.3
1950,10,7,13.2
1950,10,8,2.3
1950,10,12,1.5
1950,10,14,7.4
1950,10,15,8.6
1950,10,18,17
1950,10,25,45.2
1950,10,26,1.5
1950,10,28,16
1950,10,29,1.8
1950,11,14,15.5
1950,11,16,8.1
1950,11,17,16
1950,11,20,7.6
1950,11,21,6.1
1950,11,22,19.8
1950,12,22,3
1950,12,24,8.1
1950,12,25,2
1950,12,27,3.8
1950,12,28,2.3
1950,12,30,0.8
1950,12,31,4.3
1951,1,2,27.9
1951,1,4,2.8
1951,1,6,10.9
1951,1,8,2.5
1951,1,13,20.3
1951,1,15,35.6
1951,1,16,54.6
1951,1,17,36.8
1951,1,18,87.6
1951,2,5,10.7
1951,2,7,8.9
1951,2,8,2.5
1951,2,10,63.5
1951,2,11,12.7
1951,2,12,73.7
1951,2,13,40.6
1951,2,14,7.6
1951,2,15,33.5
1951,2,16,57.2
1951,2,22,8.9
1951,2,24,4.6
1951,2,25,8.9
1951,2,27,3.8
1951,3,1,6.4
1951,3,10,8.9
1951,3,12,12.7
1951,4,1,0
1951,5,1,0
1951,6,1,0
1951,7,1,0
1951,8,1,0
1951,9,1,0
1951,10,4,17
1951,10,20,8.1
1951,10,24,1.5
1951,11,17,7.9
1951,11,21,2.3
1951,12,16,78.7
1951,12,19,11.9
1951,12,20,15.5
1951,12,29,4.8
1951,12,31,21.1
1952,1,10,3.8
1952,1,20,21.1
1952,1,21,3
1952,1,28,13.5
1952,1,31,5.1
1952,2,15,15
1952,2,18,0.8
1952,2,19,30.5
1952,2,24,18.8
1952,3,7,0.5
1952,4,1,0
1952,5,1,0
1952,6,1,0
1952,7,1,0
1952,8,1,0
1952,9,1,0
1952,10,1,0
1952,11,1,8.6
1952,11,2,1.8
1952,11,4,4.6
1952,11,6,1
1952,11,7,2
1952,11,8,17.3
1952,11,9,27.7
1952,11,10,1.3
1952,11,17,3.6
1952,11,23,1.3
1952,11,27,3
1952,11,28,8.4
1952,12,4,7.4
1952,12,8,1
1952,12,25,1.5
1952,12,27,9.7
1952,12,29,33.8
1952,12,31,28.4
1953,1,1,1.8
1953,1,2,10.4
1953,1,3,3
1953,1,5,12.4
1953,1,8,8.1
1953,1,9,25.7
1953,1,10,56.6
1953,1,11,27.2
1953,1,12,4.3
1953,1,15,5.3
1953,1,17,6.6
1953,1,18,8.4
1953,1,20,20.8
1953,1,21,10.2
1953,1,28,19.3
1953,1,31,5.3
1953,2,2,21.3
1953,2,3,26.2
1953,2,4,53.3
1953,2,5,5.1
1953,2,6,16
1953,2,7,9.7
1953,2,8,2
1953,2,9,1
1953,2,10,1.5
1953,2,11,14.2
1953,2,12,3
1953,2,13,2.8
1953,3,8,1.3
1953,3,10,21.6
1953,3,12,7.1
1953,3,15,12.4
1953,3,16,6.9
1953,3,18,17.8
1953,3,19,11.9
1953,3,29,12.2
1953,3,30,8.4
1953,4,1,2.3
1953,4,5,35.1
1953,4,6,0.5
1953,4,7,3
1953,4,8,1.3
1953,4,15,6.9
1953,5,1,0
1953,6,1,0
1953,7,1,0
1953,8,1,0
1953,9,1,0
1953,10,14,10.9
1953,11,27,6.6
1953,12,9,16.3
1953,12,16,1.5
1953,12,19,15
1953,12,20,2
1953,12,22,3.8
1953,12,27,6.4
1953,12,31,25.7
1954,1,1,13.2
1954,1,2,47
1954,1,10,2.3
1954,1,19,7.4
1954,1,22,69.9
1954,1,23,11.4
1954,1,24,41.4
1954,1,26,2.8
1954,1,27,16
1954,1,30,14.2
1954,1,31,72.9
1954,2,1,92.5
1954,2,2,33.5
1954,2,16,13.2
1954,3,1,0
1954,4,3,3.8
1954,4,11,55.9
1954,4,12,19.3
1954,4,13,10.2
1954,5,1,0
1954,6,1,0
1954,7,1,0
1954,8,1,0
1954,9,1,0
1954,10,10,3.6
1954,10,15,40.9
1954,10,16,84.8
1954,10,17,19
1954,10,18,19
1954,10,26,2
1954,11,9,6.1
1954,11,17,16.3
1954,11,20,5.3
1954,11,22,17
1954,11,23,1.5
1954,11,30,5.8
1954,12,4,16
1954,12,8,22.6
1954,12,10,3.6
1954,12,12,4.8
1954,12,14,5.8
1954,12,15,2
1954,12,18,1.5
1954,12,31,5.6
1955,1,2,2.8
1955,1,4,7.1
1955,1,7,19.8
1955,1,8,41.9
1955,1,9,13.5
1955,1,12,6.4
1955,1,17,7.6
1955,1,22,3.6
1955,1,23,4.8
1955,1,29,14.7
1955,1,30,14.2
1955,2,1,2.8
1955,2,8,12.7
1955,2,9,0.5
1955,2,11,39.9
1955,2,12,6.1
1955,2,13,23.6
1955,2,18,7.9
1955,2,19,61.7
1955,2,20,0.3
1955,2,21,23.1
1955,2,24,2.8
1955,2,26,3.8
1955,3,5,41.7
1955,3,6,65.5
1955,3,7,1
1955,3,10,23.4
1955,3,11,5.8
1955,3,12,6.6
1955,3,23,1.3
1955,4,2,1.5
1955,4,14,4.8
1955,5,23,23.1
1955,5,24,19.3
1955,5,25,14.7
1955,6,8,14.5
1955,6,9,5.6
1955,6,14,2.8
1955,7,12,0.5
1955,7,13,1
1955,8,1,0
1955,9,1,0
1955,10,19,22.1
1955,10,26,8.4
1955,10,27,30.7
1955,10,30,21.8
1955,10,31,22.6
1955,11,1,9.1
1955,11,3,0.5
1955,11,6,2.3
1955,11,7,130.6
1955,11,8,1.8
1955,11,10,9.9
1955,11,19,59.2
1955,11,26,10.2
1955,12,4,2.3
1955,12,19,5.6
1955,12,21,7.1
1956,1,1,1.5
1956,1,2,1.3
1956,1,10,0.3
1956,1,11,1
1956,1,12,30.2
1956,1,15,9.7
1956,1,16,3.6
1956,1,17,0.8
1956,1,20,3
1956,1,26,14.7
1956,1,28,18
1956,1,29,4.6
1956,1,31,2.3
1956,2,1,49.5
1956,2,2,38.9
1956,2,3,9.7
1956,2,4,5.6
1956,2,5,64
1956,2,6,6.6
1956,2,12,46.2
1956,2,14,17.5
1956,2,15,34
1956,2,16,60.7
1956,2,17,19.8
1956,2,20,0.8
1956,2,21,3.6
1956,2,22,8.6
1956,2,26,1.5
1956,2,28,0.8
1956,3,1,5.1
1956,3,2,10.7
1956,3,9,26.4
1956,3,19,4.6
1956,3,20,10.7
1956,3,22,9.4
1956,3,23,7.1
1956,3,27,8.4
1956,3,28,86.4
1956,3,29,11.2
1956,4,18,7.1
1956,4,19,18.5
1956,4,20,1.3
1956,4,21,62.5
1956,5,6,46
1956,6,1,0
1956,7,16,0.8
1956,7,17,6.4
1956,8,11,11.7
1956,9,1,0
1956,10,8,4.1
1956,10,11,6.1
1956,10,15,9.9
1956,10,18,3
1956,10,29,7.6
1956,11,4,20.6
1956,11,27,23.9
1956,12,1,8.1
1956,12,5,4.8
1956,12,9,10.4
1956,12,14,85.9
1956,12,16,31.5
1956,12,17,30
1956,12,18,82
1956,12,19,19.3
1956,12,21,33.3
1956,12,22,11.7
1957,1,3,62.2
1957,1,4,18.8
1957,1,5,39.6
1957,1,6,65.8
1957,1,7,17.5
1957,1,8,23.1
1957,1,9,13.2
1957,1,16,9.7
1957,1,17,18.8
1957,1,18,20.6
1957,2,1,34.5
1957,2,2,7.6
1957,2,6,29.5
1957,2,9,18.5
1957,2,11,4.1
1957,2,12,14
1957,2,23,11.2
1957,2,24,34
1957,2,26,2
1957,3,3,7.1
1957,3,4,7.6
1957,3,6,69.9
1957,3,7,165.6
1957,3,8,4.1
1957,3,9,8.9
1957,3,11,3.8
1957,3,25,20.3
1957,4,1,0
1957,5,1,0
1957,6,1,0
1957,7,1,0
1957,8,1,0
1957,9,1,0
1957,10,23,13.5
1957,11,8,6.1
1957,11,25,1
1957,11,28,3
1957,12,17,24
1957,12,22,26.3
1957,12,29,8.5
1957,12,30,15
1958,1,6,10.8
1958,1,14,12.3
1958,1,15,48.7
1958,1,16,10.8
1958,1,17,7.5
1958,1,22,34.8
1958,1,24,3.8
1958,1,27,13.1
1958,1,28,2.4
1958,1,30,9.9
1958,2,11,6.5
1958,2,12,2.8
1958,2,20,77.1
1958,2,28,9.1
1958,3,8,5.2
1958,3,10,46.8
1958,3,21,5.8
1958,4,4,54.1
1958,4,5,10.5
1958,4,6,3.2
1958,4,8,15.9
1958,4,16,8.4
1958,4,17,9.6
1958,5,1,0
1958,6,1,0
1958,7,1,0
1958,8,1,0
1958,9,1,0
1958,10,13,1.3
1958,10,17,0.8
1958,11,20,16.5
1958,11,22,15.2
1958,11,27,2.3
1958,11,28,20.1
1958,11,29,24.9
1958,11,30,4.3
1958,12,1,5.3
1958,12,2,14.7
1958,12,11,6.6
1958,12,14,1.3
1958,12,15,20.1
1958,12,18,3
1958,12,21,2.3
1958,12,26,0.8
1958,12,27,36.8
1958,12,28,2.3
1959,1,2,29.5
1959,1,3,14
1959,1,8,37.1
1959,1,9,1
1959,1,10,21.3
1959,1,11,13.7
1959,1,12,23.6
1959,1,13,8.4
1959,1,15,6.9
1959,1,16,0.5
1959,1,18,10.9
1959,1,19,1.3
1959,1,20,33.5
1959,1,21,0.5
1959,1,22,18
1959,1,26,35.8
1959,1,27,0.3
1959,2,2,2.3
1959,2,3,5.1
1959,2,4,2
1959,2,7,15.7
1959,2,13,3
1959,2,14,1.5
1959,2,15,10.9
1959,2,23,0.5
1959,2,24,12.4
1959,2,25,0.3
1959,2,26,1.3
1959,2,27,3.6
1959,3,6,0.5
1959,3,7,1.3
1959,3,18,9.7
1959,3,26,2
1959,3,27,0.8
1959,3,31,0.3
1959,4,3,1.5
1959,4,4,5.1
1959,4,5,8.9
1959,4,6,35.6
1959,4,7,7.6
1959,4,21,2.3
1959,5,15,0.3
1959,5,22,4.1
1959,5,24,9.9
1959,5,25,0.8
1959,6,1,0
1959,7,1,0
1959,8,1,0
1959,9,1,0
1959,10,11,0.8
1959,10,17,0.3
1959,10,19,3.8
1959,10,22,6.4
1959,11,3,8.1
1959,11,4,1.5
1959,12,1,3.3
1959,12,2,1.5
1959,12,3,6.6
1959,12,5,5.1
1959,12,8,27.2
1959,12,9,0.5
1959,12,18,0.5
1959,12,20,3
1959,12,24,3
1959,12,25,6.4
1960,1,11,1.5
1960,1,12,34.8
1960,1,13,3.6
1960,1,14,51.3
1960,1,15,36.3
1960,1,19,2
1960,1,20,16.3
1960,1,21,5.8
1960,1,22,1.5
1960,1,25,10.7
1960,1,26,6.1
1960,1,27,9.4
1960,1,28,1.8
1960,1,29,10.7
1960,1,30,17.5
1960,1,31,1.5
1960,2,1,1.5
1960,2,2,2.8
1960,2,3,19.3
1960,2,9,0.3
1960,2,10,9.9
1960,2,11,1.8
1960,2,12,1
1960,2,13,36.6
1960,2,14,58.7
1960,2,16,3.3
1960,3,12,9.7
1960,3,14,21.8
1960,3,15,18.3
1960,3,16,12.4
1960,3,17,26.2
1960,3,18,19.8
1960,3,19,4.1
1960,3,21,2.5
1960,3,22,2.8
1960,3,23,5.8
1960,4,21,0.5
1960,4,22,1.5
1960,4,30,23.9
1960,5,2,0.3
1960,5,3,0.5
1960,5,12,47.2
1960,6,1,0
1960,7,1,0
1960,8,1,0
1960,9,1,0
1960,10,1,0
1960,11,14,0.8
1960,11,18,34.8
1960,11,21,1.3
1960,12,5,24.1
1960,12,6,3.8
1960,12,17,1.8
1960,12,18,6.4
1960,12,19,8.6
1960,12,20,19.1
1960,12,21,6.9
1960,12,23,3.8
1960,12,24,1.8
1960,12,25,0.8
1960,12,26,11.2
1960,12,27,6.1
1960,12,28,14.5
1960,12,31,4.1
1961,1,3,20.6
1961,1,19,10.2
1961,1,20,1.3
1961,1,24,6.1
1961,1,27,1.8
1961,1,28,0.5
1961,1,29,5.3
1961,1,30,1.5
1961,1,31,3
1961,2,2,17.3
1961,2,3,3.3
1961,2,5,25.1
1961,2,6,10.9
1961,2,7,2
1961,2,8,2.8
1961,2,10,7.6
1961,2,11,0.5
1961,2,15,6.9
1961,2,16,0.5
1961,2,17,4.3
1961,2,19,21.6
1961,2,25,9.1
1961,2,26,8.1
1961,2,27,5.1
1961,2,28,0.5
1961,3,1,20.8
1961,3,10,3.8
1961,3,14,2
1961,4,17,0.8
1961,4,19,0.8
1961,4,21,1.3
1961,4,22,9.9
1961,5,28,0.8
1961,6,1,0
1961,7,1,0
1961,8,1,0
1961,9,1,0
1961,10,1,0
1961,11,3,5.6
1961,11,4,21.8
1961,11,5,6.4
1961,11,11,17
1961,11,16,3.8
1961,11,23,0.5
1961,11,24,0.8
1961,11,25,6.9
1961,11,26,1
1961,11,27,5.6
1961,11,30,13.2
1961,12,1,1
1961,12,9,4.1
1961,12,13,0.5
1961,12,18,11.2
1961,12,19,10.7
1961,12,31,2.3
1962,1,2,3
1962,1,7,5.1
1962,1,8,41.9
1962,1,11,8.9
1962,1,12,3.6
1962,1,13,2.3
1962,1,14,0.8
1962,1,15,28.4
1962,1,16,31.5
1962,1,19,13.7
1962,1,20,12.4
1962,1,21,17.8
1962,1,22,2.5
1962,1,23,4.1
1962,1,24,3.6
1962,1,25,2.8
1962,1,28,19.8
1962,1,29,2.8
1962,1,30,3.3
1962,1,31,22.9
1962,2,1,50.3
1962,2,2,25.9
1962,2,3,28.4
1962,2,4,2.8
1962,2,7,33.3
1962,2,8,0.5
1962,2,9,2.3
1962,2,11,0.5
1962,2,13,1.5
1962,2,14,1.3
1962,2,15,6.1
1962,2,16,5.6
1962,2,17,0.8
1962,2,22,7.6
1962,2,27,6.9
1962,2,28,1.3
1962,3,2,10.9
1962,4,1,0
1962,5,1,0
1962,6,1,0
1962,7,1,0
1962,8,1,0
1962,9,1,0
1962,10,20,22.9
1962,10,28,4.6
1962,10,31,0.5
1962,11,7,1.3
1962,11,19,1
1962,11,20,2
1962,12,2,8.1
1962,12,18,32
1962,12,21,30.2
1962,12,22,2.8
1962,12,26,23.6
1962,12,27,2.3
1962,12,28,1.3
1962,12,29,0.5
1962,12,30,11.2
1963,1,7,25.9
1963,1,8,1.3
1963,1,9,5.3
1963,1,10,0.8
1963,1,11,11.7
1963,1,16,10.7
1963,1,17,5.6
1963,1,18,5.1
1963,1,19,41.1
1963,1,21,7.1
1963,1,22,0.8
1963,1,25,3.6
1963,1,26,26.4
1963,2,1,24.1
1963,2,2,25.7
1963,2,4,3.3
1963,2,7,1.5
1963,2,8,11.9
1963,2,11,1.5
1963,2,12,2
1963,2,13,0.5
1963,2,14,5.1
1963,2,15,38.4
1963,2,16,6.4
1963,2,22,12.7
1963,2,23,0.5
1963,2,24,5.8
1963,2,25,11.4
1963,2,26,18.5
1963,2,28,3
1963,3,1,7.1
1963,3,2,6.4
1963,3,6,1.3
1963,3,7,2.5
1963,3,20,10.2
1963,3,21,1
1963,4,6,5.3
1963,4,7,5.8
1963,4,8,4.8
1963,4,9,40.6
1963,4,13,6.4
1963,4,14,93.5
1963,4,15,173.2
1963,4,16,11.7
1963,5,1,0
1963,6,1,0
1963,7,1,0
1963,8,1,0
1963,9,1,0
1963,10,1,0
1963,11,4,0.5
1963,11,10,0.5
1963,11,29,10.7
1963,12,5,14
1963,12,6,10.9
1963,12,9,0.3
1963,12,17,3.8
1963,12,18,1.3
1964,1,1,16.8
1964,1,2,22.9
1964,1,3,9.9
1964,1,4,3.8
1964,1,6,2.5
1964,1,7,4.3
1964,1,8,7.9
1964,1,9,1.8
1964,1,10,0.8
1964,1,11,1.3
1964,1,12,37.6
1964,1,13,1.3
1964,1,15,4.1
1964,1,20,8.9
1964,1,23,1.8
1964,1,25,2.5
1964,1,27,5.6
1964,1,28,25.9
1964,1,29,4.3
1964,1,30,1
1964,2,2,45.7
1964,2,7,42.7
1964,2,8,1.8
1964,2,9,1
1964,3,1,0.5
1964,3,8,9.4
1964,3,9,47.8
1964,3,10,5.6
1964,3,11,62.7
1964,3,12,2.8
1964,3,13,1
1964,3,14,19.1
1964,3,23,50.8
1964,3,24,2
1964,3,25,5.3
1964,4,3,0.8
1964,4,5,3
1964,5,1,0
1964,6,1,0
1964,7,1,0
1964,8,1,0
1964,9,30,0.8
1964,10,3,0.5
1964,10,8,0.5
1964,10,9,6.1
1964,10,14,6.9
1964,10,15,36.8
1964,10,16,0.8
1964,10,17,3
1964,10,19,0.3
1964,10,24,4.3
1964,11,11,8.4
1964,11,13,1.3
1964,11,14,4.1
1964,11,20,31.2
1964,11,23,1.5
1964,11,26,0.5
1964,11,27,8.9
1964,11,28,8.9
1964,12,3,10.2
1964,12,4,47.2
1964,12,5,7.1
1964,12,19,0.8
1964,12,23,11.2
1964,12,24,0.8
1964,12,26,0.3
1964,12,29,3.8
1964,12,30,2.8
1964,12,31,19.8
1965,1,2,1.3
1965,1,6,4.6
1965,1,8,23.6
1965,1,10,2.3
1965,1,18,1.8
1965,1,19,6.1
1965,1,21,3.3
1965,1,26,1
1965,1,28,33.8
1965,1,30,15.7
1965,1,31,1.8
1965,2,4,0.8
1965,2,5,4.6
1965,2,11,0.8
1965,2,16,0.5
1965,3,1,35.8
1965,3,2,36.8
1965,3,3,18.8
1965,3,4,16.5
1965,3,5,23.4
1965,3,6,19.1
1965,3,7,12.2
1965,3,8,23.4
1965,3,9,21.1
1965,3,10,5.1
1965,3,12,7.6
1965,3,13,8.6
1965,3,19,4.8
1965,3,20,1.5
1965,3,21,1.8
1965,3,24,4.3
1965,3,26,1.8
1965,3,27,21.6
1965,3,28,8.1
1965,3,30,3.6
1965,4,1,0
1965,5,22,0.8
1965,5,23,40.1
1965,5,24,2.5
1965,6,1,0
1965,7,1,0
1965,8,1,0
1965,9,1,0
1965,10,1,0
1965,11,12,0.5
1965,11,22,0.5
1965,11,28,0.5
1965,12,1,5.3
1965,12,3,1.3
1965,12,5,6.6
1965,12,7,0.8
1965,12,10,21.6
1965,12,11,66.8
1965,12,14,0.8
1965,12,15,0.3
1965,12,16,35.8
1965,12,17,17
1965,12,18,6.9
1965,12,26,5.3
1965,12,30,10.7
1966,1,3,1.5
1966,1,8,6.1
1966,1,10,9.4
1966,1,12,1.5
1966,1,14,7.4
1966,1,15,10.9
1966,1,16,33.3
1966,1,17,79.5
1966,1,18,7.4
1966,1,19,15.2
1966,1,20,22.6
1966,1,22,9.1
1966,1,23,2.5
1966,1,25,6.4
1966,1,26,1
1966,1,27,0.8
1966,1,29,6.6
1966,1,30,3.6
1966,1,31,2.8
1966,2,1,5.6
1966,2,2,24.9
1966,2,3,0.3
1966,2,4,5.6
1966,2,5,23.1
1966,2,6,11.9
1966,2,7,6.6
1966,2,9,23.6
1966,2,10,27.4
1966,2,11,23.4
1966,2,12,23.1
1966,2,13,2.8
1966,2,16,0.8
1966,3,5,3.8
1966,3,8,34.3
1966,3,9,5.3
1966,3,10,1
1966,3,18,0.8
1966,3,23,17.8
1966,4,4,5.8
1966,5,5,1
1966,5,31,0.3
1966,6,1,0.5
1966,7,1,0
1966,8,1,0
1966,9,29,5.1
1966,10,1,3.6
1966,10,3,3.3
1966,11,7,1
1966,11,13,4.6
1966,12,2,38.9
1966,12,3,2
1966,12,4,3.8
1966,12,6,0.5
1966,12,8,16.5
1966,12,14,5.6
1966,12,15,0.8
1966,12,30,24.6
1967,1,1,3
1967,1,3,0.8
1967,1,16,22.9
1967,1,17,0.8
1967,1,19,1
1967,1,22,67.1
1967,1,23,22.1
1967,1,25,1
1967,1,28,4.8
1967,1,30,6.6
1967,2,3,2.8
1967,2,4,0.5
1967,2,5,34.8
1967,2,6,3.3
1967,2,7,13.2
1967,2,8,6.4
1967,2,9,22.4
1967,2,10,6.9
1967,2,12,0.5
1967,2,13,10.4
1967,2,14,15.5
1967,2,15,5.3
1967,2,16,12.2
1967,2,17,41.9
1967,2,18,35.6
1967,2,19,16
1967,2,20,6.6
1967,2,21,10.7
1967,2,22,30.2
1967,2,23,11.7
1967,2,24,1.3
1967,2,25,8.9
1967,2,26,54.6
1967,2,27,2.5
1967,2,28,43.9
1967,3,1,11.4
1967,3,2,2.8
1967,3,3,27.9
1967,3,4,8.6
1967,3,5,13.7
1967,3,6,1.3
1967,3,8,5.1
1967,3,14,13.5
1967,3,15,62.5
1967,3,16,14.2
1967,3,20,0.5
1967,4,14,5.3
1967,5,7,0.3
1967,6,1,0
1967,7,1,0
1967,8,1,0
1967,9,1,0
1967,10,1,0
1967,11,6,2.5
1967,11,7,1
1967,11,8,0.5
1967,11,9,2.3
1967,11,13,0.8
1967,11,30,0.5
1967,12,2,3
1967,12,3,1.3
1967,12,5,5.3
1967,12,9,6.9
1967,12,10,22.1
1967,12,13,8.1
1967,12,21,0.5
1967,12,22,1.8
1967,12,30,48.3
1968,1,2,16.5
1968,1,4,5.3
1968,1,5,20.8
1968,1,11,3.6
1968,1,17,3
1968,1,18,23.9
1968,1,19,5.3
1968,1,20,15.5
1968,1,21,7.6
1968,1,22,33.8
1968,1,23,11.4
1968,1,24,33.5
1968,1,25,3.8
1968,1,26,2.5
1968,1,27,2.5
1968,1,29,12.7
1968,1,31,30
1968,2,1,12.7
1968,2,2,23.4
1968,2,3,0.3
1968,2,4,0.3
1968,2,5,0.8
1968,2,6,28.4
1968,2,7,5.3
1968,2,9,37.6
1968,2,10,58.9
1968,2,12,12.7
1968,2,13,1.3
1968,2,14,99.1
1968,2,15,20.1
1968,2,16,4.3
1968,2,19,6.1
1968,2,20,1
1968,2,21,1.8
1968,2,22,6.4
1968,2,23,11.2
1968,2,24,6.1
1968,2,25,26.4
1968,2,26,3.8
1968,2,27,11.4
1968,2,28,4.1
1968,2,29,11.4
1968,3,1,6.4
1968,3,2,4.6
1968,3,3,19.6
1968,3,4,8.9
1968,3,5,3.6
1968,3,7,0.5
1968,3,9,32.3
1968,3,10,54.6
1968,3,11,7.6
1968,3,12,0.5
1968,3,22,2
1968,3,27,7.6
1968,4,16,1
1968,4,23,1.5
1968,4,29,0.5
1968,5,10,11.2
1968,5,12,24.4
1968,5,13,145.8
1968,5,21,3.6
1968,5,26,12.2
1968,6,1,0
1968,7,2,0.5
1968,7,13,0.8
1968,7,14,35.3
1968,7,15,10.9
1968,7,16,5.3
1968,8,1,0
1968,9,1,0
1968,10,4,1.3
1968,11,8,18.5
1968,11,24,7.6
1968,11,25,23.1
1968,11,28,5.1
1968,12,1,6.1
1968,12,2,0.5
1968,12,4,7.4
1968,12,17,4.1
1968,12,18,2
1968,12,19,9.9
1968,12,20,1.3
1968,12,21,17.3
1968,12,24,1
1968,12,25,59.9
1968,12,26,0.3
1969,1,5,1.3
1969,1,6,1.8
1969,1,7,9.9
1969,1,9,13
1969,1,10,16.5
1969,1,11,0.5
1969,1,15,7.6
1969,1,16,0.5
1969,1,18,4.8
1969,1,21,0.8
1969,1,22,4.6
1969,1,23,3.8
1969,1,28,15.7
1969,1,29,0.5
1969,1,30,7.9
1969,1,31,38.6
1969,2,1,12.2
1969,2,4,0.5
1969,2,5,9.9
1969,2,6,4.3
1969,2,7,9.7
1969,2,8,10.2
1969,2,9,0.3
1969,2,10,8.1
1969,2,11,0.3
1969,2,12,1.8
1969,2,15,25.7
1969,2,17,33.8
1969,2,18,1.8
1969,2,19,0.5
1969,2,23,74.2
1969,2,24,2.3
1969,2,26,13
1969,2,27,98.8
1969,2,28,2.5
1969,3,1,2
1969,3,2,1
1969,3,3,7.6
1969,3,4,2.3
1969,3,5,12.4
1969,3,6,1.3
1969,3,7,1
1969,3,8,0.8
1969,3,14,14.2
1969,3,15,27.9
1969,3,16,0.5
1969,4,1,0
1969,5,1,0
1969,6,2,1.5
1969,7,1,0
1969,8,1,0
1969,9,1,0
1969,10,17,4.3
1969,10,21,14.5
1969,10,24,2.3
1969,10,25,9.1
1969,10,26,4.3
1969,10,27,25.7
1969,10,30,4.1
1969,11,1,5.1
1969,11,6,4.6
1969,11,16,8.9
1969,11,19,0.3
1969,12,3,0.8
1969,12,8,1
1969,12,9,11.7
1969,12,10,2.8
1969,12,12,19.3
1969,12,13,1.5
1969,12,14,1.3
1969,12,15,15.7
1969,12,17,0.8
1969,12,18,8.9
1969,12,19,39.9
1969,12,22,22.9
1969,12,23,96.8
1970,1,2,41.7
1970,1,13,4.8
1970,1,15,0.5
1970,1,22,21.6
1970,1,23,9.4
1970,1,24,0.3
1970,1,27,0.5
1970,1,28,2.3
1970,2,3,18
1970,2,7,0.3
1970,2,8,24.9
1970,2,9,1.8
1970,2,10,11.7
1970,2,11,17.3
1970,2,20,2.8
1970,2,24,4.3
1970,2,25,5.8
1970,2,26,8.1
1970,2,28,1.5
1970,3,1,13.5
1970,3,2,4.6
1970,3,5,8.4
1970,3,8,2
1970,3,11,3
1970,3,19,11.9
1970,3,20,2
1970,3,30,1.5
1970,4,24,0.5
1970,4,25,5.6
1970,5,1,0
1970,6,1,0
1970,7,1,0
1970,8,1,0
1970,9,23,12.7
1970,10,9,0.3
1970,10,10,1.3
1970,11,3,0.3
1970,11,5,23.1
1970,11,6,0.3
1970,11,8,1.5
1970,11,9,15.7
1970,11,11,6.9
1970,11,12,45.2
1970,11,23,7.6
1970,11,25,0.3
1970,11,26,1.8
1970,11,27,0.3
1970,12,1,7.6
1970,12,2,3.3
1970,12,5,2
1970,12,6,56.9
1970,12,7,22.4
1970,12,8,24.4
1970,12,9,0.3
1970,12,19,2.5
1970,12,20,4.6
1970,12,24,16.3
1970,12,27,0.8
1971,1,6,23.1
1971,1,7,2.5
1971,1,10,0.3
1971,1,16,4.6
1971,1,17,5.3
1971,1,18,0.5
1971,1,26,27.9
1971,1,30,3.8
1971,1,31,0.3
1971,2,1,7.6
1971,2,2,3.3
1971,2,3,5.3
1971,2,4,6.9
1971,2,5,0.5
1971,2,10,11.4
1971,2,11,1.3
1971,2,12,7.6
1971,2,18,16.5
1971,2,19,1
1971,2,20,1
1971,2,25,0.3
1971,2,26,0.8
1971,2,27,21.6
1971,2,28,2.5
1971,3,2,2.5
1971,3,3,22.4
1971,3,4,2
1971,3,7,0.5
1971,3,12,5.1
1971,3,13,36.6
1971,3,14,8.6
1971,3,15,11.7
1971,3,20,32.8
1971,3,21,12.2
1971,3,22,0.5
1971,3,23,14
1971,3,25,0.8
1971,3,29,5.1
1971,3,30,0.3
1971,4,2,0.5
1971,4,3,1.8
1971,4,13,0.5
1971,4,14,0.5
1971,4,15,0.5
1971,4,16,18.5
1971,4,17,2
1971,4,27,0.5
1971,5,30,3.8
1971,5,31,0.8
1971,6,1,0
1971,7,1,0
1971,8,1,0
1971,9,27,12.4
1971,10,14,3.3
1971,10,15,6.4
1971,10,19,8.4
1971,11,2,21.3
1971,11,3,1.3
1971,11,7,3.8
1971,11,8,2
1971,11,15,20.8
1971,11,17,1
1971,11,21,0.3
1971,11,22,16.3
1971,11,27,13.7
1971,11,29,21.3
1971,11,30,2.5
1971,12,6,2.8
1971,12,9,0.5
1971,12,11,15
1971,12,13,0.5
1971,12,14,0.5
1971,12,15,6.9
1971,12,16,19.8
1971,12,17,3
1971,12,25,0.3
1971,12,26,3.8
1971,12,27,1
1971,12,28,0.3
1971,12,30,17
1972,1,1,7.6
1972,1,3,12.7
1972,1,4,0.3
1972,1,13,33.5
1972,1,14,7.4
1972,1,15,2.8
1972,1,17,2
1972,1,20,10.9
1972,1,21,4.3
1972,2,2,1
1972,2,3,4.6
1972,2,8,13.7
1972,2,9,6.6
1972,2,11,16.3
1972,2,14,4.3
1972,2,15,16
1972,2,16,25.7
1972,2,17,22.1
1972,2,18,5.3
1972,2,23,0.8
1972,2,25,0.5
1972,2,26,4.3
1972,2,27,5.3
1972,2,28,22.4
1972,2,29,11.4
1972,3,1,12.4
1972,3,2,3.8
1972,3,4,1
1972,3,6,0.8
1972,3,7,2.8
1972,3,9,102.1
1972,3,10,33.5
1972,3,11,32
1972,3,15,16
1972,3,16,8.9
1972,3,17,1.3
1972,4,8,7.1
1972,4,9,46.5
1972,4,18,0.3
1972,5,7,0.5
1972,6,1,0
1972,7,1,0
1972,8,1,0
1972,9,1,0
1972,10,27,1.8
1972,11,11,5.8
1972,11,12,0.3
1972,11,13,1
1972,11,19,0.5
1972,11,24,3.3
1972,11,25,3.6
1972,11,27,7.4
1972,12,4,56.1
1972,12,25,6.4
1972,12,27,1
1972,12,31,3.6
1973,1,1,50.8
1973,1,3,6.1
1973,1,4,0.8
1973,1,5,8.9
1973,1,11,0.3
1973,1,15,7.1
1973,1,16,0.5
1973,1,18,27.9
1973,1,19,34.8
1973,1,20,1.3
1973,1,24,0.3
1973,1,27,0.3
1973,1,28,1.3
1973,1,29,42.9
1973,1,30,42.4
1973,2,1,5.8
1973,2,2,3
1973,2,3,18.8
1973,2,4,2.8
1973,2,5,0.5
1973,2,7,17.3
1973,2,18,11.4
1973,2,19,10.2
1973,2,21,2.3
1973,2,23,3.3
1973,2,24,3.3
1973,2,25,3.6
1973,2,27,3.8
1973,2,28,2.8
1973,3,2,30.2
1973,3,4,0.5
1973,3,5,1
1973,3,7,8.1
1973,3,8,41.4
1973,3,9,15.7
1973,3,10,1.5
1973,3,11,5.6
1973,3,12,0.3
1973,3,13,11.9
1973,3,23,18.5
1973,3,26,4.1
1973,3,27,1.3
1973,3,28,0.5
1973,4,8,7.6
1973,4,16,0.3
1973,4,17,0.3
1973,5,6,0.5
1973,6,15,5.3
1973,6,16,114
1973,6,17,10.9
1973,6,18,0.8
1973,7,1,0
1973,8,1,0
1973,9,15,1.3
1973,10,21,4.3
1973,10,22,0.8
1973,10,28,16.8
1973,11,5,16.8
1973,11,7,4.8
1973,11,8,21.3
1973,11,10,40.1
1973,11,12,23.6
1973,11,20,0.3
1973,11,21,14
1973,11,22,9.9
1973,11,23,21.1
1973,11,24,9.1
1973,11,25,0.3
1973,11,26,33
1973,12,7,2
1973,12,11,1.8
1973,12,12,1.5
1973,12,15,14.2
1973,12,16,14.7
1973,12,17,0.3
1973,12,18,0.5
1973,12,20,0.3
1973,12,22,1.8
1973,12,23,35.3
1973,12,25,0.5
1973,12,26,5.3
1973,12,27,25.1
1973,12,28,62
1973,12,30,24.4
1973,12,31,1.5
1974,1,1,10.9
1974,1,2,4
1974,1,3,17.2
1974,1,4,0.6
1974,1,6,15.6
1974,1,7,15.6
1974,1,8,15.6
1974,1,9,12.6
1974,1,10,17.2
1974,1,11,53
1974,1,12,11.6
1974,1,14,22
1974,1,15,2
1974,1,17,8.2
1974,1,18,9.4
1974,1,19,1.4
1974,1,20,0.8
1974,1,21,1.4
1974,1,22,0.8
1974,1,23,3.6
1974,1,24,2.8
1974,1,25,0.8
1974,1,26,2
1974,2,1,8
1974,2,3,19.2
1974,2,8,42.4
1974,2,9,3.6
1974,2,10,12.6
1974,2,11,14.6
1974,2,12,5.8
1974,2,14,2.2
1974,2,15,0.4
1974,2,16,3.4
1974,2,17,1.4
1974,2,20,0.6
1974,2,22,2
1974,2,23,13
1974,2,24,37.4
1974,2,25,20
1974,2,26,6
1974,2,27,1
1974,2,28,21.8
1974,3,1,16.2
1974,3,2,24
1974,3,5,1.2
1974,3,6,34
1974,3,7,49.6
1974,3,8,4.2
1974,3,9,36.8
1974,3,10,27.6
1974,3,11,4.4
1974,3,12,0.2
1974,3,13,3
1974,3,14,7.6
1974,3,18,10.8
1974,3,19,4.2
1974,3,20,3.6
1974,3,21,10.8
1974,3,22,5.6
1974,3,23,17.8
1974,3,24,1.8
1974,3,25,2.4
1974,3,28,0.8
1974,3,29,0.8
1974,4,1,20.8
1974,4,2,7.2
1974,5,1,0
1974,6,1,0
1974,7,1,0
1974,8,28,2.6
1974,9,6,12.2
1974,9,10,0.1
1974,9,23,10
1974,10,4,7.8
1974,10,5,14
1974,10,6,4.9
1974,10,17,6.5
1974,10,18,21.5
1974,10,26,7.1
1974,10,31,0.4
1974,11,1,41.5
1974,11,2,0.2
1974,11,8,11.2
1974,11,9,0.2
1974,11,10,23.6
1974,11,11,0.1
1974,11,13,2.7
1974,11,14,6.5
1974,11,20,0.1
1974,11,22,0.6
1974,11,23,2.7
1974,11,27,61
1974,12,9,0.3
1974,12,10,37.4
1974,12,11,0.3
1974,12,12,2.4
1974,12,17,33.4
1974,12,18,2
1974,12,20,1.8
1974,12,21,4.4
1974,12,23,2.2
1974,12,24,60.2
1974,12,26,0.1
1974,12,27,42
1974,12,28,3.5
1974,12,29,51.7
1975,1,1,6.8
1975,1,2,0.5
1975,1,4,13.6
1975,1,5,14.4
1975,1,6,14
1975,1,10,5.1
1975,1,11,4.3
1975,1,12,46.9
1975,1,13,63.3
1975,1,14,9.9
1975,1,26,5.2
1975,2,11,14.3
1975,2,12,17
1975,2,13,51.8
1975,2,14,6.3
1975,2,15,2.1
1975,2,16,3.4
1975,2,17,5.8
1975,2,18,0.1
1975,2,19,9.8
1975,2,20,40.1
1975,2,21,2.5
1975,2,22,9.8
1975,2,23,0.3
1975,2,24,10
1975,2,25,28.4
1975,2,26,0.5
1975,2,27,13
1975,3,8,1.8
1975,3,9,5.4
1975,3,10,4.5
1975,3,12,0.5
1975,3,14,6.7
1975,3,15,12.5
1975,3,16,2.9
1975,3,17,5.1
1975,3,18,6
1975,3,19,12.1
1975,3,20,1.8
1975,3,30,21.5
1975,3,31,37
1975,4,1,7.1
1975,4,2,45.8
1975,4,3,53
1975,4,5,5.2
1975,4,12,6.2
1975,4,15,1.2
1975,5,1,0
1975,6,1,0
1975,7,1,0
1975,8,1,0
1975,9,30,9.2
1975,10,1,7
1975,10,2,15.5
1975,10,9,1.3
1975,10,12,0.1
1975,10,19,30
1975,10,20,4.2
1975,10,21,2
1975,10,30,10.7
1975,10,31,1.1
1975,11,1,0.9
1975,11,9,2.2
1975,11,19,0.4
1975,11,24,0.6
1975,11,27,13.8
1975,11,30,0.3
1975,12,3,9.5
1975,12,7,0.8
1975,12,8,38.7
1975,12,9,16.4
1975,12,11,8.4
1975,12,13,20
1975,12,14,4.3
1975,12,16,7.2
1975,12,19,10.8
1975,12,20,9.2
1975,12,26,7.7
1975,12,27,7.7
1975,12,28,7.7
1976,1,1,8.5
1976,1,2,7.2
1976,1,3,25.3
1976,1,4,41.1
1976,1,5,35.2
1976,1,6,3.5
1976,1,7,4.1
1976,1,8,9.7
1976,1,9,21.8
1976,1,10,3.8
1976,1,11,10.7
1976,1,12,8.9
1976,1,13,0.2
1976,1,14,22.1
1976,1,15,32.6
1976,1,16,51.7
1976,1,17,80.2
1976,1,18,5.3
1976,1,19,0.8
1976,1,20,0.1
1976,2,1,10.4
1976,2,3,25.6
1976,2,4,4.2
1976,2,5,9.2
1976,2,6,11.2
1976,2,7,5.2
1976,2,8,1
1976,2,9,1.8
1976,2,10,0.8
1976,2,11,1.9
1976,2,12,2.1
1976,2,13,2.9
1976,2,14,0.4
1976,2,15,2.1
1976,2,16,2.3
1976,2,17,5
1976,2,18,20.3
1976,2,19,2
1976,2,20,61.3
1976,2,21,57.5
1976,2,22,0.5
1976,2,23,42.7
1976,2,24,20.3
1976,2,25,3.1
1976,2,26,5.9
1976,2,27,17.9
1976,2,28,0.2
1976,2,29,20
1976,3,3,45.5
1976,3,4,0.4
1976,3,8,2.8
1976,3,9,54.8
1976,3,10,2.1
1976,3,11,12.8
1976,3,12,3.7
1976,3,13,40.5
1976,3,14,53
1976,3,15,0.7
1976,3,16,16.1
1976,3,17,233
1976,3,18,29.1
1976,3,19,3.6
1976,3,22,4.1
1976,4,1,0
1976,5,1,0
1976,6,1,0
1976,7,1,0
1976,8,1,0
1976,9,1,0
1976,10,21,0.8
1976,10,22,1.8
1976,10,24,10.1
1976,10,25,11.5
1976,10,29,1.1
1976,11,5,23.9
1976,11,8,12.8
1976,11,21,8
1976,11,22,9.4
1976,12,3,15.4
1976,12,8,16.6
1976,12,10,21
1976,12,12,13.4
1976,12,13,6.6
1976,12,16,14.4
1976,12,17,18
1976,12,25,3.6
1976,12,31,14
1977,1,1,2
1977,1,2,9.2
1977,1,4,2
1977,1,6,5.4
1977,1,7,4
1977,1,8,14.6
1977,1,10,23
1977,1,11,4.4
1977,1,16,9.2
1977,1,17,4
1977,1,18,9.2
1977,1,19,6.8
1977,1,20,8.2
1977,1,21,17.8
1977,1,22,37
1977,1,23,3.6
1977,1,24,11
1977,1,27,1.2
1977,1,28,13.2
1977,1,30,4.4
1977,2,4,5.2
1977,2,6,6
1977,2,11,2.1
1977,2,12,0.5
1977,2,13,7.2
1977,2,14,0.4
1977,2,15,2
1977,2,16,4.2
1977,2,17,3.8
1977,2,18,53.8
1977,2,19,0.2
1977,2,20,17.6
1977,2,21,16
1977,2,27,3
1977,2,28,60
1977,3,1,4.6
1977,3,2,2.6
1977,3,3,5
1977,3,4,1.4
1977,3,5,3.6
1977,3,6,36.8
1977,3,7,73.8
1977,3,8,10.4
1977,3,12,7
1977,3,15,4
1977,3,16,0.1
1977,3,17,0.2
1977,3,18,14.6
1977,3,19,36.8
1977,3,20,38
1977,3,21,13.8
1977,3,22,51
1977,3,23,0.7
1977,3,24,26
1977,3,25,0.1
1977,4,4,0.6
1977,4,6,2.6
1977,4,14,0.6
1977,4,24,1.4
1977,5,1,0
1977,6,1,0
1977,7,1,0
1977,8,1,0
1977,9,1,0
1977,10,20,1.2
1977,11,2,0.2
1977,11,3,0.5
1977,11,5,1
1977,11,6,8.4
1977,11,17,8.4
1977,11,18,4.8
1977,11,21,6.2
1977,11,22,3.7
1977,11,23,5.8
1977,11,25,0.4
1977,11,26,2.8
1977,11,27,54.4
1977,11,28,5.2
1977,11,29,2
1977,12,1,1.2
1977,12,3,0.2
1977,12,4,0.3
1977,12,9,0.5
1977,12,12,0.8
1977,12,14,4
1977,12,15,7
1977,12,16,0.1
1977,12,17,16
1977,12,18,3.6
1977,12,20,73
1977,12,21,21.8
1977,12,22,0.2
1977,12,29,4
1977,12,30,0.3
1978,1,5,20
1978,1,7,9.4
1978,1,8,0.8
1978,1,9,2.8
1978,1,10,0.6
1978,1,11,0.6
1978,1,12,8.6
1978,1,13,1.3
1978,1,14,11.2
1978,1,16,41.8
1978,1,17,0.6
1978,1,18,23.8
1978,1,19,12
1978,1,20,1.2
1978,1,22,3.4
1978,1,23,9
1978,1,25,9.8
1978,1,26,41.8
1978,1,27,30.6
1978,1,28,12.2
1978,1,29,56
1978,1,31,9
1978,2,7,1.2
1978,2,10,12.2
1978,2,11,1.2
1978,2,12,14.8
1978,2,13,2.8
1978,2,14,0.7
1978,2,15,0.8
1978,2,16,0.3
1978,2,18,12.2
1978,2,19,33.8
1978,2,20,22
1978,2,21,24
1978,2,22,52
1978,2,23,26
1978,2,24,7.6
1978,2,25,2
1978,2,26,0.9
1978,2,27,0.3
1978,3,6,3.6
1978,3,8,1
1978,3,9,0.6
1978,3,11,6.8
1978,3,15,4
1978,3,31,19
1978,4,1,10.4
1978,4,2,0.4
1978,5,1,0
1978,6,13,4
1978,7,9,0.7
1978,7,10,12.6
1978,8,1,0
1978,9,4,0.6
1978,9,6,0.4
1978,9,28,8.2
1978,9,29,10.2
1978,10,19,10.5
1978,10,30,6
1978,10,31,2.5
1978,11,1,0.5
1978,11,9,0.2
1978,11,12,26
1978,11,13,2
1978,11,19,17
1978,11,20,2.5
1978,12,2,1
1978,12,4,8
1978,12,5,10
1978,12,6,35
1978,12,7,3.5
1978,12,8,13
1978,12,12,2
1978,12,13,16
1978,12,14,8
1978,12,20,7
1978,12,23,5
1978,12,24,4
1978,12,25,22
1978,12,30,1
1978,12,31,16
1979,1,1,10
1979,1,2,3.5
1979,1,4,1
1979,1,5,6
1979,1,6,13
1979,1,7,13
1979,1,9,4
1979,1,13,12
1979,1,18,1
1979,1,19,11
1979,1,20,18
1979,1,21,37
1979,1,22,16
1979,1,23,20
1979,1,24,10
1979,1,26,17
1979,1,27,26
1979,1,28,1
1979,2,4,49
1979,2,9,2.5
1979,2,10,12
1979,2,11,3
1979,2,14,6.5
1979,2,17,0.5
1979,2,19,25
1979,2,20,3.5
1979,2,24,12.5
1979,2,25,26
1979,2,26,9
1979,2,27,14
1979,2,28,28
1979,3,1,8.8
1979,3,2,0.4
1979,3,3,9.2
1979,3,5,8.4
1979,3,6,82.2
1979,3,7,1.8
1979,3,8,9.2
1979,3,9,1.6
1979,3,10,11.8
1979,3,12,7.2
1979,3,14,2.8
1979,3,15,1.2
1979,3,25,1
1979,4,1,0
1979,5,15,0.3
1979,6,1,0
1979,7,1,0
1979,8,1,0
1979,9,6,1.2
1979,9,7,1.4
1979,10,10,0.8
1979,10,15,1
1979,10,20,0.5
1979,10,25,29.2
1979,10,26,3.2
1979,10,27,5
1979,11,3,17.6
1979,11,17,9.8
1979,11,24,8.8
1979,11,25,1.1
1979,11,26,5.2
1979,12,4,5
1979,12,6,55.2
1979,12,7,0.6
1979,12,16,1.2
1979,12,19,6.8
1979,12,21,1.8
1979,12,22,8.4
1979,12,24,4
1979,12,28,0.6
1979,12,30,1.8
1980,1,2,10.6
1980,1,3,61.6
1980,1,4,2.2
1980,1,5,82
1980,1,6,0.8
1980,1,12,9.4
1980,1,13,28
1980,1,14,12
1980,1,18,7.2
1980,1,19,19
1980,1,20,5.1
1980,1,23,5
1980,1,25,24.8
1980,1,26,1.5
1980,1,27,34.8
1980,1,28,6.8
1980,1,31,2
1980,2,2,12.2
1980,2,3,12
1980,2,4,0.2
1980,2,5,2.8
1980,2,6,21
1980,2,7,1.2
1980,2,8,1.4
1980,2,9,5.4
1980,2,10,2.4
1980,2,11,32
1980,2,12,19
1980,2,13,8.4
1980,2,14,24.2
1980,2,15,7.4
1980,2,16,6.6
1980,2,17,6
1980,2,23,11.4
1980,2,24,2.2
1980,2,25,1
1980,3,2,14.8
1980,3,5,5.4
1980,3,9,84.8
1980,3,10,22.6
1980,3,11,23.4
1980,3,12,9.4
1980,3,18,0.4
1980,3,19,24.8
1980,3,20,4.6
1980,3,21,2
1980,3,22,4.8
1980,4,16,1
1980,4,17,1.4
1980,4,29,0.4
1980,4,30,6.8
1980,5,21,15.6
1980,5,22,0.8
1980,6,1,0
1980,7,1,0
1980,8,1,0
1980,9,1,0
1980,10,12,4.8
1980,10,18,1.6
1980,10,20,33.8
1980,10,21,0.6
1980,10,24,1
1980,11,7,0.8
1980,11,8,3.6
1980,11,14,61
1980,11,21,4
1980,11,25,0.4
1980,11,26,17
1980,11,28,0.5
1980,11,29,3
1980,12,3,15
1980,12,4,50
1980,12,5,0.2
1980,12,9,23.8
1980,12,10,0.5
1980,12,18,2.6
1980,12,26,5
1980,12,28,0.2
1980,12,29,11.8
1981,1,3,1.8
1981,1,5,19
1981,1,6,26.2
1981,1,7,0.1
1981,1,8,1.2
1981,1,10,2.2
1981,1,12,87.4
1981,1,13,123.8
1981,1,14,17.6
1981,1,17,70.8
1981,1,19,44.2
1981,1,21,4.2
1981,1,22,12
1981,1,23,1
1981,1,24,1
1981,1,26,4.4
1981,1,28,1.4
1981,1,29,10.4
1981,1,30,73.4
1981,1,31,102.4
1981,2,1,0.4
1981,2,2,1.8
1981,2,4,0.6
1981,2,5,31.6
1981,2,6,29.6
1981,2,7,4.2
1981,2,8,0.2
1981,2,10,16.8
1981,2,11,28.8
1981,2,12,26.6
1981,2,13,16.8
1981,2,14,9.6
1981,2,15,22
1981,2,16,0.3
1981,2,17,6.6
1981,2,18,9.3
1981,2,19,63.2
1981,2,20,4.6
1981,2,21,11.6
1981,2,22,20
1981,2,23,2.6
1981,2,24,0.4
1981,2,25,0.2
1981,2,27,0.8
1981,3,1,13.4
1981,3,3,7.8
1981,3,4,1
1981,3,12,23.4
1981,3,22,0.8
1981,3,30,5.6
1981,3,31,0.5
1981,4,12,0.2
1981,4,14,1.6
1981,5,19,1.3
1981,5,20,5
1981,6,2,0.4
1981,7,1,0
1981,8,1,0
1981,9,7,3
1981,9,10,0.8
1981,9,28,0.3
1981,10,3,26
1981,10,4,11
1981,11,2,0.4
1981,11,12,0.8
1981,11,14,3.4
1981,11,15,5.6
1981,11,16,4
1981,11,17,151.4
1981,11,18,15.8
1981,11,20,0.2
1981,11,23,0.2
1981,11,24,0.5
1981,11,26,51.8
1981,11,28,0.6
1981,11,29,5.2
1981,12,1,7.8
1981,12,2,8
1981,12,12,5
1981,12,21,7.2
1981,12,22,1.2
1981,12,24,9.8
1981,12,26,0.8
1981,12,29,0.3
1982,1,1,10.8
1982,1,2,5.2
1982,1,6,1.8
1982,1,7,10.8
1982,1,8,0.8
1982,1,9,11
1982,1,10,18.2
1982,1,11,1
1982,1,14,0.1
1982,1,15,3.2
1982,1,16,17.6
1982,1,17,0.4
1982,1,20,14.6
1982,1,21,0.8
1982,1,22,0.1
1982,1,23,1.2
1982,1,24,5.6
1982,1,26,10.2
1982,1,27,8.4
1982,1,28,0.4
1982,1,31,0.8
1982,2,1,0.1
1982,2,4,3.8
1982,2,5,12.6
1982,2,6,16.4
1982,2,7,8.4
1982,2,8,1.8
1982,2,9,3
1982,2,10,58
1982,2,11,13.8
1982,2,12,7.4
1982,2,13,2.2
1982,2,14,5.8
1982,2,18,1.8
1982,2,20,0.4
1982,2,23,26
1982,2,24,4
1982,2,25,16.2
1982,2,26,11.4
1982,2,27,12.8
1982,2,28,5.4
1982,3,1,10.2
1982,3,3,6.6
1982,3,4,44
1982,3,5,12
1982,3,6,4
1982,3,7,0.6
1982,3,19,62.4
1982,3,20,7.4
1982,3,21,12.8
1982,3,22,21.6
1982,3,23,12.6
1982,3,24,26.6
1982,3,25,6.6
1982,3,26,3.6
1982,4,28,0.4
1982,4,29,0.3
1982,5,1,0
1982,6,2,0.1
1982,7,1,0
1982,8,1,0
1982,9,1,0
1982,10,1,0
1982,11,8,2.2
1982,11,15,3.4
1982,11,18,7.6
1982,11,21,17.2
1982,12,3,2
1982,12,4,1.2
1982,12,5,3.6
1982,12,6,0.1
1982,12,7,4.8
1982,12,9,14.2
1982,12,11,7
1982,12,13,4.8
1982,12,16,17
1982,12,17,2.4
1982,12,24,0.8
1982,12,26,0.8
1982,12,27,4.6
1982,12,30,19.8
1983,1,1,0.2
1983,1,2,44.8
1983,1,4,40.4
1983,1,11,0.4
1983,1,15,12.8
1983,1,23,0.4
1983,1,24,3.4
1983,1,25,0.2
1983,1,29,12.2
1983,1,30,3.6
1983,1,31,3.4
1983,2,3,22
1983,2,5,0.4
1983,2,6,0.4
1983,2,8,15.6
1983,2,11,0.4
1983,2,14,3.8
1983,2,16,0.5
1983,2,17,0.2
1983,2,18,2.6
1983,2,19,0.2
1983,2,20,0.4
1983,2,21,22.2
1983,2,22,1.4
1983,2,26,20.2
1983,3,2,114.8
1983,3,3,0.4
1983,3,4,1.2
1983,3,6,6.2
1983,3,7,1.4
1983,3,8,18
1983,3,9,14
1983,3,10,25.2
1983,3,12,5.2
1983,3,13,5.6
1983,3,14,5.4
1983,3,15,11.6
1983,3,16,9.5
1983,3,19,15.8
1983,3,23,22
1983,3,25,2.2
1983,3,27,29.8
1983,3,31,2.4
1983,4,7,0.4
1983,4,9,6.6
1983,4,12,0.6
1983,4,23,2.6
1983,4,24,2.8
1983,4,25,1.2
1983,4,27,18.6
1983,5,1,0
1983,6,15,1.2
1983,7,1,0
1983,8,26,0.2
1983,9,17,1
1983,10,4,0.6
1983,10,17,2
1983,10,19,0.2
1983,10,31,7.4
1983,11,4,2.2
1983,11,5,2
1983,11,14,0.6
1983,11,17,0.8
1983,11,18,19.6
1983,11,20,10
1983,11,22,1.6
1983,11,28,10
1983,11,29,23.6
1983,12,2,13.8
1983,12,3,27.2
1983,12,5,5.2
1983,12,6,1.8
1983,12,7,0.6
1983,12,26,1
1983,12,27,1
1983,12,31,32.8
1984,1,3,10.8
1984,1,5,1.4
1984,1,7,32.4
1984,1,8,74
1984,1,9,2.6
1984,1,10,2.2
1984,1,12,3.6
1984,1,16,0.4
1984,1,18,24.2
1984,1,19,21.8
1984,1,21,40.2
1984,1,22,7.4
1984,1,23,33.6
1984,1,24,0.4
1984,1,26,7.6
1984,1,27,48.6
1984,1,28,1.2
1984,1,29,2.8
1984,1,30,18.4
1984,2,5,26.4
1984,2,8,0.6
1984,2,11,31.4
1984,2,12,14.8
1984,2,13,4
1984,2,14,18.2
1984,2,15,43.4
1984,2,16,20.8
1984,2,17,8.8
1984,2,18,1.2
1984,2,22,0.6
1984,2,23,20.6
1984,2,24,19.6
1984,2,25,36.4
1984,2,26,6.4
1984,2,27,67.2
1984,2,28,0.2
1984,3,2,4.8
1984,3,3,0.2
1984,3,5,6.4
1984,3,6,32
1984,3,7,17
1984,3,11,10
1984,3,14,1.6
1984,3,15,1.2
1984,3,17,1
1984,3,20,12.2
1984,3,24,1.4
1984,3,26,4.6
1984,4,1,27.2
1984,5,1,0
1984,6,1,0
1984,7,1,0
1984,8,1,0
1984,9,12,11.5
1984,9,13,48.4
1984,9,17,1.1
1984,10,17,1.8
1984,11,3,9.4
1984,11,6,21
1984,12,5,2
1984,12,9,11.5
1984,12,15,34.5
1984,12,18,11.8
1984,12,20,21.6
1984,12,21,14
1984,12,22,49.8
1984,12,25,2.2
1985,1,2,9
1985,1,4,5.2
1985,1,8,5
1985,1,12,2
1985,1,15,11
1985,1,16,0.8
1985,1,23,2.8
1985,1,26,23.8
1985,1,27,12.4
1985,1,28,1.4
1985,1,30,2.8
1985,2,4,2.2
1985,2,8,14
1985,2,9,34
1985,2,10,72.4
1985,2,11,0.8
1985,2,14,0.4
1985,2,15,2
1985,2,16,0.6
1985,2,17,3
1985,2,18,5.4
1985,2,19,2
1985,2,24,3.4
1985,2,27,24.8
1985,3,2,11.4
1985,3,3,2.8
1985,3,5,4.2
1985,3,6,22.2
1985,3,15,8.8
1985,3,17,11.8
1985,3,18,4.2
1985,3,19,3.6
1985,3,26,48.8
1985,3,27,49.6
1985,3,28,18
1985,3,29,126.4
1985,3,30,21.6
1985,3,31,1.4
1985,4,13,16.8
1985,4,14,12.2
1985,4,15,16.4
1985,4,16,20.2
1985,4,17,5
1985,5,1,0
1985,6,3,7.6
1985,7,1,0
1985,8,1,0
1985,9,27,2
1985,10,25,39.6
1985,11,2,19.8
1985,11,3,1.8
1985,11,4,2
1985,11,5,35.8
1985,11,6,11.4
1985,11,14,5.4
1985,11,20,4.6
1985,11,23,0.6
1985,11,24,1.8
1985,11,25,1.6
1985,11,26,8
1985,11,28,30
1985,12,5,2.6
1985,12,7,58
1985,12,9,2.4
1985,12,11,28
1985,12,12,3
1985,12,27,4.6
1985,12,30,1
1985,12,31,5.2
1986,1,3,1.2
1986,1,4,44.4
1986,1,5,4
1986,1,7,0.4
1986,1,16,4.8
1986,1,17,31
1986,1,19,5.8
1986,1,20,8.6
1986,1,21,0.2
1986,1,22,29
1986,1,23,1.4
1986,1,24,48
1986,1,25,19.2
1986,1,26,11.8
1986,2,2,1.8
1986,2,6,1
1986,2,7,0.4
1986,2,14,12
1986,2,27,23.8
1986,2,28,1.4
1986,3,1,0.2
1986,3,10,1
1986,3,11,4.2
1986,3,19,1.4
1986,3,24,0.2
1986,3,29,47.4
1986,3,30,20.4
1986,4,8,7
1986,4,10,0.2
1986,5,7,0.6
1986,5,10,7.2
1986,6,1,0
1986,7,1,8.4
1986,7,2,23.6
1986,7,26,8.2
1986,7,27,1.6
1986,7,28,19.6
1986,8,1,0
1986,9,1,0
1986,10,2,5
1986,10,3,4.8
1986,10,7,3.6
1986,10,19,1.4
1986,10,28,55.4
1986,11,2,1.6
1986,11,12,0.6
1986,11,16,3.4
1986,11,17,1.2
1986,11,19,5.4
1986,12,4,18.4
1986,12,8,5.8
1986,12,14,7.2
1986,12,26,10
1986,12,27,3
1987,1,1,0.6
1987,1,2,35.4
1987,1,3,0.6
1987,1,4,1.8
1987,1,11,1.4
1987,1,14,0.6
1987,1,15,9
1987,1,16,9
1987,1,17,7
1987,1,18,2.2
1987,1,19,32.4
1987,1,20,8
1987,1,21,13.6
1987,1,22,408.6
1987,1,23,3.6
1987,1,24,0.4
1987,1,28,1.6
1987,2,1,28.6
1987,2,2,1
1987,2,3,9.8
1987,2,7,1.4
1987,2,11,1.2
1987,2,13,5.4
1987,2,15,2.8
1987,2,17,12.4
1987,2,18,13
1987,2,19,23
1987,2,20,9.8
1987,2,21,20.4
1987,2,22,6
1987,2,23,105.2
1987,2,24,2.4
1987,2,25,39.6
1987,2,26,49.8
1987,2,27,0.8
1987,2,28,8.4
1987,3,2,3.4
1987,3,4,2
1987,3,14,1
1987,4,25,2.2
1987,4,26,0.2
1987,5,1,0
1987,6,24,11
1987,7,1,0
1987,8,1,0
1987,9,1,0
1987,10,19,0.2
1987,11,8,0.4
1987,11,9,0.2
1987,11,12,8.6
1987,11,16,1
1987,11,17,0.6
1987,11,18,0.2
1987,11,19,3
1987,11,21,3
1987,11,29,13.2
1987,12,2,6.4
1987,12,3,12
1987,12,14,21.2
1987,12,16,13.6
1987,12,18,8.8
1987,12,19,4.2
1987,12,20,10.8
1987,12,21,53
1987,12,22,12.8
1987,12,23,40
1987,12,24,0.4
1987,12,30,3.8
1988,1,3,82
1988,1,4,9
1988,1,5,10.2
1988,1,9,2.6
1988,1,10,18
1988,1,11,4.6
1988,1,15,3
1988,1,16,10.4
1988,1,24,2.6
1988,1,28,7.6
1988,1,29,2.2
1988,1,31,2
1988,2,4,2
1988,2,8,28.8
1988,2,9,1.2
1988,2,11,123.4
1988,2,12,26
1988,2,13,25.6
1988,2,14,0.2
1988,2,21,4.4
1988,2,22,1.6
1988,3,5,1.4
1988,3,18,4.4
1988,3,24,26.4
1988,3,28,3.8
1988,3,29,20.8
1988,3,30,44.2
1988,3,31,2.6
1988,4,1,3.2
1988,4,2,4.8
1988,4,3,0.2
1988,4,4,3.8
1988,5,18,1.2
1988,6,1,0
1988,7,1,0
1988,8,19,1.6
1988,9,1,0
1988,10,12,1.8
1988,10,15,3.2
1988,11,2,3.2
1988,11,14,0.2
1988,11,19,17.8
1988,11,21,30.6
1988,11,22,1.2
1988,11,23,3.8
1988,11,24,1
1988,11,25,1
1988,11,30,23.6
1988,12,1,2
1988,12,2,6.6
1988,12,3,2.6
1988,12,5,1.2
1988,12,6,5.8
1988,12,7,32.4
1988,12,8,31.8
1988,12,10,9.6
1988,12,12,0.8
1988,12,13,0.4
1988,12,14,21
1988,12,16,1.4
1988,12,18,4.8
1988,12,22,8.4
1988,12,23,0.2
1988,12,24,3.6
1988,12,25,0.4
1988,12,26,24.4
1988,12,29,19.6
1989,1,3,2
1989,1,4,15.4
1989,1,5,1.6
1989,1,9,0.4
1989,1,12,2.4
1989,1,23,2.6
1989,1,24,0.2
1989,1,25,5
1989,1,26,0.6
1989,1,28,19.8
1989,1,30,7
1989,1,31,36
1989,2,1,22.4
1989,2,5,5
1989,2,7,11.6
1989,2,10,66
1989,2,11,15.8
1989,2,16,4.4
1989,2,17,0.6
1989,2,21,0.2
1989,2,23,0.8
1989,2,28,4.8
1989,3,6,0.6
1989,3,7,0.6
1989,3,8,0.8
1989,3,9,1.8
1989,3,10,25.8
1989,3,11,10
1989,3,12,15.6
1989,3,13,3.6
1989,3,14,11.6
1989,3,15,0.6
1989,3,16,61.6
1989,3,17,24.4
1989,3,18,27.6
1989,3,19,2.4
1989,3,20,82.4
1989,3,21,13
1989,3,23,7.6
1989,3,25,1.8
1989,3,26,7.4
1989,3,30,0.4
1989,4,10,3
1989,4,17,11.8
1989,4,18,0.4
1989,4,19,0.2
1989,4,23,1
1989,4,29,12
1989,4,30,0.6
1989,5,1,0
1989,6,1,0
1989,7,1,0
1989,8,1,0
1989,9,1,0
1989,10,13,1.4
1989,10,16,0.6
1989,10,25,4.6
1989,10,26,0.4
1989,10,28,6.6
1989,11,2,10.6
1989,11,7,5.2
1989,11,8,22
1989,11,9,0.2
1989,11,19,12.2
1989,11,20,5.4
1989,11,23,1.4
1989,11,26,7
1989,11,30,0.2
1989,12,2,7.6
1989,12,7,4.6
1989,12,15,15.8
1989,12,20,7
1989,12,21,2.6
1990,1,7,4.8
1990,1,9,20.8
1990,1,10,26
1990,1,11,12.6
1990,1,12,0.3
1990,1,17,12
1990,1,18,1
1990,1,19,4
1990,1,20,3.2
1990,1,21,37.6
1990,1,25,10
1990,1,28,26.2
1990,1,30,7.4
1990,2,14,4.6
1990,2,15,13.2
1990,2,18,2.2
1990,2,19,3
1990,2,22,5.8
1990,2,23,3.6
1990,2,24,3
1990,2,25,0.6
1990,2,26,4.8
1990,3,2,2.4
1990,3,4,1
1990,3,5,1.2
1990,3,6,10.4
1990,3,8,1.8
1990,3,9,2.2
1990,3,15,20.8
1990,3,19,2.6
1990,3,28,1.4
1990,3,29,1
1990,4,1,9
1990,4,6,6
1990,4,7,6
1990,4,8,6
1990,5,7,1.6
1990,5,20,4.6
1990,5,21,1.4
1990,6,1,0
1990,7,1,0
1990,8,1,0
1990,9,1,0
1990,10,21,0.8
1990,11,1,0.2
1990,11,3,1.4
1990,11,10,13
1990,11,11,4
1990,11,20,10
1990,11,26,1
1990,11,29,0.6
1990,11,30,0.2
1990,12,2,0.4
1990,12,3,0.6
1990,12,4,2
1990,12,5,20
1990,12,7,62
1990,12,9,7.2
1990,12,10,18.8
1990,12,11,35
1990,12,12,9.4
1990,12,18,1.4
1990,12,19,0.8
1990,12,24,10.4
1990,12,29,44.2
1991,1,2,16.4
1991,1,3,30.6
1991,1,4,56
1991,1,6,3
1991,1,7,10.8
1991,1,8,14.4
1991,1,9,8.6
1991,1,10,6.8
1991,1,11,3.4
1991,1,15,0.6
1991,1,16,0.6
1991,1,18,0.4
1991,1,21,0.6
1991,1,22,1.6
1991,1,23,0.1
1991,1,25,10.2
1991,1,27,26.8
1991,1,28,2
1991,1,29,74
1991,1,30,5.2
1991,1,31,10
1991,2,1,10
1991,2,2,13.1
1991,2,3,6.4
1991,2,4,23.3
1991,2,5,11.1
1991,2,6,3.6
1991,2,7,6.4
1991,2,9,12.2
1991,2,11,7.2
1991,2,12,4.8
1991,2,13,0.3
1991,2,14,5.6
1991,2,15,13.6
1991,2,16,15.5
1991,2,17,84.4
1991,2,18,20.9
1991,2,19,43.2
1991,2,20,62.1
1991,2,21,1.1
1991,2,22,6.2
1991,2,23,73.2
1991,2,24,31.2
1991,2,26,16.8
1991,3,1,3.6
1991,3,10,0.8
1991,3,21,2.2
1991,3,25,3
1991,3,30,16.4
1991,3,31,7.4
1991,4,1,28
1991,4,2,0.1
1991,4,3,2.7
1991,4,4,0.1
1991,4,5,1.2
1991,4,9,0.2
1991,4,10,2.2
1991,5,1,0
1991,6,1,0
1991,7,1,0
1991,8,1,0
1991,9,6,0.1
1991,10,1,0
1991,11,7,7
1991,11,8,30.8
1991,11,10,0.2
1991,11,15,48.1
1991,11,17,5
1991,11,18,0.2
1991,11,19,8.9
1991,11,20,2.2
1991,11,26,0.6
1991,11,28,19
1991,11,29,18.4
1991,11,30,1
1991,12,7,0.1
1991,12,8,26.7
1991,12,10,0.1
1991,12,13,22
1991,12,14,9.1
1991,12,16,7.8
1991,12,19,6.4
1991,12,28,17
1991,12,29,1.8
1992,1,1,75.3
1992,1,3,36.2
1992,1,4,0.3
1992,1,8,0.5
1992,1,22,1.2
1992,1,26,4
1992,1,29,29.3
1992,1,30,1.2
1992,2,1,0.8
1992,2,3,6.4
1992,2,4,3
1992,2,5,6
1992,2,6,73.5
1992,2,7,0.5
1992,2,8,7.7
1992,2,10,0.5
1992,2,12,29.6
1992,2,13,2.2
1992,2,15,0.8
1992,2,21,7.2
1992,2,22,22.7
1992,2,23,17.2
1992,2,24,13
1992,2,25,9.3
1992,3,3,13.5
1992,3,10,31
1992,3,11,2.4
1992,3,19,6.8
1992,3,29,1.8
1992,4,3,0.2
1992,4,4,1.2
1992,4,8,4.4
1992,4,14,112
1992,4,23,6.2
1992,5,17,0.4
1992,6,1,0
1992,7,1,0
1992,8,1,0
1992,9,3,0.1
1992,9,10,0.7
1992,9,11,2.9
1992,9,12,4.5
1992,9,14,8
1992,10,30,0.2
1992,11,2,0.6
1992,11,3,2.4
1992,11,11,1.1
1992,11,14,0.2
1992,11,18,6.2
1992,11,19,2.5
1992,11,20,2
1992,11,21,4.4
1992,11,24,0.3
1992,11,26,2.3
1992,12,3,2.8
1992,12,4,2.4
1992,12,5,34.6
1992,12,12,16
1992,12,18,4.9
1992,12,20,7.9
1992,12,22,11.4
1992,12,23,17.3
1993,1,2,1
1993,1,3,1.2
1993,1,4,2.6
1993,1,5,5.4
1993,1,6,1.8
1993,1,15,1.6
1993,1,20,8.6
1993,1,21,0.5
1993,1,27,24.2
1993,1,28,83.5
1993,1,29,45.2
1993,1,30,4.4
1993,1,31,41.1
1993,2,1,1
1993,2,2,15.8
1993,2,3,2
1993,2,4,29
1993,2,5,3
1993,2,6,6.6
1993,2,7,3.4
1993,2,9,3.4
1993,2,10,1.4
1993,2,13,8.4
1993,2,16,1.4
1993,2,17,7.6
1993,2,18,1.4
1993,2,19,23
1993,2,21,0.4
1993,2,22,2.4
1993,2,23,10.6
1993,2,24,4.6
1993,2,25,0.2
1993,2,26,27.8
1993,2,27,8.2
1993,2,28,11.4
1993,3,1,0.1
1993,3,7,1
1993,3,23,1.3
1993,3,24,7.5
1993,4,1,0
1993,5,13,0.5
1993,5,27,1
1993,6,1,0
1993,7,1,0
1993,8,1,0
1993,9,1,0
1993,10,30,0.4
1993,11,4,0.2
1993,11,11,7
1993,11,12,13.6
1993,11,17,0.3
1993,11,19,0.1
1993,11,21,13.4
1993,11,22,2.7
1993,11,23,14.5
1993,12,9,1.4
1993,12,10,16.2
1993,12,11,1.5
1993,12,12,3.3
1993,12,13,2.9
1993,12,14,0.4
1993,12,18,18.4
1993,12,19,7.7
1993,12,20,41.8
1993,12,22,165.6
1993,12,24,4.8
1993,12,25,10
1993,12,26,62.8
1993,12,27,34.6
1993,12,28,1.4
1994,1,4,2.8
1994,1,5,9.4
1994,1,7,3
1994,1,8,30.4
1994,1,16,23.3
1994,1,18,4.6
1994,1,20,8.2
1994,1,26,20.9
1994,1,27,21.6
1994,1,29,10.1
1994,2,7,2
1994,2,8,0.5
1994,2,11,0.8
1994,2,12,6
1994,2,14,3
1994,2,15,7.7
1994,2,16,11.7
1994,2,17,0.8
1994,2,18,15.3
1994,2,20,15.9
1994,2,21,34.8
1994,2,22,18.9
1994,2,23,8.8
1994,2,24,0.2
1994,2,27,8.3
1994,2,28,0.8
1994,3,1,14.2
1994,3,2,13.3
1994,3,4,63.6
1994,3,5,18.7
1994,3,6,11.1
1994,3,7,33.9
1994,3,8,86.7
1994,3,9,1.2
1994,3,11,1.3
1994,3,12,2.7
1994,3,28,1.2
1994,4,7,0.6
1994,5,1,0
1994,6,1,0
1994,7,1,0
1994,8,1,0
1994,9,3,1
1994,10,8,0.2
1994,10,15,4.4
1994,11,3,2
1994,11,15,14.9
1994,11,16,3.1
1994,11,21,7.4
1994,11,29,17.2
1994,11,30,0.8
1994,12,1,15.2
1994,12,3,5.1
1994,12,4,2.4
1994,12,5,0.4
1994,12,8,0.1
1994,12,9,1.6
1994,12,10,4.5
1994,12,12,8.3
1994,12,13,0.8
1994,12,14,30.5
1994,12,15,0.4
1994,12,16,3.8
1994,12,22,19.4
1994,12,28,1.6
1995,1,1,4
1995,1,2,2
1995,1,5,1
1995,1,6,0.2
1995,1,7,5.8
1995,1,9,9.4
1995,1,11,3
1995,1,12,2
1995,1,13,23.8
1995,1,14,3.8
1995,1,15,6.2
1995,1,16,0.1
1995,1,17,3
1995,1,18,2.4
1995,1,19,2.4
1995,1,20,2.4
1995,1,21,0.1
1995,1,22,0.4
1995,1,25,14.2
1995,1,26,2.8
1995,1,27,8.4
1995,1,28,4
1995,1,29,4.8
1995,2,5,63.8
1995,2,6,7.2
1995,2,7,4.8
1995,2,8,31.5
1995,2,9,31.5
1995,2,10,1.2
1995,2,11,72.3
1995,2,19,1.4
1995,2,20,12.2
1995,2,21,1.6
1995,2,22,9.4
1995,2,25,0.4
1995,2,26,43.6
1995,2,27,18
1995,2,28,6
1995,3,4,103.8
1995,3,5,6.7
1995,3,6,0.4
1995,3,7,2.1
1995,3,8,1.8
1995,3,9,0.8
1995,3,14,0.1
1995,3,16,3
1995,3,17,0.4
1995,3,18,7.7
1995,3,19,17.6
1995,3,20,18.8
1995,3,28,7.6
1995,4,6,1.6
1995,5,1,0
1995,6,1,0
1995,7,1,0
1995,8,1,0
1995,9,1,0
1995,10,1,9.2
1995,10,3,25.2
1995,10,9,2
1995,10,10,1
1995,11,7,0.2
1995,11,16,5
1995,11,18,9.4
1995,11,19,8
1995,11,20,4.2
1995,11,24,6.4
1995,11,29,18
1995,12,1,7.4
1995,12,8,0.8
1995,12,10,0.4
1995,12,13,15.6
1995,12,14,13
1995,12,15,23.2
1995,12,21,1.4
1995,12,24,4.6
1995,12,26,3
1995,12,31,0.4
1996,1,1,76.6
1996,1,2,18
1996,1,3,0.6
1996,1,12,0.6
1996,1,13,0.8
1996,1,14,2.6
1996,1,15,14.8
1996,1,16,7
1996,1,17,0.1
1996,1,18,14.4
1996,1,21,13.4
1996,1,22,16.5
1996,1,23,38.4
1996,1,24,21.6
1996,1,26,1.4
1996,1,29,13
1996,1,30,16.4
1996,1,31,13.6
1996,2,1,9.4
1996,2,4,1.6
1996,2,6,4.9
1996,2,10,0.6
1996,2,26,0.2
1996,2,27,0.4
1996,2,29,11
1996,3,1,5.3
1996,3,2,19.6
1996,3,5,93.6
1996,3,6,3.2
1996,3,7,9
1996,3,8,5.3
1996,3,9,58.4
1996,3,10,22
1996,3,11,0.2
1996,4,6,0.2
1996,4,7,31
1996,4,8,12.4
1996,4,9,2.2
1996,4,10,2.2
1996,5,10,1.4
1996,6,1,0
1996,7,1,0
1996,8,1,0
1996,9,1,0
1996,10,3,25
1996,10,8,1
1996,10,21,3
1996,10,22,1
1996,11,16,0.4
1996,11,18,7
1996,11,28,2
1996,12,5,16.6
1996,12,6,0.2
1996,12,7,58.8
1996,12,8,5.8
1996,12,9,0.2
1996,12,15,0.8
1996,12,16,0.1
1996,12,20,9.2
1996,12,26,6.8
1996,12,27,22.5
1996,12,28,1.8
1996,12,29,6.2
1996,12,30,33.6
1996,12,31,11.3
