1889,1,1,3.8
1889,1,2,7.6
1889,1,3,61
1889,1,15,8.1
1889,1,19,6.6
1889,1,20,8.4
1889,1,24,32.8
1889,1,26,66.5
1889,1,29,24.1
1889,2,5,23.1
1889,2,6,49
1889,2,15,3.6
1889,2,17,0.3
1889,2,18,23.1
1889,2,19,22.6
1889,2,20,13.7
1889,2,21,5.8
1889,2,28,0.5
1889,3,16,4.6
1889,3,31,11.2
1889,4,15,32
1889,5,7,10.2
1889,5,8,1.3
1889,5,9,11.4
1889,6,5,6.9
1889,7,1,0
1889,8,1,0
1889,9,18,16.5
1889,9,19,9.7
1889,9,20,13.2
1889,10,28,4.6
1889,10,30,1.5
1889,11,1,2.5
1889,11,6,4.3
1889,11,7,16
1889,11,12,2
1889,11,20,5.3
1889,12,10,8.9
1889,12,13,2
1889,12,14,3.8
1889,12,15,0.5
1889,12,16,1.8
1889,12,21,6.4
1889,12,22,1.3
1889,12,23,5.8
1890,1,2,3.3
1890,1,3,1.3
1890,1,4,11.4
1890,1,5,22.9
1890,1,6,8.4
1890,1,7,2.5
1890,1,10,7.4
1890,1,18,2
1890,1,20,23.6
1890,1,22,17.8
1890,1,23,1.5
1890,1,28,3.8
1890,1,29,54.6
1890,2,2,23.6
1890,2,6,3.8
1890,2,13,14
1890,2,14,50
1890,2,15,37.6
1890,2,16,8.4
1890,2,19,5.1
1890,3,6,11.4
1890,3,13,6.9
1890,3,15,4.3
1890,3,16,3
1890,3,19,1
1890,3,22,7.6
1890,3,31,0.5
1890,4,1,11.9
1890,4,2,50.8
1890,4,3,55.4
1890,4,4,18.3
1890,4,5,3.6
1890,5,14,0.3
1890,6,1,0
1890,7,1,0
1890,8,31,1.8
1890,9,5,31.8
1890,9,15,9.4
1890,9,17,2.8
1890,9,18,5.3
1890,9,19,11.4
1890,10,11,7.1
1890,10,14,0.5
1890,10,17,17.3
1890,10,18,11.2
1890,10,23,1.8
1890,10,26,0.3
1890,10,30,1.8
1890,11,23,4.1
1890,11,24,3
1890,11,25,25.7
1890,12,8,0.3
1890,12,20,8.1
1890,12,21,10.7
1890,12,23,2.5
1890,12,27,2
1890,12,29,15.5
1890,12,31,11.2
1891,1,8,36.1
1891,1,9,22.1
1891,1,24,3.6
1891,1,31,0.8
1891,2,1,20.7
1891,2,2,4
1891,2,3,28.4
1891,2,4,27.3
1891,2,5,4.4
1891,2,6,0.2
1891,2,10,4.4
1891,2,23,8.1
1891,3,2,3.8
1891,3,4,5.8
1891,3,17,1
1891,3,19,1.3
1891,3,20,22.9
1891,3,21,3
1891,4,1,5.6
1891,4,6,4.6
1891,4,7,36.8
1891,4,18,4.3
1891,4,19,4.1
1891,5,1,0
1891,6,5,9.9
1891,6,6,2
1891,7,1,0
1891,8,1,0
1891,9,1,0
1891,10,15,1.3
1891,10,16,14.7
1891,11,1,3
1891,11,5,1
1891,11,7,0.5
1891,11,17,2.8
1891,12,7,0.8
1891,12,10,3.6
1891,12,24,11.2
1891,12,29,2
1891,12,31,4.3
1892,1,4,1
1892,1,7,6.1
1892,1,9,2.3
1892,1,11,0.3
1892,2,7,2.8
1892,2,25,28.4
1892,3,1,8.4
1892,3,2,4.8
1892,3,3,22.9
1892,3,4,36.3
1892,3,5,12.4
1892,3,7,17
1892,3,8,1.3
1892,3,9,5.6
1892,3,16,7.6
1892,3,17,10.2
1892,4,1,0
1892,5,1,0
1892,6,1,0
1892,7,1,0
1892,8,1,0
1892,9,1,0
1892,10,11,0.1
1892,10,13,1
1892,10,25,0.2
1892,10,27,0
1892,11,18,2.7
1892,11,21,0.1
1892,12,2,0.3
1892,12,3,1.3
1892,12,6,11.9
1892,12,9,1.7
1892,12,13,4.8
1892,12,14,1.1
1892,12,16,17.1
1893,1,10,13.2
1893,1,14,10.9
1893,1,16,7.6
1893,1,17,11.4
1893,1,18,13.2
1893,1,19,2.5
1893,1,26,2.5
1893,2,5,3.3
1893,2,6,7.6
1893,2,7,8.6
1893,2,10,4.6
1893,3,19,4.1
1893,3,20,2.3
1893,3,25,1.8
1893,4,13,2.5
1893,5,29,33
1893,6,1,0
1893,7,1,0
1893,8,16,1.1
1893,8,17,25.1
1893,8,18,29.4
1893,9,1,0
1893,10,14,2.7
1893,10,19,5.1
1893,10,24,10.6
1893,10,25,3.4
1893,10,27,1.3
1893,11,6,5.7
1893,11,8,1.8
1893,11,9,1.6
1893,11,10,7
1893,11,21,0.4
1893,12,13,4.1
1893,12,17,3.3
1893,12,18,1.3
1893,12,20,1.8
1893,12,22,25.4
1894,1,5,2.2
1894,1,6,3.8
1894,1,7,0.6
1894,1,14,9.5
1894,1,20,0.6
1894,1,22,1.1
1894,1,23,2.4
1894,1,24,18.7
1894,1,25,38.5
1894,1,26,11.5
1894,1,27,3.8
1894,1,28,0.9
1894,1,29,0.6
1894,2,2,9.9
1894,2,4,23.4
1894,2,5,21.6
1894,2,6,2.5
1894,2,7,27.9
1894,2,8,12.7
1894,2,9,4.3
1894,2,10,9.4
1894,2,13,1.5
1894,2,14,11.4
1894,2,17,1.5
1894,2,18,24.4
1894,2,19,2
1894,2,23,1.8
1894,2,27,18.8
1894,2,28,13.5
1894,3,1,20.1
1894,3,2,29.8
1894,3,3,2.4
1894,3,4,29.6
1894,3,18,0.2
1894,3,26,1.3
1894,3,27,0.5
1894,3,28,0.2
1894,3,29,0.5
1894,4,1,0
1894,5,1,0
1894,6,1,0
1894,7,1,0
1894,8,1,0
1894,9,1,1.3
1894,9,12,6.1
1894,9,13,0.3
1894,10,30,38.1
1894,10,31,0.8
1894,11,2,2.5
1894,11,19,9.4
1894,12,12,1.5
1894,12,21,3.3
1894,12,25,44.5
1895,1,5,22
1895,1,6,12.3
1895,1,7,11.8
1895,1,8,25.6
1895,1,9,2.8
1895,1,12,16.1
1895,1,13,4.7
1895,1,14,140.7
1895,1,15,5.9
1895,1,16,2.8
1895,1,21,2.3
1895,1,22,26.8
1895,1,26,4.3
1895,2,4,6
1895,2,5,1.9
1895,2,6,1.9
1895,2,7,1.6
1895,2,8,15
1895,2,9,4.7
1895,2,10,20.6
1895,2,11,4.3
1895,2,12,172.8
1895,2,13,62.7
1895,2,14,38.8
1895,2,15,4.3
1895,2,16,120
1895,2,17,2.7
1895,3,7,12.7
1895,3,14,12.7
1895,3,21,12.7
1895,4,7,6.5
1895,4,14,6.5
1895,4,21,6.5
1895,5,1,0
1895,6,1,0
1895,7,1,0
1895,8,1,0
1895,9,1,0
1895,10,1,0.8
1895,10,4,5.6
1895,11,3,1.1
1895,11,23,2.4
1895,11,27,56.5
1895,11,28,1.1
1895,11,29,23.1
1895,12,5,9.6
1895,12,12,5.1
1895,12,14,1.1
1895,12,18,4.5
1896,1,9,7.2
1896,1,16,3.4
1896,1,17,52.7
1896,1,18,2.7
1896,1,19,1.2
1896,1,20,1
1896,1,21,4.6
1896,1,22,10.2
1896,1,23,2.7
1896,1,24,0.3
1896,1,25,2.7
1896,1,27,8.9
1896,1,28,6.1
1896,1,29,8.5
1896,2,3,0.5
1896,2,6,0.3
1896,2,7,28.9
1896,2,14,0.6
1896,2,15,17.9
1896,2,16,0.6
1896,2,17,19.3
1896,2,18,39.6
1896,2,19,28.2
1896,2,20,10.6
1896,2,22,4.7
1896,2,23,14.4
1896,2,24,6.5
1896,2,25,1.8
1896,2,26,0.3
1896,3,4,3.5
1896,3,6,4.9
1896,3,7,0.5
1896,3,9,1.7
1896,3,10,7.5
1896,3,11,0.9
1896,3,16,8
1896,3,31,32.2
1896,4,2,15.8
1896,4,5,13.3
1896,4,20,11.3
1896,4,21,3
1896,5,5,33.3
1896,6,1,0
1896,7,16,4
1896,7,17,0.7
1896,7,18,9
1896,8,1,0
1896,9,1,0
1896,10,1,0
1896,11,17,1.5
1896,11,19,6.4
1896,11,22,8.8
1896,11,27,60.6
1896,12,2,0.8
1896,12,3,2.5
1896,12,5,6.6
1896,12,7,1.9
1896,12,9,6.6
1896,12,10,9.5
1896,12,17,3.6
1896,12,27,44
1896,12,29,21.8
1896,12,30,6.6
1896,12,31,0.8
1897,1,1,6.2
1897,1,7,2.5
1897,1,9,32
1897,1,24,10.1
1897,1,25,1.5
1897,1,26,45.2
1897,2,1,10.9
1897,2,5,12
1897,2,6,1.2
1897,2,12,42
1897,2,16,10.9
1897,2,17,0.3
1897,2,18,1.5
1897,2,21,6.1
1897,2,24,3.2
1897,2,25,2.3
1897,2,26,54
1897,2,27,0.3
1897,3,1,0
1897,4,1,0
1897,5,1,0
1897,6,1,0
1897,7,1,0
1897,8,1,0
1897,9,18,6.1
1897,10,10,1.2
1897,10,16,16.4
1897,10,18,9
1897,10,22,1.2
1897,11,7,0.5
1897,11,14,0.5
1897,11,21,0.5
1897,12,4,4.1
1897,12,16,3.7
1897,12,17,3.1
1897,12,18,1
1897,12,19,8.8
1897,12,26,26.5
1897,12,30,6.7
1898,1,2,6.9
1898,1,4,0.3
1898,1,7,2
1898,1,22,5.9
1898,1,28,1.5
1898,1,29,0.3
1898,1,30,1
1898,2,1,2.3
1898,2,2,5.1
1898,2,5,0.7
1898,2,10,0.3
1898,2,11,18.4
1898,2,12,4
1898,2,13,24.8
1898,2,14,7.8
1898,2,15,32.3
1898,2,17,0.4
1898,2,21,0.4
1898,2,26,0.2
1898,2,28,2
1898,3,2,21.8
1898,3,10,8.7
1898,3,11,4
1898,3,14,1.1
1898,3,15,1.7
1898,3,20,1.7
1898,3,22,12.8
1898,3,26,13.1
1898,3,28,4
1898,4,24,1
1898,5,1,0
1898,6,17,1.1
1898,6,19,6.8
1898,7,1,0
1898,8,1,0
1898,9,25,4.4
1898,9,27,9.2
1898,9,30,0.6
1898,10,1,0
1898,11,4,0.7
1898,11,15,2.1
1898,11,20,0.3
1898,11,21,0.7
1898,12,20,0.9
1898,12,21,6.3
1898,12,23,0.4
1898,12,25,7.1
1898,12,26,27.4
1898,12,27,12.4
1898,12,28,0.6
1898,12,29,0.6
1898,12,30,6.9
1899,1,2,4.9
1899,1,3,19.2
1899,1,4,31.1
1899,1,6,85.4
1899,1,9,0.5
1899,1,10,34.2
1899,1,12,18.9
1899,1,16,5.7
1899,1,17,24.1
1899,1,18,7.2
1899,2,12,0.8
1899,2,13,8.2
1899,2,16,0.7
1899,2,19,0.5
1899,2,24,0.2
1899,2,26,8.1
1899,2,27,0.3
1899,2,28,7.7
1899,3,1,1.5
1899,3,4,2.1
1899,3,5,12.1
1899,3,6,121.9
1899,3,7,0.4
1899,3,9,0.9
1899,3,12,5.7
1899,3,13,14.1
1899,3,14,0.6
1899,3,16,1.8
1899,3,17,1.5
1899,3,18,64.3
1899,3,19,9.6
1899,3,23,18.3
1899,4,3,25.4
1899,5,1,0
1899,6,1,0
1899,7,1,0
1899,8,1,0
1899,9,1,0
1899,10,1,0
1899,11,7,2.6
1899,11,20,14.7
1899,12,2,5.6
1899,12,4,5.1
1899,12,5,1.7
1899,12,6,25.1
1899,12,21,6.1
1900,1,4,0.6
1900,1,5,0.3
1900,1,22,5.5
1900,2,24,1.3
1900,2,27,0.4
1900,2,28,0.1
1900,3,6,1.4
1900,3,7,4.4
1900,3,12,1.1
1900,3,13,1.7
1900,3,21,36.6
1900,3,28,3.3
1900,3,29,0.4
1900,3,30,4.2
1900,4,1,0
1900,5,9,7.6
1900,5,11,2.5
1900,5,21,3.4
1900,5,22,1.9
1900,6,20,5.4
1900,6,21,7.3
1900,7,2,4.1
1900,7,3,27.3
1900,7,16,1
1900,8,1,0
1900,9,1,0
1900,10,1,0
1900,11,3,2.7
1900,11,4,3.3
1900,11,12,25.3
1900,11,26,4.3
1900,12,10,1.2
1900,12,13,0.8
1900,12,14,0.8
1900,12,19,0.8
1900,12,22,5.5
1900,12,29,4
1901,1,1,4.2
1901,1,2,1.1
1901,1,15,1
1901,1,28,5
1901,1,29,5.7
1901,2,5,0.3
1901,2,14,19.7
1901,2,16,1.3
1901,2,17,78.9
1901,2,19,26.6
1901,2,20,6.1
1901,2,21,1
1901,2,22,22
1901,2,23,0.7
1901,2,24,15.1
1901,3,1,47.6
1901,3,4,12.8
1901,3,7,53.7
1901,3,8,37.1
1901,3,11,20.8
1901,3,14,56
1901,3,15,23.4
1901,3,16,45.7
1901,3,18,7.1
1901,3,21,2.7
1901,3,31,36.3
1901,4,1,0
1901,5,1,0
1901,6,1,0
1901,7,1,0
1901,8,1,0
1901,9,1,0
1901,10,1,0
1901,11,1,0
1901,12,4,0.2
1901,12,19,6.5
1901,12,20,1.7
1901,12,23,1.1
1901,12,28,1
1901,12,30,1.3
1902,1,8,2.4
1902,1,11,27.5
1902,1,15,0.5
1902,1,21,10.1
1902,1,25,16.7
1902,1,28,1
1902,1,31,4.8
1902,2,1,21.8
1902,2,3,84
1902,2,5,20.3
1902,2,6,13.3
1902,2,7,1.5
1902,2,8,7
1902,2,17,5.8
1902,2,19,11.3
1902,2,26,14.1
1902,3,10,11.9
1902,4,1,0
1902,5,1,0
1902,6,1,0
1902,7,1,0
1902,8,1,0
1902,9,1,0
1902,10,17,0.5
1902,11,20,3
1902,11,22,5.3
1902,11,27,1.3
1902,11,28,1.8
1902,12,4,1.3
1902,12,5,1.3
1902,12,6,4.3
1902,12,15,4.3
1902,12,18,8.9
1902,12,20,2
1902,12,31,7.1
1903,1,3,1.3
1903,1,8,40.1
1903,1,10,0.8
1903,1,12,59.7
1903,1,17,18.5
1903,2,10,3.8
1903,2,15,0.5
1903,2,16,20.1
1903,2,26,6.9
1903,2,27,4.1
1903,2,28,0.8
1903,3,13,0.5
1903,3,14,7.9
1903,3,15,5.1
1903,3,16,4.1
1903,3,18,4.8
1903,3,25,16.3
1903,3,29,78.7
1903,3,30,19.8
1903,4,6,27.9
1903,4,7,2.8
1903,4,9,4.6
1903,4,26,2.5
1903,5,1,0
1903,6,1,0
1903,7,1,0
1903,8,1,0
1903,9,1,0
1903,10,1,0
1903,11,18,7.1
1903,11,28,26.7
1903,11,29,2.3
1903,12,1,1
1903,12,3,6.4
1903,12,4,9.9
1903,12,5,3
1903,12,7,40.6
1903,12,8,39.9
1903,12,9,7.1
1903,12,10,6.4
1903,12,11,3.8
1903,12,12,9.7
1903,12,23,3
1903,12,24,23.6
1903,12,25,33
1904,1,12,7.6
1904,1,14,25.4
1904,1,15,57.7
1904,1,16,27.7
1904,1,17,8.9
1904,1,18,1.8
1904,1,21,5.8
1904,1,22,33.3
1904,1,23,9.4
1904,1,27,0.8
1904,1,28,7.1
1904,1,29,0.8
1904,2,14,95.3
1904,2,15,60.7
1904,2,16,16.5
1904,2,17,55.1
1904,2,18,13.7
1904,2,19,16.3
1904,2,20,4.1
1904,2,21,1.5
1904,2,24,31.2
1904,3,5,4.6
1904,3,13,10.2
1904,3,20,2
1904,3,25,4.3
1904,4,19,45
1904,5,30,45
1904,6,23,3.6
1904,7,1,0
1904,8,1,0
1904,9,1,0
1904,10,20,8.9
1904,10,21,36.8
1904,11,20,5.1
1904,12,17,25.4
1904,12,18,28.4
1904,12,25,10.2
1905,1,1,76.2
1905,1,30,27.9
1905,2,23,6.4
1905,3,2,45.7
1905,3,28,12.7
1905,4,1,0
1905,5,1,0
1905,6,18,6.9
1905,7,1,0
1905,8,1,0
1905,9,1,0
1905,10,1,0
1905,11,17,6.4
1905,11,22,6.4
1905,11,24,22.9
1905,11,26,7.6
1905,11,28,5.1
1905,12,18,10.2
1905,12,21,12.7
1905,12,30,22.9
1906,1,1,6.4
1906,1,2,63.5
1906,1,3,12.7
1906,1,5,55.4
1906,1,11,16.5
1906,2,24,17.8
1906,3,26,12.7
1906,4,1,0
1906,5,1,0
1906,6,1,0
1906,7,1,0
1906,8,1,0
1906,9,28,33
1906,10,1,0
1906,11,1,0
1906,12,3,1.1
1906,12,9,0.6
1906,12,12,7
1906,12,14,27.6
1906,12,15,25.4
1906,12,19,10.3
1906,12,23,15.6
1907,1,6,6.4
1907,1,10,33.8
1907,1,11,7.9
1907,1,12,15.2
1907,1,13,3.3
1907,1,17,17.8
1907,1,18,32.8
1907,1,19,3
1907,1,20,9.7
1907,1,21,1.3
1907,1,24,4.6
1907,2,3,2
1907,2,7,7.6
1907,2,12,9.7
1907,2,14,16.5
1907,2,15,7.9
1907,2,19,47.2
1907,2,20,39.4
1907,2,21,19.3
1907,2,22,10.9
1907,2,28,10.4
1907,3,1,0
1907,4,1,0
1907,5,1,0
1907,6,6,10.2
1907,7,1,0
1907,8,1,0
1907,9,1,0
1907,10,27,5.1
1907,10,28,5.1
1907,10,29,5.1
1907,11,1,0
1907,12,10,2.5
1907,12,13,14
1907,12,18,53.3
1907,12,22,38.1
1907,12,25,33
1907,12,26,7.6
1907,12,27,38.1
1908,1,2,114.3
1908,1,3,25.4
1908,2,5,39.4
1908,2,6,25.4
1908,2,7,12.7
1908,2,8,10.2
1908,2,22,13.2
1908,2,23,2.5
1908,2,24,12.7
1908,2,26,5.1
1908,2,27,5.1
1908,2,29,7.6
1908,3,1,7.6
1908,3,2,5.1
1908,3,5,31.8
1908,3,6,22.9
1908,4,13,20.3
1908,5,1,0
1908,6,1,0
1908,7,1,0
1908,8,1,0
1908,9,1,0
1908,10,1,0
1908,11,19,61
1908,12,3,15.2
1908,12,4,7.6
1908,12,5,5.1
1908,12,6,5.1
1908,12,13,12.7
1908,12,15,12.7
1908,12,22,10.2
1909,1,10,7.6
1909,1,20,33
1909,1,21,7.6
1909,2,17,30.5
1909,3,17,45.7
1909,4,1,0
1909,5,5,50.8
1909,6,1,0
1909,7,1,0
1909,8,28,11.4
1909,8,29,21.6
1909,9,1,0
1909,10,27,10.2
1909,11,8,10.2
1909,11,24,20.3
1909,11,26,12.7
1909,11,27,25.4
1909,12,1,0
1910,1,2,50.8
1910,1,5,50.8
1910,1,21,2.5
1910,1,25,17
1910,1,29,4.3
1910,1,30,5.6
1910,2,1,31
1910,2,6,13.2
1910,2,7,12.7
1910,2,8,3.8
1910,2,10,11.4
1910,2,11,25.4
1910,2,23,20.3
1910,2,24,114.3
1910,2,25,5.1
1910,2,26,76.2
1910,2,27,63.5
1910,2,28,10.2
1910,3,1,3
1910,3,4,31.8
1910,3,5,10.2
1910,4,11,19.1
1910,5,14,2.5
1910,6,18,6.4
1910,7,1,0
1910,8,1,0
1910,9,1,0
1910,10,26,6.4
1910,10,30,5.1
1910,11,1,29.2
1910,11,5,12.7
1910,11,13,31.8
1910,11,29,10.2
1910,12,1,19.1
1910,12,2,2.5
1910,12,4,7.6
1910,12,8,20.3
1910,12,10,27.9
1910,12,14,12.7
1910,12,18,5.1
1910,12,20,2.5
1910,12,22,17.8
1910,12,24,33
1910,12,25,17.8
1911,1,27,10.2
1911,1,29,12.7
1911,1,30,0.8
1911,2,4,17.6
1911,2,6,2.9
1911,2,14,2.9
1911,2,23,7.6
1911,2,24,14.6
1911,3,27,5
1911,3,28,17.9
1911,4,8,2
1911,4,10,2.5
1911,4,11,1.2
1911,4,12,5.9
1911,4,13,4.9
1911,4,14,16.2
1911,4,15,0.5
1911,4,16,7.1
1911,4,17,5.4
1911,5,1,0
1911,6,1,0
1911,7,1,0
1911,8,1,0
1911,9,29,3.8
1911,9,30,2.5
1911,10,3,8.3
1911,10,4,11.4
1911,10,6,5.9
1911,10,7,7.4
1911,10,8,2.9
1911,10,17,1.4
1911,10,31,6.7
1911,11,18,0.1
1911,11,21,0.2
1911,11,23,7.2
1911,11,24,0.1
1911,11,25,0.2
1911,11,26,0.3
1911,11,27,0.4
1911,11,29,0.1
1911,12,5,24.8
1911,12,6,1
1911,12,8,5.1
1911,12,10,3.9
1911,12,13,36
1911,12,14,22.1
1911,12,15,6.7
1911,12,17,1.6
1911,12,22,4.9
1911,12,28,5.5
1912,1,1,3.8
1912,1,2,4.6
1912,1,5,2.5
1912,1,15,3.6
1912,1,16,0.3
1912,1,17,3.3
1912,1,22,0.8
1912,1,31,14.5
1912,2,1,5.3
1912,2,10,3.3
1912,2,16,17.8
1912,2,17,15
1912,2,18,0.8
1912,2,19,23.9
1912,2,20,5.1
1912,2,21,11.7
1912,2,22,1
1912,2,26,12.7
1912,2,28,20.1
1912,2,29,0.8
1912,3,4,1
1912,3,9,5.3
1912,3,15,13
1912,3,16,6.4
1912,3,17,2.5
1912,4,1,0
1912,5,1,0
1912,6,22,8.9
1912,7,1,0
1912,8,1,0
1912,9,1,0
1912,10,20,3.8
1912,11,4,4.3
1912,11,10,0.8
1912,11,12,1.8
1912,11,15,5.3
1912,11,16,1.5
1912,12,1,1
1912,12,5,2.3
1912,12,23,1.3
1912,12,26,1.8
1912,12,29,7.6
1913,1,5,3
1913,1,7,0.3
1913,1,13,6.6
1913,1,21,2
1913,1,25,0.8
1913,2,4,0.8
1913,2,6,2.3
1913,2,7,3.9
1913,2,8,8.5
1913,2,9,6.3
1913,2,10,16.1
1913,2,11,4.8
1913,2,19,3.6
1913,2,20,4.4
1913,2,21,16.3
1913,2,22,6.7
1913,3,1,1
1913,3,4,4.1
1913,3,5,15
1913,3,15,2.3
1913,3,21,2.5
1913,3,23,7.9
1913,3,28,1
1913,4,1,0
1913,5,1,0
1913,6,18,16.5
1913,6,19,7.4
1913,7,1,0
1913,8,1,0
1913,9,1,0
1913,10,28,3.3
1913,10,30,5.8
1913,10,31,1
1913,11,1,2.5
1913,11,3,1.3
1913,12,15,1.5
1913,12,17,7.6
1913,12,18,21.6
1913,12,19,7.6
1913,12,20,0.8
1913,12,27,4.1
1913,12,31,3.6
1914,1,5,3.3
1914,1,6,8.1
1914,1,14,54.9
1914,1,15,25.9
1914,1,16,10.9
1914,1,17,1.3
1914,1,18,8.6
1914,1,19,0.5
1914,1,23,0.5
1914,1,24,1.3
1914,1,25,48.3
1914,1,27,5.8
1914,2,2,7.1
1914,3,13,4.8
1914,4,4,2.3
1914,4,5,2
1914,5,1,0
1914,6,1,0
1914,7,1,0
1914,8,1,0
1914,9,1,0
1914,10,30,32
1914,10,31,5.8
1914,11,12,5.6
1914,11,28,7.6
1914,12,4,2.8
1914,12,5,23.4
1914,12,11,14.5
1914,12,15,2.5
1914,12,21,2
1914,12,23,3.3
1914,12,26,12.7
1914,12,27,12.7
1915,1,5,8.4
1915,1,21,26.7
1915,1,22,6.9
1915,1,23,26.2
1915,1,24,18.3
1915,1,25,11.7
1915,1,26,3
1915,1,28,18.8
1915,1,29,9.9
1915,2,9,3.3
1915,2,20,4.6
1915,2,25,13.2
1915,2,26,6.6
1915,3,1,0
1915,4,1,0
1915,5,14,8.9
1915,6,1,0
1915,7,1,0
1915,8,1,0
1915,9,1,0
1915,10,1,0
1915,11,1,0
1915,12,11,8.1
1915,12,25,2.5
1915,12,26,5.1
1916,1,4,13.5
1916,1,6,8.6
1916,1,7,6.9
1916,1,13,14.7
1916,1,14,5.1
1916,1,18,0.8
1916,1,23,11.4
1916,1,30,54.9
1916,1,31,5.3
1916,2,1,4.3
1916,2,4,8.4
1916,2,10,20.3
1916,3,1,5.6
1916,3,7,3.8
1916,3,9,18.3
1916,3,15,5.1
1916,4,5,2.5
1916,5,1,8.9
1916,5,2,8.9
1916,6,1,0
1916,7,1,0
1916,8,22,3.8
1916,9,23,8.1
1916,9,24,1.3
1916,10,25,8.9
1916,10,27,2.5
1916,11,3,20.3
1916,11,11,14.5
1916,11,12,66
1916,11,30,2.5
1916,12,3,20.3
1916,12,6,15.2
1916,12,9,2.8
1916,12,12,7.6
1916,12,30,88.9
1916,12,31,12.7
1917,1,4,12.7
1917,1,20,12.7
1917,1,23,6.4
1917,1,24,12.7
1917,1,26,15.2
1917,1,28,20.3
1917,1,30,14
1917,1,31,43.2
1917,2,2,6.4
1917,2,4,6.4
1917,2,19,6.4
1917,2,20,6.4
1917,2,21,25.4
1917,2,24,12.7
1917,3,1,0
1917,4,1,0
1917,5,1,0
1917,6,11,15.2
1917,7,1,0
1917,8,1,0
1917,9,10,6.4
1917,9,13,12.7
1917,10,16,7.6
1917,10,22,20.3
1917,11,11,10.2
1917,11,14,27.9
1917,11,26,5.1
1917,12,4,12.7
1917,12,10,30.5
1917,12,13,2.5
1917,12,17,10.2
1918,1,1,33
1918,1,8,50.8
1918,1,9,33
1918,1,10,63.5
1918,1,11,20.3
1918,1,13,17.8
1918,1,14,10.2
1918,1,15,27.9
1918,1,19,20.3
1918,1,20,2.5
1918,1,30,7.6
1918,1,31,5.1
1918,2,3,5.1
1918,2,4,7.6
1918,2,9,25.4
1918,2,10,25.4
1918,2,12,17.8
1918,2,14,35.6
1918,2,16,43.2
1918,2,18,5.1
1918,3,26,3.8
1918,4,1,0
1918,5,1,0
1918,6,1,0
1918,7,1,0
1918,8,24,0.8
1918,9,1,0
1918,10,31,11.2
1918,11,15,4.1
1918,11,25,25.7
1918,11,30,0.8
1918,12,2,3.3
1918,12,3,4.3
1918,12,9,1.5
1918,12,15,3
1918,12,24,3.8
1919,1,2,3.8
1919,1,13,10.2
1919,1,23,27.4
1919,1,27,19.6
1919,1,30,2.5
1919,1,31,4.6
1919,2,2,5.8
1919,2,3,31.8
1919,2,4,3
1919,2,6,61
1919,2,7,2
1919,2,10,13.7
1919,2,14,8.1
1919,2,15,1
1919,2,17,3
1919,2,19,104.1
1919,2,20,84.8
1919,2,21,2.8
1919,2,24,23.6
1919,3,1,0
1919,4,1,0
1919,5,18,0.5
1919,6,1,0
1919,7,1,0
1919,8,1,0
1919,9,1,0
1919,10,1,0
1919,11,6,9.1
1919,11,7,2.5
1919,11,11,2.3
1919,11,13,6.4
1919,11,14,0.5
1919,11,18,0.5
1919,11,19,3
1919,11,20,2.8
1919,12,3,0.3
1919,12,8,0.5
1919,12,16,4.3
1919,12,18,8.4
1919,12,28,0.8
1919,12,30,1.3
1920,1,12,22.1
1920,1,14,57.7
1920,1,17,6.4
1920,1,18,0.5
1920,1,19,1.5
1920,1,20,121.4
1920,1,21,32.3
1920,1,22,61.7
1920,1,23,22.6
1920,1,24,11.9
1920,1,25,4.3
1920,1,27,29
1920,1,28,13.2
1920,2,5,5.3
1920,3,1,39.6
1920,3,8,20.6
1920,4,1,0
1920,5,1,0
1920,6,1,0
1920,7,15,2
1920,7,16,18.8
1920,8,1,0
1920,9,17,11.4
1920,10,2,17.8
1920,10,5,4.3
1920,10,19,1.3
1920,11,9,16.3
1920,11,11,8.4
1920,11,12,1.8
1920,11,22,40.6
1920,11,24,1.3
1920,11,28,17.5
1920,11,29,4.8
1920,11,30,19.6
1920,12,2,0.8
1920,12,3,8.9
1920,12,4,18
1920,12,6,1.8
1920,12,7,24.6
1920,12,8,16.5
1920,12,22,8.1
1920,12,24,5.3
1920,12,25,34
1920,12,26,16
1920,12,29,13.5
1920,12,31,4.8
1921,1,2,13.7
1921,1,3,24.6
1921,1,5,8.6
1921,1,11,39.4
1921,1,12,17
1921,1,13,3
1921,1,14,0.5
1921,1,31,4.1
1921,2,1,0.5
1921,2,3,18.5
1921,2,4,7.9
1921,2,8,2.3
1921,2,9,20.3
1921,2,10,17.5
1921,2,11,14
1921,2,21,7.6
1921,2,22,6.4
1921,2,23,11.4
1921,2,24,10.2
1921,2,25,7.9
1921,2,26,7.4
1921,2,27,13.5
1921,2,28,2.3
1921,3,1,13.5
1921,3,3,6.6
1921,3,4,3
1921,3,5,3.3
1921,3,6,4.3
1921,3,7,51.1
1921,3,10,0.8
1921,3,11,2.8
1921,3,12,5.6
1921,3,14,47.8
1921,3,15,31.5
1921,3,16,12.7
1921,3,17,34.5
1921,3,18,21.1
1921,3,23,1.5
1921,4,1,0
1921,5,19,1.8
1921,6,1,0
1921,7,1,0
1921,8,1,0
1921,9,14,3
1921,10,16,17
1921,10,17,0.5
1921,10,22,2.5
1921,11,11,2.8
1921,11,25,3.8
1921,11,26,5.3
1921,11,27,0.3
1921,11,28,37.1
1921,12,15,8.4
1921,12,16,6.4
1921,12,22,2
1921,12,24,35.1
1921,12,26,1
1921,12,27,9.7
1921,12,29,0.3
1921,12,31,2
1922,1,1,21.1
1922,1,5,6.9
1922,1,13,5.8
1922,1,18,22.9
1922,1,24,14.7
1922,1,27,4.1
1922,1,28,6.4
1922,1,30,19.6
1922,2,17,7.6
1922,2,18,1.3
1922,2,19,7.4
1922,2,20,33.8
1922,2,21,13.2
1922,2,22,10.7
1922,2,23,25.1
1922,2,25,0.5
1922,3,8,2.3
1922,3,9,8.1
1922,3,10,3
1922,3,11,3.3
1922,3,12,14.7
1922,3,13,22.1
1922,3,14,33.3
1922,3,15,19.1
1922,3,16,26.7
1922,3,17,3.8
1922,4,1,0
1922,5,3,9.7
1922,5,4,5.1
1922,6,1,0
1922,7,1,0
1922,8,1,0
1922,9,24,2
1922,10,11,0.8
1922,10,12,2.5
1922,10,13,3.8
1922,10,16,7.1
1922,10,17,19.1
1922,10,20,24.1
1922,11,21,8.9
1922,11,22,1.8
1922,11,25,21.8
1922,11,28,16
1922,11,29,2.5
1922,11,30,5.6
1922,12,5,1
1922,12,10,24.4
1922,12,12,1
1922,12,15,0.3
1922,12,20,20.8
1922,12,21,58.2
1922,12,27,22.6
1923,1,8,2
1923,1,9,15.7
1923,1,11,23.1
1923,1,18,8.1
1923,1,23,15.7
1923,2,4,2.8
1923,2,5,28.2
1923,2,7,2
1923,2,10,22.4
1923,2,15,0.5
1923,2,19,3.8
1923,2,22,51.3
1923,2,27,1
1923,2,28,10.7
1923,3,1,4.3
1923,3,4,7.6
1923,3,6,7.1
1923,3,10,5.8
1923,3,11,15.5
1923,3,12,7.9
1923,3,14,5.8
1923,3,15,7.1
1923,3,16,6.6
1923,3,19,18.8
1923,3,20,14
1923,4,1,29.7
1923,4,2,65.3
1923,4,3,61.2
1923,4,4,14.7
1923,4,5,9.7
1923,5,6,1.5
1923,5,7,1
1923,5,8,1.5
1923,6,3,39.9
1923,7,1,0
1923,8,1,0
1923,9,1,0
1923,10,17,2.5
1923,10,30,0.5
1923,10,31,23.9
1923,11,1,9.4
1923,11,13,5.8
1923,11,15,2
1923,11,17,0.8
1923,12,4,6.4
1923,12,7,2
1923,12,9,6.9
1923,12,10,2
1923,12,11,4.1
1923,12,12,1.3
1923,12,13,40.6
1923,12,14,2.3
1923,12,20,1.3
1923,12,22,23.1
1923,12,24,7.6
1923,12,25,31.8
1923,12,26,5.1
1924,1,2,47.2
1924,1,3,7.4
1924,1,6,1.5
1924,1,7,4.6
1924,1,8,48.3
1924,1,26,3
1924,1,29,7.4
1924,2,2,4.8
1924,2,3,24.1
1924,2,8,17
1924,2,10,2.5
1924,2,11,3.8
1924,2,12,7.4
1924,2,28,1.8
1924,2,29,18.3
1924,3,1,19.1
1924,3,2,87.1
1924,3,3,28.7
1924,4,1,0
1924,5,1,0
1924,6,1,0
1924,7,1,0
1924,8,28,3
1924,9,28,1.5
1924,10,13,3.3
1924,11,11,14
1924,11,12,3.8
1924,12,8,2.5
1924,12,9,13
1924,12,14,7.6
1924,12,27,6.4
1924,12,28,1.3
1925,1,3,10.4
1925,1,8,12.7
1925,1,12,12.4
1925,1,15,30
1925,1,22,6.4
1925,1,27,26.7
1925,1,29,23.1
1925,1,31,3
1925,2,2,22.4
1925,2,4,4.1
1925,2,8,13.2
1925,2,9,14.2
1925,2,11,4.1
1925,2,13,3.8
1925,2,21,2.5
1925,2,22,1.8
1925,3,1,2.5
1925,3,3,1
1925,3,4,5.6
1925,3,5,2
1925,3,6,0.5
1925,3,9,13.5
1925,3,10,7.6
1925,3,11,6.9
1925,3,12,4.8
1925,4,1,0
1925,5,1,0
1925,6,1,0
1925,7,1,0
1925,8,1,0
1925,9,13,0.8
1925,10,1,0
1925,11,1,1
1925,11,13,19.8
1925,11,16,6.4
1925,11,19,15
1925,12,10,1.5
1925,12,19,1.5
1925,12,30,2
1925,12,31,11.7
1926,1,4,3.3
1926,1,5,0.5
1926,1,7,2.5
1926,1,8,22.9
1926,1,11,16
1926,1,12,23.1
1926,1,13,10.7
1926,1,15,1.8
1926,1,16,60.2
1926,1,17,45.7
1926,1,18,16.8
1926,1,19,46.5
1926,1,20,2.8
1926,1,28,5.3
1926,1,30,12.7
1926,1,31,5.1
1926,2,1,31.8
1926,2,22,11.4
1926,3,3,2.5
1926,3,16,7.1
1926,3,19,3.8
1926,3,20,7.6
1926,3,21,7.9
1926,3,22,4.8
1926,4,1,0
1926,5,8,4.6
1926,6,1,0
1926,7,1,0
1926,8,1,0
1926,9,1,0
1926,10,1,0
1926,11,6,4.1
1926,11,23,21.1
1926,11,25,1
1926,11,27,2.3
1926,12,16,11.2
1926,12,17,6.9
1926,12,18,4.8
1926,12,20,22.9
1926,12,25,22.9
1926,12,26,42.2
1927,1,3,0.5
1927,1,6,42.4
1927,1,10,2.3
1927,1,19,53.1
1927,1,22,5.1
1927,1,23,6.4
1927,1,24,2
1927,1,29,8.9
1927,1,30,19.8
1927,1,31,7.9
1927,2,2,2.5
1927,2,17,46.2
1927,2,18,1.3
1927,2,19,41.1
1927,2,21,3.8
1927,2,23,8.1
1927,2,27,1.8
1927,3,13,0.8
1927,3,16,0.5
1927,3,23,5.6
1927,3,24,2
1927,4,1,0
1927,5,1,0
1927,6,1,0
1927,7,1,0
1927,8,5,7.6
1927,9,1,0
1927,10,15,7.1
1927,10,20,45.7
1927,10,29,1.8
1927,11,3,3
1927,11,19,3.3
1927,11,21,9.4
1927,11,22,4.3
1927,11,26,5.1
1927,12,5,8.1
1927,12,6,7.6
1927,12,10,1.8
1927,12,13,5.1
1927,12,21,30.5
1927,12,22,2
1928,1,17,3.6
1928,1,18,1.3
1928,1,29,9.7
1928,1,30,19.3
1928,2,1,5.3
1928,2,2,18
1928,2,5,5.8
1928,2,11,2.8
1928,2,14,198.1
1928,3,2,24.9
1928,3,10,1.8
1928,3,11,4.1
1928,3,12,8.4
1928,3,20,3.8
1928,4,1,0
1928,5,1,0
1928,6,1,0
1928,7,1,0
1928,8,1,0
1928,9,1,0
1928,10,25,1.5
1928,11,3,6.9
1928,11,4,1.8
1928,12,17,8.9
1928,12,18,33
1928,12,22,12.2
1928,12,23,3.3
1928,12,25,43.2
1928,12,27,10.4
1929,1,8,4.3
1929,1,9,21.1
1929,1,10,89.7
1929,1,11,51.1
1929,1,12,30
1929,1,13,7.6
1929,1,14,12.7
1929,2,1,0
1929,3,5,12.7
1929,3,6,3.3
1929,3,7,4.3
1929,3,8,15.7
1929,3,13,8.1
1929,3,14,7.4
1929,3,16,32.3
1929,3,26,7.6
1929,4,2,20.3
1929,4,3,6.4
1929,5,1,0
1929,6,1,0
1929,7,1,0
1929,8,1,0
1929,9,1,0
1929,10,1,0
1929,11,9,45.7
1929,11,13,2
1929,11,15,12.4
1929,11,29,0.5
1929,12,2,2.5
1929,12,3,35.6
1929,12,26,20.1
1929,12,27,34.5
1929,12,28,14.2
1929,12,29,16.8
1929,12,30,14
1930,1,8,21.8
1930,1,9,18.5
1930,1,10,6.4
1930,1,11,0.8
1930,1,19,5.1
1930,2,1,3.3
1930,2,4,9.1
1930,2,9,9.1
1930,2,13,2.5
1930,2,14,5.8
1930,2,15,21.8
1930,2,16,6.6
1930,2,23,3.8
1930,2,24,2.5
1930,2,26,8.1
1930,2,27,5.1
1930,2,28,91.4
1930,3,1,145.5
1930,3,2,4.6
1930,3,3,12.4
1930,3,4,36.6
1930,3,5,12.7
1930,3,6,6.4
1930,3,18,0.8
1930,4,1,0
1930,5,1,0
1930,6,1,0
1930,7,1,0
1930,8,1,0
1930,9,1,0
1930,10,2,2.8
1930,10,7,10.7
1930,10,9,1.3
1930,10,10,2
1930,10,28,13.2
1930,11,17,0.8
1930,11,18,11.4
1930,11,24,1.8
1930,11,25,2.8
1930,11,28,4.8
1930,11,29,10.7
1930,12,1,2.8
1930,12,18,8.9
1930,12,19,10.2
1930,12,22,32
1930,12,24,1
1930,12,26,33
1931,1,9,4.1
1931,1,15,25.4
1931,1,16,17.3
1931,1,17,6.1
1931,1,19,15.2
1931,1,20,43.7
1931,1,21,2
1931,1,25,5.8
1931,1,29,9.9
1931,2,18,1.3
1931,3,1,7.9
1931,3,14,49.5
1931,3,15,6.9
1931,3,18,0.8
1931,3,20,2
1931,3,31,27.9
1931,4,1,76.7
1931,5,1,0
1931,6,1,0
1931,7,1,0
1931,8,1,0
1931,9,16,21.1
1931,10,1,0
1931,11,7,10.7
1931,11,8,6.6
1931,11,11,4.8
1931,11,13,5.1
1931,11,15,13.2
1931,11,28,2
1931,12,6,8.6
1931,12,7,5.1
1931,12,8,1.5
1931,12,10,0.8
1931,12,12,2.5
1931,12,15,8.6
1931,12,23,7.6
1932,1,8,8.9
1932,1,11,2.5
1932,1,14,10.2
1932,1,15,4.8
1932,1,16,0.8
1932,2,1,1.8
1932,2,2,8.6
1932,2,3,22.1
1932,2,6,1
1932,3,8,8.4
1932,3,9,50.8
1932,3,10,44.5
1932,3,11,46.5
1932,3,14,11.9
1932,3,21,2
1932,3,27,3
1932,4,1,0
1932,5,20,8.6
1932,5,22,31.2
1932,6,19,3.8
1932,7,1,0
1932,8,1,0
1932,9,30,0.5
1932,10,2,1
1932,10,14,0.5
1932,10,18,13.2
1932,10,22,1
1932,10,26,19.3
1932,11,16,1.8
1932,11,18,2.5
1932,11,23,14.5
1932,11,27,2.3
1932,11,30,4.8
1932,12,3,8.6
1932,12,4,0.5
1932,12,13,3
1932,12,16,33.3
1932,12,18,1
1932,12,20,55.9
1932,12,22,28.4
1932,12,24,3.3
1933,1,12,2
1933,1,13,3.3
1933,1,15,4.8
1933,1,18,3.6
1933,1,20,36.8
1933,1,22,6.4
1933,1,25,17.3
1933,1,28,13.5
1933,2,3,2
1933,2,4,25.4
1933,2,5,0.5
1933,2,6,3.3
1933,2,7,13.5
1933,2,12,4.3
1933,2,13,42.9
1933,2,15,1.3
1933,2,16,1
1933,3,6,3
1933,3,7,1.3
1933,3,10,1
1933,3,11,18
1933,3,14,2.5
1933,3,24,0.5
1933,3,25,1.8
1933,4,23,6.1
1933,4,24,5.6
1933,4,26,0.5
1933,5,29,0.8
1933,5,30,27.2
1933,5,31,15.7
1933,6,1,20.3
1933,6,2,39.9
1933,6,3,0.8
1933,7,1,0
1933,8,1,0
1933,9,1,0
1933,10,25,4.3
1933,11,6,0.5
1933,11,24,3.8
1933,11,25,0.5
1933,11,26,4.3
1933,11,28,27.7
1933,12,6,3.6
1933,12,8,4.1
1933,12,9,2.8
1933,12,11,4.8
1933,12,13,37.3
1933,12,15,5.3
1933,12,27,4.6
1934,1,1,5.1
1934,1,3,0.3
1934,1,6,6.1
1934,1,9,0.8
1934,1,10,13.2
1934,1,27,63
1934,1,31,27.2
1934,2,11,0.8
1934,2,17,11.7
1934,2,19,37.8
1934,2,20,22.9
1934,2,28,16.5
1934,3,1,3
1934,3,7,4.1
1934,3,11,3
1934,3,14,0.8
1934,3,17,0.3
1934,3,23,1.3
1934,4,1,0.3
1934,5,1,0
1934,6,24,1
1934,7,28,10.4
1934,8,1,0
1934,9,22,6.4
1934,9,24,1.5
1934,10,15,1.5
1934,10,18,4.6
1934,10,19,17.8
1934,10,21,17.8
1934,10,23,20.1
1934,11,9,23.1
1934,11,10,10.7
1934,11,11,4.1
1934,11,15,3.3
1934,11,16,11.2
1934,11,17,2.8
1934,11,18,66.8
1934,11,19,1.3
1934,11,29,1
1934,11,30,29.2
1934,12,1,0
1935,1,1,11.7
1935,1,3,8.1
1935,1,6,13.2
1935,1,26,3.6
1935,1,28,1.8
1935,1,30,18
1935,2,15,11.2
1935,2,17,4.3
1935,2,28,1
1935,3,4,11.9
1935,3,5,5.8
1935,3,6,29.2
1935,3,7,0.5
1935,3,16,25.4
1935,3,21,1.5
1935,3,23,3
1935,3,24,4.1
1935,3,30,7.6
1935,3,31,26.9
1935,4,1,0
1935,5,24,1.5
1935,6,28,8.1
1935,6,29,3.8
1935,7,1,0
1935,8,1,0
1935,9,11,5.1
1935,9,27,5.6
1935,10,21,6.9
1935,10,23,10.9
1935,11,4,7.6
1935,12,2,2
1935,12,3,14
1935,12,12,2.8
1935,12,22,7.9
1936,1,3,3
1936,1,5,2.5
1936,1,6,4.1
1936,1,10,17.8
1936,1,18,25.4
1936,1,29,1
1936,2,14,1
1936,2,22,112.5
1936,2,23,34
1936,2,24,0.5
1936,2,25,5.3
1936,2,26,1.3
1936,2,29,42.9
1936,3,2,6.4
1936,3,4,73.2
1936,4,3,37.8
1936,4,4,29.5
1936,5,2,17.8
1936,5,3,1.3
1936,5,30,0.5
1936,6,16,1.5
1936,7,1,0
1936,8,1,0
1936,9,16,5.3
1936,10,25,6.4
1936,10,27,0.8
1936,10,30,1.3
1936,11,5,30
1936,11,9,7.6
1936,11,11,22.1
1936,11,28,0.3
1936,11,30,19.8
1936,12,3,8.1
1936,12,4,6.9
1936,12,12,1.3
1936,12,13,21.8
1936,12,14,3.3
1936,12,19,1.3
1936,12,25,25.9
1936,12,26,8.4
1936,12,28,9.1
1936,12,30,7.4
1936,12,31,0.8
1937,1,1,0.5
1937,1,2,19.1
1937,1,3,49.8
1937,1,4,1.5
1937,1,5,2.3
1937,1,6,1.8
1937,1,7,5.1
1937,1,8,6.4
1937,1,9,1
1937,1,11,18
1937,1,12,5.3
1937,1,13,6.6
1937,1,16,0.3
1937,1,17,12.2
1937,1,18,22.6
1937,1,19,3
1937,1,21,6.4
1937,1,22,3.3
1937,1,23,22.6
1937,1,26,4.8
1937,1,27,34.3
1937,2,15,15.7
1937,2,23,7.9
1937,3,4,2.8
1937,3,9,2.8
1937,3,10,7.1
1937,3,11,2.3
1937,3,12,8.4
1937,3,20,1.3
1937,3,21,1.5
1937,4,1,0
1937,5,1,0
1937,6,11,3.8
1937,6,12,1
1937,7,1,0
1937,8,1,0
1937,9,1,0
1937,10,18,21.6
1937,11,15,0.5
1937,11,28,15
1937,11,29,41.7
1937,11,30,10.2
1937,12,10,11.9
1937,12,11,0.8
1937,12,12,3
1937,12,15,2.8
1937,12,27,0.8
1937,12,28,2
1937,12,29,7.9
1938,1,2,1
1938,1,3,5.6
1938,1,4,13.5
1938,1,13,36.3
1938,1,14,5.6
1938,1,15,10.7
1938,1,18,10.4
1938,1,20,0.8
1938,1,26,3
1938,1,27,9.4
1938,1,28,10.4
1938,1,29,24.9
1938,2,3,0.8
1938,2,9,12.7
1938,2,10,0.3
1938,2,11,0.8
1938,2,14,18.5
1938,2,15,29
1938,2,16,36.6
1938,2,17,17.5
1938,2,18,1.5
1938,2,20,1.3
1938,2,21,1.5
1938,3,1,0
1938,4,12,0.8
1938,5,1,0
1938,6,29,0.3
1938,7,2,4.3
1938,7,3,28.2
1938,7,23,7.1
1938,8,1,0
1938,9,1,0
1938,10,31,2
1938,11,5,5.6
1938,11,14,1.3
1938,11,16,11.4
1938,11,17,16.5
1938,11,19,15.7
1938,11,20,6.4
1938,11,21,1.8
1938,11,27,1.5
1938,12,24,0.5
1939,1,1,7.9
1939,1,5,7.6
1939,1,6,10.2
1939,1,8,14.7
1939,1,14,13.5
1939,1,15,11.4
1939,1,19,9.1
1939,1,21,1.5
1939,1,22,66.5
1939,1,23,21.1
1939,2,3,7.4
1939,2,8,1
1939,2,10,6.4
1939,2,11,30.7
1939,2,18,6.9
1939,2,21,24.1
1939,2,27,7.4
1939,3,14,10.7
1939,3,28,8.6
1939,4,1,9.1
1939,4,8,3.6
1939,5,31,0.3
1939,6,14,13.5
1939,6,15,11.2
1939,7,3,2.5
1939,7,26,2.8
1939,7,31,3
1939,8,1,0
1939,9,20,4.6
1939,10,17,1.3
1939,10,18,15.7
1939,11,5,2
1939,11,15,1
1939,11,16,10.7
1939,11,26,4.8
1939,11,28,7.9
1939,12,21,6.1
1939,12,22,4.3
1939,12,23,11.9
1939,12,30,2
1940,1,4,33
1940,1,5,94.2
1940,1,6,59.7
1940,1,7,33
1940,1,15,29.2
1940,1,16,1
1940,1,17,1.3
1940,1,18,23.1
1940,1,30,29.5
1940,1,31,13
1940,2,1,11.2
1940,2,2,24.1
1940,2,3,23.6
1940,2,4,3
1940,2,6,6.1
1940,2,15,8.1
1940,2,16,3.3
1940,2,17,4.1
1940,2,27,9.7
1940,2,28,22.9
1940,3,28,6.4
1940,4,1,31.8
1940,5,1,0
1940,6,1,0
1940,7,1,0
1940,8,1,0
1940,9,1,0
1940,10,1,0
1940,11,8,4.1
1940,11,13,7
1940,11,22,1.6
1940,12,7,1
1940,12,19,0.5
1940,12,21,13.5
1940,12,27,22.8
1940,12,29,3.7
1940,12,30,25
1940,12,31,0.8
1941,1,1,17
1941,1,2,6.4
1941,1,3,13.5
1941,1,6,18.3
1941,1,10,8.1
1941,1,11,0.8
1941,1,13,10.9
1941,1,15,1.8
1941,1,16,8.1
1941,1,20,7.9
1941,1,21,5.8
1941,1,25,1.3
1941,2,15,30.5
1941,2,17,8.1
1941,2,18,1.3
1941,2,19,8.4
1941,3,5,19.1
1941,3,6,1
1941,3,7,15.2
1941,3,8,23.9
1941,3,9,23.1
1941,3,10,37.6
1941,3,11,58.4
1941,3,12,57.2
1941,3,13,1.3
1941,3,21,6.6
1941,3,22,3.8
1941,3,24,3.6
1941,3,25,47.2
1941,3,26,20.8
1941,3,27,104.1
1941,3,28,4.6
1941,4,10,2.3
1941,5,23,0.8
1941,5,25,34.3
1941,5,26,12.7
1941,6,8,13.5
1941,6,9,6.1
1941,6,12,0.5
1941,7,1,0
1941,8,1,0
1941,9,1,0
1941,10,14,6.6
1941,11,10,0.8
1941,11,11,8.8
1941,11,12,5.1
1941,11,16,3.7
1941,11,17,2.2
1941,11,20,2.9
1941,11,30,2.4
1941,12,1,2.2
1941,12,3,29.1
1941,12,4,1.2
1941,12,19,0.9
1941,12,20,2.1
1941,12,23,11.4
1941,12,30,43.7
1941,12,31,0.3
1942,1,2,13.8
1942,1,3,57
1942,1,4,74.8
1942,1,5,0.5
1942,1,17,3.6
1942,1,19,3.6
1942,1,21,15.4
1942,1,28,11.3
1942,1,31,42.7
1942,2,3,2.9
1942,2,6,0.4
1942,2,8,0.6
1942,2,13,3.1
1942,2,15,20.3
1942,2,16,0.6
1942,3,1,0
1942,4,1,15.4
1942,4,2,0.3
1942,4,20,3.1
1942,4,21,10
1942,4,22,1.2
1942,5,26,7.6
1942,6,1,0
1942,7,5,1.3
1942,8,1,0
1942,9,1,0
1942,10,9,11.2
1942,10,10,2.8
1942,10,21,8.3
1942,10,29,11.2
1942,10,30,50.2
1942,10,31,5.5
1942,11,1,0
1942,12,4,13
1942,12,6,30.5
1942,12,7,9.7
1942,12,12,1.1
1942,12,25,15.3
1942,12,26,2.2
1942,12,30,2
1943,1,15,3
1943,1,22,13.8
1943,1,28,2.5
1943,1,29,3.8
1943,2,3,2.1
1943,2,4,10.7
1943,2,8,48.5
1943,2,10,0.5
1943,2,15,1.7
1943,2,19,21.7
1943,2,27,9.1
1943,3,1,8.4
1943,3,2,0.7
1943,3,3,3
1943,3,6,9.8
1943,3,9,1.9
1943,3,10,35.4
1943,3,11,6.6
1943,3,17,1.6
1943,4,12,9
1943,4,13,2.9
1943,5,1,0
1943,6,1,0
1943,7,1,0
1943,8,1,0
1943,9,29,12.7
1943,10,17,17.5
1943,11,4,3.5
1943,11,16,2.1
1943,11,17,3
1943,12,1,0.8
1943,12,2,0.8
1943,12,18,4.8
1944,1,26,68.6
1944,1,28,7.6
1944,1,29,23.9
1944,1,30,5.6
1944,1,31,10.2
1944,2,1,4.3
1944,2,9,5.8
1944,2,14,26.4
1944,2,15,14.2
1944,3,6,9.7
1944,3,9,14.7
1944,3,10,58.9
1944,3,12,2.3
1944,3,13,2
1944,3,14,10.4
1944,3,15,52.6
1944,4,1,0
1944,5,1,0
1944,6,1,34.5
1944,7,1,0
1944,8,1,0
1944,9,1,0
1944,10,1,0
1944,11,17,7.9
1944,11,21,1.8
1944,11,25,2.5
1944,12,2,2.8
1944,12,6,2
1944,12,7,6.4
1944,12,13,4.1
1944,12,14,2.5
1944,12,19,5.1
1944,12,21,2.5
1944,12,22,34.3
1944,12,30,6.1
1945,1,1,37.3
1945,1,8,30.5
1945,1,14,3
1945,1,15,38.6
1945,1,16,3
1945,1,27,10.7
1945,1,30,41.9
1945,1,31,69.1
1945,2,5,11.7
1945,2,6,2.3
1945,2,16,7.1
1945,2,17,31.8
1945,2,25,2.5
1945,2,26,17.8
1945,2,28,58.4
1945,3,10,88.9
1945,3,25,5.3
1945,4,1,0
1945,5,1,0
1945,6,1,0
1945,7,1,0
1945,8,1,0
1945,9,1,0
1945,10,25,3.8
1945,11,18,6.9
1945,11,19,16.5
1945,11,28,3.3
1945,12,7,2
1945,12,16,19.8
1945,12,23,4.6
1945,12,24,21.1
1945,12,25,18.5
1945,12,26,6.4
1945,12,28,143.3
1945,12,29,2.5
1946,1,7,1.3
1946,1,16,11.4
1946,1,17,38.1
1946,1,27,19.3
1946,1,28,18.5
1946,1,31,8.4
1946,2,6,37.1
1946,2,7,10.2
1946,2,9,4.1
1946,2,13,16
1946,2,14,46.7
1946,2,15,21.6
1946,2,16,15.2
1946,2,17,11.9
1946,2,19,4.1
1946,2,22,10.2
1946,2,26,30.7
1946,2,27,35.1
1946,3,1,0
1946,4,1,0
1946,5,1,0
1946,6,1,0
1946,7,1,0
1946,8,1,0
1946,9,1,0
1946,10,1,0
1946,11,20,3.6
1946,12,16,6.4
1946,12,24,9.1
1947,1,18,1.3
1947,1,23,16.8
1947,1,24,2.3
1947,1,25,18.8
1947,1,30,31.5
1947,2,2,3.8
1947,2,5,10.2
1947,2,7,17.8
1947,2,8,54.1
1947,2,9,17.3
1947,2,10,5.8
1947,2,11,2.8
1947,2,16,55.9
1947,2,21,24.6
1947,2,22,43.2
1947,2,27,2.8
1947,3,3,6.4
1947,3,4,4.6
1947,3,13,45.7
1947,3,18,5.1
1947,3,22,11.2
1947,3,23,34.3
1947,3,24,78
1947,3,26,12.7
1947,4,1,0
1947,5,1,0
1947,6,1,0
1947,7,1,0
1947,8,17,19.1
1947,8,20,1
1947,9,16,1.5
1947,9,25,7.6
1947,10,16,8.1
1947,10,17,12.2
1947,11,16,3.8
1947,11,22,43.4
1947,11,24,5.8
1947,12,20,1.8
1947,12,21,4.1
1948,1,2,6.4
1948,1,24,5.1
1948,2,4,7.6
1948,2,14,2.5
1948,2,16,29
1948,2,19,21.6
1948,2,20,19.3
1948,2,24,111.8
1948,2,25,16
1948,2,29,9.1
1948,3,5,1.8
1948,3,6,14.7
1948,3,7,5.1
1948,3,8,17.8
1948,3,9,19.3
1948,3,13,5.6
1948,4,2,13.7
1948,4,14,18
1948,4,15,1
1948,5,1,0
1948,6,1,0
1948,7,1,0
1948,8,1,0
1948,9,1,0
1948,10,1,0
1948,11,1,0
1948,12,6,25.1
1948,12,25,16.5
1949,1,28,1.5
1949,1,31,3.8
1949,2,3,8.9
1949,2,4,2.5
1949,2,8,2.5
1949,2,10,23.4
1949,2,12,1.3
1949,2,13,7.9
1949,2,14,8.6
1949,2,15,12.2
1949,2,19,2.5
1949,2,20,4.3
1949,2,21,10.7
1949,2,23,7.6
1949,2,24,31.2
1949,3,14,21.8
1949,3,17,2.5
1949,3,18,66
1949,3,19,14.2
1949,4,1,0
1949,5,1,0
1949,6,1,0
1949,7,1,0
1949,8,1,0
1949,9,1,0
1949,10,10,4.3
1949,11,1,25.4
1949,11,2,1.3
1949,11,13,13
1949,11,26,14.5
1949,12,8,10.2
1949,12,9,2
1949,12,15,2.5
1949,12,16,22.4
1949,12,18,50.8
1949,12,19,32.5
1949,12,20,76.2
1949,12,21,13.7
1949,12,22,34.3
1949,12,23,50.8
1950,1,3,2.5
1950,1,9,5.1
1950,1,10,5.8
1950,1,13,1.8
1950,1,21,29.7
1950,1,28,3
1950,2,11,31.8
1950,2,12,26.2
1950,2,13,33
1950,2,15,9.1
1950,3,17,8.4
1950,3,20,32
1950,3,21,45.2
1950,4,1,0
1950,5,1,0
1950,6,1,0
1950,7,1,0
1950,8,1,0
1950,9,1,0
1950,10,6,27.9
1950,10,8,44.5
1950,10,9,34.5
1950,10,10,1.5
1950,10,16,2.5
1950,10,18,64.8
1950,10,25,5.3
1950,11,11,67.3
1950,11,16,8.9
1950,11,20,36.6
1950,11,22,8.9
1950,12,1,6.9
1950,12,2,35.8
1950,12,10,18.8
1950,12,11,16.8
1950,12,12,57.4
1950,12,15,8.4
1950,12,20,17.8
1950,12,21,7.6
1950,12,30,6.4
1950,12,31,16
1951,1,1,7.6
1951,1,3,4.3
1951,1,4,19.8
1951,1,5,29.2
1951,1,6,3
1951,1,7,1.5
1951,1,8,12.7
1951,1,11,2.3
1951,1,14,1.3
1951,1,15,81.8
1951,1,16,89.2
1951,1,17,37.3
1951,1,18,1.8
1951,1,27,14
1951,2,8,8.6
1951,2,10,15.2
1951,2,11,17
1951,2,12,22.9
1951,2,13,11.4
1951,2,14,3.3
1951,2,15,6.6
1951,3,12,1.3
1951,4,1,0
1951,5,1,0
1951,6,1,0
1951,7,1,0
1951,8,1,0
1951,9,1,0
1951,10,4,1.3
1951,10,14,9
1951,10,15,9
1951,10,22,14.2
1951,10,23,2
1951,11,6,2.5
1951,12,15,8.9
1951,12,16,3.8
1951,12,19,4.6
1951,12,31,5.3
1952,1,13,2.5
1952,1,17,3
1952,1,25,23.1
1952,1,26,8.9
1952,2,2,5.8
1952,2,20,17.8
1952,2,22,7.6
1952,3,1,0
1952,4,1,0
1952,5,1,0
1952,6,1,0
1952,7,1,0
1952,8,19,3.3
1952,9,1,0
1952,10,4,1
1952,10,5,1.3
1952,10,8,2.5
1952,10,17,1.8
1952,11,2,1.5
1952,11,3,0.5
1952,11,5,0.3
1952,11,7,6.6
1952,11,8,1.5
1952,11,20,5.6
1952,11,24,6.6
1952,11,25,7.1
1952,12,24,6.9
1952,12,26,25.1
1952,12,29,17.8
1952,12,30,19.3
1953,1,2,57.7
1953,1,3,18
1953,1,4,54.1
1953,1,5,11.7
1953,1,6,0.3
1953,1,7,2
1953,1,8,0.5
1953,1,11,0.8
1953,1,14,0.8
1953,1,19,0.5
1953,1,20,1.8
1953,1,27,2.8
1953,1,29,0.8
1953,2,2,0.8
1953,2,3,6.6
1953,2,4,5.3
1953,2,5,0.8
1953,2,6,44.5
1953,2,7,49.8
1953,2,8,14
1953,2,9,0.5
1953,2,10,2.5
1953,2,11,1.5
1953,2,12,2
1953,2,13,17.5
1953,3,13,1
1953,3,14,1
1953,3,16,3
1953,3,18,21.6
1953,3,19,17.5
1953,3,24,0.3
1953,3,29,0.5
1953,3,30,29
1953,3,31,1.3
1953,4,7,2.5
1953,4,8,0.8
1953,5,1,0
1953,6,1,0
1953,7,1,0
1953,8,1,0
1953,9,1,0
1953,10,13,5.1
1953,11,5,6.4
1953,11,24,0.8
1953,11,25,0.3
1953,11,28,0.8
1953,11,30,14
1953,12,4,60.5
1953,12,7,1.3
1953,12,8,2.8
1953,12,16,2.5
1953,12,18,4.6
1953,12,22,1.5
1954,1,13,1
1954,1,14,1.8
1954,1,20,9.1
1954,1,24,25.4
1954,1,26,10.2
1954,1,28,19.6
1954,1,29,8.9
1954,2,25,10.2
1954,3,20,13.5
1954,4,10,10.2
1954,4,25,10.9
1954,5,1,0
1954,6,1,0
1954,7,1,0
1954,8,1,0
1954,9,1,0
1954,10,13,0.8
1954,10,15,44.5
1954,10,25,5.1
1954,10,26,10.9
1954,11,8,0.5
1954,11,9,19.1
1954,11,15,0.8
1954,11,19,6.6
1954,11,21,1
1954,11,30,14.5
1954,12,4,4.8
1954,12,5,4.1
1954,12,10,15.5
1954,12,13,33
1954,12,14,57.4
1954,12,20,10.4
1954,12,21,0.5
1954,12,29,3.6
1954,12,30,11.4
1955,1,2,9.1
1955,1,4,2.3
1955,1,11,0.8
1955,1,12,30.7
1955,2,7,1.5
1955,2,11,1.5
1955,2,12,1.5
1955,2,15,10.4
1955,2,16,3.3
1955,2,19,10.4
1955,2,20,19.6
1955,2,21,23.6
1955,2,22,2.3
1955,3,5,1
1955,3,6,11.4
1955,3,10,1.5
1955,3,11,28.4
1955,4,13,5.8
1955,4,14,0.5
1955,4,21,0.8
1955,4,25,23.6
1955,4,26,43.2
1955,4,27,1.5
1955,5,22,4.6
1955,5,23,22.1
1955,5,24,40.9
1955,5,25,2.5
1955,6,14,0.8
1955,7,1,0
1955,8,1,0
1955,9,1,0
1955,10,17,2.8
1955,10,19,4.3
1955,10,30,8.6
1955,11,1,0.5
1955,11,2,0.3
1955,11,6,20.1
1955,11,7,0.3
1955,11,10,1.5
1955,11,19,17.5
1955,12,21,0.5
1955,12,23,5.1
1956,1,9,3.3
1956,1,10,3.8
1956,1,16,0.8
1956,1,17,11.4
1956,1,20,0.3
1956,1,29,0.5
1956,2,2,4.1
1956,2,11,10.2
1956,2,12,6.4
1956,2,13,45.7
1956,2,14,2.3
1956,2,15,9.7
1956,2,16,42.9
1956,2,17,0.8
1956,2,20,12.7
1956,2,21,7.4
1956,2,22,56.1
1956,2,23,38.4
1956,2,24,12.2
1956,2,25,4.3
1956,2,26,10.2
1956,2,29,1.5
1956,3,2,10.2
1956,3,8,1.3
1956,4,18,7.1
1956,4,19,0.8
1956,4,20,2
1956,5,6,31.2
1956,6,1,0
1956,7,10,26.4
1956,7,11,15
1956,7,16,5.6
1956,8,1,0
1956,9,29,6.6
1956,10,7,6.4
1956,10,10,35.1
1956,10,11,5.6
1956,10,29,6.1
1956,10,30,12.2
1956,11,1,11.4
1956,11,3,1
1956,11,4,5.1
1956,11,20,9.9
1956,11,26,0.8
1956,12,4,5.1
1956,12,5,18.3
1956,12,9,2
1956,12,11,25.9
1956,12,17,6.4
1956,12,18,21.3
1956,12,19,10.4
1957,1,4,11.4
1957,1,5,1.3
1957,1,6,18.3
1957,1,7,5.8
1957,1,8,13.5
1957,1,9,1.5
1957,1,10,3
1957,1,15,1.5
1957,1,17,3.8
1957,1,19,2.8
1957,2,3,3.3
1957,2,6,3
1957,2,8,6.4
1957,2,10,0.8
1957,2,12,4.6
1957,2,16,42.9
1957,2,21,15
1957,2,22,1.5
1957,2,28,19.8
1957,3,1,15.7
1957,3,2,7.9
1957,3,3,12.7
1957,3,4,11.7
1957,3,5,2.8
1957,3,6,2
1957,3,7,23.4
1957,3,8,162.6
1957,3,9,16.3
1957,3,10,0.8
1957,4,1,0
1957,5,1,0
1957,6,1,0
1957,7,1,0
1957,8,1,0
1957,9,1,0
1957,10,20,1
1957,10,29,8.9
1957,11,6,0.5
1957,11,17,0.5
1957,11,26,8.4
1957,12,1,2.8
1957,12,22,1.5
1957,12,23,1.3
1957,12,29,1.3
1957,12,30,96.8
1957,12,31,0.5
1958,1,7,3.6
1958,1,13,1.8
1958,1,15,13.2
1958,1,16,10.9
1958,1,23,6.6
1958,1,24,7.4
1958,1,26,1.8
1958,1,28,40.4
1958,1,30,7.1
1958,2,9,1.5
1958,2,11,0.5
1958,2,12,0.5
1958,2,20,1
1958,3,10,8.4
1958,4,4,3
1958,4,8,32.3
1958,5,15,8.1
1958,5,16,2.8
1958,5,20,2.5
1958,5,21,4.6
1958,6,1,0
1958,7,1,0
1958,8,1,0
1958,9,1,0
1958,10,3,1.5
1958,10,8,24.6
1958,10,10,15.7
1958,10,11,1.3
1958,11,7,0.5
1958,11,20,1.5
1958,11,30,4.6
1958,12,1,1.8
1958,12,11,1.5
1958,12,12,1.8
1958,12,16,20.1
1958,12,18,1
1958,12,20,2
1958,12,26,0.5
1958,12,28,1.5
1959,1,2,61.5
1959,1,7,2
1959,1,8,3.3
1959,1,9,51.6
1959,1,10,32
1959,1,11,72.9
1959,1,12,90.9
1959,1,13,0.3
1959,1,24,0.5
1959,2,12,2
1959,2,13,1.3
1959,2,14,0.8
1959,2,15,6.4
1959,3,17,10.7
1959,3,28,5.8
1959,4,1,3.3
1959,4,4,3
1959,4,5,2
1959,4,6,0.5
1959,4,7,2.3
1959,5,19,1.5
1959,5,20,0.8
1959,5,21,0.3
1959,5,22,9.1
1959,5,23,13.2
1959,5,24,5.8
1959,6,1,0
1959,7,1,0
1959,8,1,0
1959,9,9,0.5
1959,10,29,1
1959,11,3,8.1
1959,11,27,7.1
1959,12,4,38.9
1959,12,5,9.9
1959,12,6,0.8
1959,12,8,9.9
1959,12,18,1.3
1959,12,19,78.7
1959,12,23,0.5
1959,12,25,0.8
1960,1,9,41.4
1960,1,10,13.7
1960,1,11,8.9
1960,1,12,74.7
1960,1,13,1.3
1960,1,17,0.5
1960,1,19,7.1
1960,1,25,0.8
1960,1,26,4.3
1960,1,27,12.4
1960,1,28,11.4
1960,1,30,14
1960,1,31,5.6
1960,2,5,9.1
1960,2,8,2
1960,2,9,4.6
1960,2,10,1
1960,2,12,18.3
1960,2,13,4.8
1960,2,14,10.4
1960,2,18,0.3
1960,2,20,2.5
1960,3,12,15.7
1960,3,15,2
1960,3,16,4.8
1960,3,17,36.3
1960,3,18,20.8
1960,3,19,0.5
1960,3,21,0.5
1960,4,26,22.9
1960,4,27,18.8
1960,4,28,8.4
1960,4,30,33
1960,5,1,19.6
1960,5,12,53.8
1960,6,1,0
1960,7,1,0
1960,8,1,0
1960,9,20,0.3
1960,9,21,0.3
1960,9,23,11.7
1960,10,18,1.5
1960,11,1,23.9
1960,11,14,3
1960,11,15,1
1960,11,18,2.3
1960,11,19,20.6
1960,11,20,34.5
1960,12,5,0.5
1960,12,17,26.4
1960,12,23,15.2
1960,12,24,101.3
1960,12,25,3.6
1960,12,28,0.5
1960,12,29,2
1960,12,30,11.7
1961,1,18,2.3
1961,1,19,4.6
1961,1,28,4.8
1961,1,30,0.8
1961,1,31,3
1961,2,5,9.4
1961,2,9,2.3
1961,2,10,1.5
1961,2,14,2
1961,2,15,0.5
1961,2,16,1.5
1961,2,17,0.5
1961,2,18,3.3
1961,2,27,20.1
1961,3,1,1.5
1961,4,16,1
1961,4,19,5.1
1961,4,20,9.4
1961,5,1,0
1961,6,1,0
1961,7,1,0
1961,8,1,0
1961,9,28,5.6
1961,10,1,0
1961,11,2,0.5
1961,11,3,0.8
1961,11,5,0.5
1961,11,9,0.5
1961,11,10,13.7
1961,11,23,0.8
1961,11,24,4.3
1961,11,30,0.8
1961,12,14,0.8
1961,12,16,2.3
1961,12,17,5.8
1961,12,18,0.3
1961,12,19,17.8
1961,12,31,1.3
1962,1,2,5.1
1962,1,5,9.1
1962,1,6,0.5
1962,1,7,4.3
1962,1,8,0.8
1962,1,10,1.3
1962,1,11,0.8
1962,1,12,3.6
1962,1,15,73.4
1962,1,16,11.9
1962,1,17,1.5
1962,1,19,2
1962,1,20,19.6
1962,1,21,3.6
1962,1,23,8.6
1962,1,25,1
1962,1,27,38.9
1962,1,28,11.2
1962,1,29,6.6
1962,1,30,9.4
1962,1,31,49.8
1962,2,1,1.3
1962,2,2,8.4
1962,2,8,71.4
1962,2,27,22.1
1962,2,28,43.7
1962,3,1,12.7
1962,3,2,2.3
1962,4,1,7.1
1962,5,28,11.4
1962,6,4,0.5
1962,7,1,0
1962,8,1,0
1962,9,1,0
1962,10,19,1.3
1962,10,24,1
1962,11,2,2
1962,11,8,0.3
1962,12,2,2
1962,12,3,0.3
1962,12,18,0.3
1962,12,20,4.1
1962,12,23,0.5
1962,12,26,0.8
1962,12,27,3.8
1962,12,30,8.3
1962,12,31,0.3
1963,1,5,25.7
1963,1,14,8.6
1963,1,15,13.2
1963,1,16,13
1963,1,17,1.5
1963,1,21,0.3
1963,1,22,5.3
1963,1,24,0.5
1963,1,25,6.1
1963,1,26,3
1963,1,27,1.8
1963,1,31,12.7
1963,2,2,16
1963,2,4,4.1
1963,2,9,0.8
1963,2,10,3.3
1963,2,11,7.6
1963,2,14,5.6
1963,2,15,8.4
1963,2,16,13.5
1963,2,17,11.7
1963,2,18,0.3
1963,2,23,7.6
1963,2,24,1.5
1963,2,25,3.3
1963,3,1,9.7
1963,3,6,15.7
1963,3,22,20.8
1963,4,6,1.5
1963,4,7,14.5
1963,4,10,3.6
1963,4,14,7.6
1963,4,15,10.7
1963,4,16,15
1963,5,1,0
1963,6,1,0
1963,7,1,0
1963,8,1,0
1963,9,17,11.7
1963,10,26,13.5
1963,11,3,5.6
1963,11,4,1.5
1963,12,17,5.3
1963,12,19,27.9
1963,12,31,11.9
1964,1,1,21.1
1964,1,3,26.7
1964,1,5,1.8
1964,1,6,3.6
1964,1,9,11.4
1964,1,10,3.8
1964,1,11,53.3
1964,1,12,6.4
1964,1,13,10.7
1964,1,23,10.9
1964,1,27,3.6
1964,2,2,22.9
1964,2,8,7.6
1964,3,6,3
1964,3,11,3.8
1964,3,12,54.4
1964,3,13,11.9
1964,3,14,18.8
1964,3,22,5.6
1964,3,23,1.5
1964,4,8,3.3
1964,5,30,1.5
1964,5,31,2
1964,6,1,0
1964,7,1,0
1964,8,1,0
1964,9,26,0.8
1964,10,2,3.8
1964,10,3,7.6
1964,10,6,6.6
1964,10,8,7.1
1964,10,9,0.5
1964,10,24,1.8
1964,10,30,2.3
1964,11,10,0.3
1964,11,20,3.8
1964,11,29,0.3
1964,12,1,0.3
1964,12,2,0.8
1964,12,19,2
1964,12,22,2
1964,12,25,5.6
1964,12,27,13.2
1964,12,28,1.3
1964,12,29,8.1
1964,12,30,12.2
1965,1,2,2
1965,1,3,7.4
1965,1,7,0.8
1965,1,8,10.2
1965,1,9,1.3
1965,1,11,3.3
1965,1,20,0.5
1965,2,5,0.3
1965,2,8,1.5
1965,2,16,1.8
1965,3,1,2.8
1965,3,2,31.5
1965,3,3,0.8
1965,3,4,1.3
1965,3,5,7.9
1965,3,6,0.3
1965,3,7,38.9
1965,3,8,26.7
1965,3,9,38.6
1965,3,10,4.8
1965,3,11,2.5
1965,3,19,16.5
1965,3,26,0.5
1965,4,1,0
1965,5,23,1
1965,5,24,0.3
1965,6,17,6.4
1965,7,1,0
1965,8,1,0
1965,9,1,0
1965,10,25,0.8
1965,11,21,11.7
1965,11,28,3
1965,12,1,0.8
1965,12,3,1.8
1965,12,6,0.5
1965,12,7,4.8
1965,12,10,0.3
1965,12,11,4.1
1965,12,12,13
1965,12,13,0.3
1965,12,15,5.6
1965,12,18,3
1965,12,24,4.3
1965,12,30,15.2
1965,12,31,5.8
1966,1,2,2.8
1966,1,12,2.3
1966,1,14,3.6
1966,1,15,5.1
1966,1,16,2.8
1966,1,17,16.3
1966,1,18,17
1966,1,19,38.6
1966,1,20,33.5
1966,1,21,3.6
1966,1,22,8.1
1966,1,24,31.2
1966,1,25,4.3
1966,1,29,17
1966,1,30,3.3
1966,1,31,0.8
1966,2,3,0.3
1966,2,5,15
1966,2,8,4.3
1966,2,9,0.3
1966,2,11,0.8
1966,2,12,25.1
1966,2,13,16.8
1966,2,18,0.8
1966,3,7,0.3
1966,3,8,0.5
1966,3,9,4.6
1966,3,10,1.3
1966,3,17,0.8
1966,3,22,0.8
1966,4,1,0
1966,5,1,0
1966,6,1,0.5
1966,7,1,0
1966,8,19,1
1966,9,23,0.5
1966,9,24,0.3
1966,9,26,0.8
1966,9,30,8.9
1966,10,1,10.9
1966,10,2,4.6
1966,10,3,0.5
1966,10,14,0.3
1966,10,16,5.3
1966,10,18,2
1966,11,7,5.3
1966,11,26,0.3
1966,11,28,0.8
1966,11,30,0.3
1966,12,1,2.5
1966,12,2,25.1
1966,12,3,25.7
1966,12,14,3.6
1966,12,29,14
1966,12,31,8.1
1967,1,2,2
1967,1,16,12.7
1967,1,22,40.9
1967,1,23,18
1967,1,25,3.6
1967,1,26,5.8
1967,1,28,4.3
1967,1,30,5.3
1967,2,4,3.6
1967,2,5,31.5
1967,2,7,24.6
1967,2,8,1.5
1967,2,9,38.1
1967,2,10,40.6
1967,2,11,2.3
1967,2,12,21.1
1967,2,13,46
1967,2,14,87.1
1967,2,15,48
1967,2,16,19.1
1967,2,17,3.8
1967,2,18,9.9
1967,2,19,11.2
1967,2,20,4.8
1967,2,21,28.7
1967,2,22,10.7
1967,2,23,7.9
1967,2,24,2.5
1967,2,25,21.6
1967,2,26,53.6
1967,2,27,6.9
1967,2,28,22.4
1967,3,1,17.8
1967,3,2,2.5
1967,3,3,2.3
1967,3,4,69.3
1967,3,5,14.7
1967,3,6,1
1967,3,8,1.5
1967,3,13,2.5
1967,3,14,49.8
1967,3,20,3
1967,3,21,1.5
1967,4,1,0
1967,5,1,0
1967,6,1,0
1967,7,1,0
1967,8,1,0
1967,9,1,0
1967,10,8,4.8
1967,11,1,0
1967,12,2,3
1967,12,3,59.2
1967,12,10,0.5
1967,12,13,2
1967,12,22,2
1967,12,30,37.8
1968,1,2,7.4
1968,1,4,2
1968,1,5,14
1968,1,19,13.2
1968,1,20,27.7
1968,1,21,3.3
1968,1,22,5.1
1968,1,23,0.8
1968,1,25,44.7
1968,1,26,0.8
1968,1,28,12.2
1968,1,30,77.2
1968,1,31,7.4
1968,2,3,13.7
1968,2,5,1
1968,2,6,0.8
1968,2,8,0.5
1968,2,9,13.2
1968,2,10,15
1968,2,11,5.1
1968,2,12,30.7
1968,2,13,2.5
1968,2,14,16
1968,2,17,11.4
1968,2,19,9.7
1968,2,20,20.6
1968,2,26,15.2
1968,2,27,10.4
1968,2,28,1
1968,2,29,5.6
1968,3,2,19.1
1968,3,3,8.1
1968,3,5,3.6
1968,3,12,5.3
1968,3,14,0.5
1968,3,18,1.3
1968,4,1,0
1968,5,9,0.8
1968,5,10,20.3
1968,5,11,4.8
1968,5,12,3.6
1968,5,13,28.7
1968,5,21,14.7
1968,5,22,2.8
1968,5,26,4.1
1968,6,1,0
1968,7,13,0.5
1968,7,14,26.7
1968,7,15,2
1968,7,16,0.3
1968,8,12,1
1968,8,29,1
1968,9,8,2.8
1968,10,1,0
1968,11,8,7.4
1968,11,24,3.6
1968,12,2,4.6
1968,12,3,6.4
1968,12,21,3
1968,12,24,47.5
1969,1,7,21.1
1969,1,9,21.3
1969,1,10,2
1969,1,18,0.5
1969,1,22,2.8
1969,1,24,1.8
1969,1,29,2
1969,1,30,6.6
1969,1,31,1
1969,2,4,2.8
1969,2,5,11.2
1969,2,6,27.7
1969,2,7,3.3
1969,2,8,1.5
1969,2,10,4.1
1969,2,13,0.8
1969,2,14,1.3
1969,2,15,1.5
1969,2,17,0.5
1969,2,23,4.1
1969,2,25,0.8
1969,2,26,33
1969,2,27,29.2
1969,3,2,0.8
1969,3,5,11.9
1969,3,6,12.2
1969,3,7,18.5
1969,3,8,2
1969,3,12,2.5
1969,3,14,2.8
1969,3,15,2.5
1969,4,1,0
1969,5,1,0
1969,6,2,1.3
1969,7,2,1.5
1969,7,10,2.5
1969,8,1,0
1969,9,1,0
1969,10,15,2.5
1969,10,16,20.8
1969,10,21,12.2
1969,10,25,5.3
1969,10,27,23.9
1969,11,1,3.8
1969,11,5,0.3
1969,11,15,6.9
1969,11,18,0.8
1969,12,5,2
1969,12,13,0.3
1969,12,15,6.4
1969,12,16,1.8
1969,12,18,5.1
1969,12,20,0.8
1969,12,22,8.6
1969,12,23,2.8
1970,1,10,5.3
1970,1,12,0.8
1970,1,14,1.5
1970,1,21,11.2
1970,1,22,0.3
1970,2,5,2.3
1970,2,8,24.4
1970,2,9,0.3
1970,2,10,5.3
1970,2,17,6.6
1970,2,19,0.3
1970,2,27,17.8
1970,2,28,12.4
1970,3,1,3.3
1970,3,8,0.3
1970,3,13,1
1970,3,19,16.8
1970,3,20,9.1
1970,3,21,0.3
1970,4,21,0.3
1970,4,22,36.3
1970,4,23,26.9
1970,5,23,0.3
1970,6,1,0
1970,7,1,0
1970,8,1,0
1970,9,22,0.3
1970,10,9,0.3
1970,10,31,3.3
1970,11,3,1.3
1970,11,5,1.5
1970,11,7,31.8
1970,11,9,5.8
1970,11,10,20.1
1970,11,11,1.5
1970,11,27,1.5
1970,12,5,73.7
1970,12,6,30.2
1970,12,7,57.7
1971,1,16,3
1971,1,17,0.8
1971,1,19,1.8
1971,1,27,0.3
1971,1,28,3.8
1971,2,4,1.8
1971,2,8,5.6
1971,2,16,1
1971,2,20,0.3
1971,3,3,2.5
1971,3,12,3.8
1971,3,20,5.1
1971,3,21,104.6
1971,3,22,8.4
1971,3,24,3.8
1971,4,1,0.8
1971,4,2,9.9
1971,4,3,4.1
1971,4,4,66
1971,4,11,0.5
1971,4,13,0.5
1971,4,14,0.3
1971,4,28,11.2
1971,5,1,0
1971,6,1,0
1971,7,14,0.3
1971,8,26,0.5
1971,9,26,2.8
1971,10,15,0.5
1971,10,24,0.8
1971,10,27,4.1
1971,11,2,0.5
1971,11,7,7.4
1971,11,15,11.2
1971,11,18,12.7
1971,11,21,3.3
1971,11,22,36.8
1971,11,27,1.3
1971,11,28,2.3
1971,11,29,16.8
1971,12,7,1.3
1971,12,11,17
1971,12,12,20.8
1971,12,13,2.3
1971,12,14,0.8
1971,12,15,8.6
1971,12,16,1.3
1972,1,13,0.3
1972,1,19,2
1972,1,20,2
1972,1,30,0.8
1972,2,4,0.5
1972,2,9,2.3
1972,2,12,15.7
1972,2,14,3.3
1972,2,15,3
1972,2,16,39.4
1972,2,17,28.4
1972,2,18,33.5
1972,2,23,3.3
1972,2,25,6.4
1972,2,26,7.4
1972,2,27,36.1
1972,2,28,11.4
1972,2,29,8.9
1972,3,1,35.1
1972,3,2,47.5
1972,3,3,2.8
1972,3,4,6.1
1972,3,7,1.5
1972,3,8,161.8
1972,3,9,53.3
1972,3,10,0.3
1972,3,14,0.5
1972,3,15,21.1
1972,3,17,2
1972,4,8,28.4
1972,4,10,3
1972,4,18,0.8
1972,4,19,41.9
1972,5,5,0.5
1972,6,1,0
1972,7,1,0
1972,8,1,0
1972,9,1,0
1972,10,25,0.3
1972,10,26,1
1972,10,27,1
1972,10,29,0.3
1972,11,7,1
1972,11,8,7.6
1972,11,11,5.3
1972,11,13,2
1972,11,19,1.3
1972,11,21,12.7
1972,11,26,14.7
1972,11,27,1.3
1972,12,4,0.5
1972,12,9,1.5
1972,12,25,0.5
1973,1,4,0.5
1973,1,5,1.5
1973,1,8,0.8
1973,1,9,5.6
1973,1,13,35.8
1973,1,14,1.3
1973,1,20,1.3
1973,1,22,0.5
1973,1,28,0.8
1973,1,29,18.5
1973,1,30,31.8
1973,1,31,59.4
1973,2,1,15
1973,2,2,0.8
1973,2,4,4.6
1973,2,5,0.3
1973,2,7,6.9
1973,2,19,0.5
1973,2,21,0.8
1973,2,23,4.8
1973,3,3,7.4
1973,3,7,0.3
1973,3,8,0.5
1973,3,9,31.8
1973,3,11,5.8
1973,3,12,1.5
1973,3,13,0.8
1973,3,15,1.8
1973,3,21,1.5
1973,3,26,2.3
1973,3,27,4.6
1973,3,28,1
1973,4,5,13.7
1973,4,7,0.3
1973,4,8,0.8
1973,5,6,1.5
1973,6,15,2.8
1973,6,16,87.6
1973,6,17,1.3
1973,6,18,1
1973,6,19,5.1
1973,7,1,0
1973,8,10,0.8
1973,9,2,5.8
1973,9,22,34.8
1973,10,18,1.5
1973,10,19,5.8
1973,10,24,11.4
1973,10,25,0.3
1973,10,26,1.3
1973,11,3,5.6
1973,11,6,8.6
1973,11,11,18
1973,11,17,3.3
1973,11,21,34.8
1973,11,22,10.7
1973,11,23,42.4
1973,11,24,9.9
1973,11,25,11.4
1973,11,26,3.3
1973,12,4,13.2
1973,12,10,0.3
1973,12,12,1.5
1973,12,15,3.6
1973,12,22,0.5
1973,12,25,3.3
1973,12,26,1.3
1973,12,27,0.8
1973,12,28,2.5
1973,12,29,2.8
1973,12,30,3.8
1973,12,31,1
1974,1,2,0.1
1974,1,3,5
1974,1,4,18
1974,1,5,21.6
1974,1,6,13
1974,1,7,108
1974,1,8,46.2
1974,1,9,8
1974,1,10,53.6
1974,1,11,19.4
1974,1,12,1.8
1974,1,14,0.6
1974,1,16,12.2
1974,1,17,9.2
1974,1,18,39.4
1974,1,19,6.8
1974,1,21,10.6
1974,1,22,0.2
1974,1,24,0.2
1974,1,25,10.8
1974,1,27,4
1974,1,28,11
1974,1,29,0.4
1974,2,1,0.4
1974,2,2,4.4
1974,2,7,0.6
1974,2,8,3.2
1974,2,9,0.6
1974,2,10,3
1974,2,12,5
1974,2,16,1
1974,2,17,16.2
1974,2,18,168.6
1974,2,19,7.8
1974,2,20,0.4
1974,2,21,1.8
1974,2,22,42.2
1974,2,24,16.4
1974,2,28,0.4
1974,3,4,12
1974,3,5,66
1974,3,6,12.8
1974,3,7,62.6
1974,3,8,66.8
1974,3,9,50
1974,3,10,130.2
1974,3,11,12.4
1974,3,12,1
1974,3,13,8.6
1974,3,19,2.8
1974,3,20,29.2
1974,3,27,1.2
1974,3,28,0.4
1974,3,29,0.2
1974,4,1,1.8
1974,4,8,0.2
1974,4,9,1
1974,4,25,2
1974,5,6,0.3
1974,5,9,1.6
1974,5,10,1
1974,6,1,0
1974,7,1,0
1974,8,22,3
1974,8,26,1.2
1974,8,28,1.6
1974,8,29,0.6
1974,9,6,2.4
1974,9,10,0.4
1974,10,5,3
1974,11,2,0.8
1974,11,8,11
1974,11,10,19.8
1974,11,13,20.6
1974,11,14,2.6
1974,11,15,0.6
1974,11,20,1.4
1974,11,21,2.6
1974,11,24,0.4
1974,11,26,10.6
1974,12,5,0.4
1974,12,16,0.4
1974,12,18,23
1974,12,19,0.2
1974,12,20,0.2
1974,12,24,23.4
1974,12,26,17.6
1974,12,27,0.2
1974,12,28,0.8
1974,12,29,1.8
1975,1,2,3.6
1975,1,10,5
1975,1,11,2.6
1975,1,12,74.6
1975,1,13,0.4
1975,1,24,1.8
1975,1,31,5.8
1975,2,1,2
1975,2,8,0.8
1975,2,9,27.8
1975,2,11,12.8
1975,2,12,16.4
1975,2,13,19.2
1975,2,14,1.6
1975,2,15,53.6
1975,2,16,0.2
1975,2,17,10
1975,2,18,2.4
1975,2,19,2
1975,2,20,3.4
1975,2,21,1.4
1975,2,22,23.8
1975,2,23,11.8
1975,2,24,33.4
1975,2,25,5.6
1975,3,8,3
1975,3,13,6.4
1975,3,14,19
1975,3,15,53
1975,3,16,1.4
1975,3,18,1.6
1975,3,19,7
1975,3,20,23.6
1975,3,26,8
1975,3,30,10.8
1975,3,31,2
1975,4,1,57
1975,4,2,94
1975,4,3,9.4
1975,4,11,1
1975,4,12,0.6
1975,4,24,2.2
1975,5,1,0
1975,6,29,21
1975,7,1,0
1975,8,1,0
1975,9,6,6
1975,9,16,17
1975,9,17,4
1975,9,29,8.3
1975,9,30,3
1975,10,1,1.6
1975,10,19,6.6
1975,10,20,7.8
1975,10,21,15.2
1975,10,22,16.6
1975,10,30,2.2
1975,11,1,9
1975,11,2,5.2
1975,11,6,5
1975,12,7,3.4
1975,12,8,12
1975,12,12,3.4
1975,12,13,24.4
1975,12,15,26.6
1975,12,16,4
1975,12,18,7.6
1975,12,28,13.2
1975,12,31,1.2
1976,1,2,0.4
1976,1,4,10
1976,1,7,17
1976,1,8,0.8
1976,1,10,59.6
1976,1,11,8.2
1976,1,12,4.4
1976,1,14,0.1
1976,1,15,45
1976,1,20,0.2
1976,2,3,0.6
1976,2,4,92.2
1976,2,5,24.8
1976,2,6,42
1976,2,7,3.8
1976,2,8,0.4
1976,2,9,3.8
1976,2,10,13
1976,2,11,8.8
1976,2,12,41
1976,2,13,4.4
1976,2,14,0.4
1976,2,16,1.2
1976,2,17,1.2
1976,2,18,17.6
1976,2,19,6.6
1976,2,20,12.2
1976,2,21,0.6
1976,2,22,120.4
1976,2,23,3.2
1976,2,24,5
1976,2,25,26
1976,2,26,0.6
1976,2,27,12
1976,2,28,16
1976,3,4,2
1976,3,9,0.8
1976,3,10,11.4
1976,3,11,10.6
1976,3,12,39
1976,3,13,2.2
1976,3,14,6.2
1976,3,15,7.6
1976,3,16,1.2
1976,3,17,39
1976,3,18,12
1976,3,19,3
1976,3,21,11.2
1976,3,22,0.2
1976,4,1,0
1976,5,1,0
1976,6,1,0
1976,7,1,0
1976,8,1,0
1976,9,1,0
1976,10,8,6.5
1976,10,21,4
1976,11,10,1.2
1976,11,11,2.6
1976,11,12,10.2
1976,11,14,2
1976,11,18,15
1976,11,27,14
1976,11,30,1.4
1976,12,11,27
1976,12,13,3.2
1976,12,15,9
1977,1,1,4
1977,1,8,11.8
1977,1,9,5
1977,1,11,9.2
1977,1,12,27
1977,1,13,13.2
1977,1,14,32
1977,1,15,13.4
1977,1,16,6.2
1977,1,19,7
1977,1,20,24
1977,1,21,3.2
1977,1,22,1.8
1977,2,14,8
1977,2,15,13.4
1977,2,16,5.4
1977,2,17,37.4
1977,2,18,19.6
1977,2,19,5.4
1977,2,20,2
1977,2,21,0.2
1977,2,22,1
1977,3,1,75
1977,3,6,15
1977,3,7,2.2
1977,3,8,15.2
1977,3,12,3.2
1977,3,13,12
1977,3,16,18.4
1977,3,20,16
1977,3,21,2
1977,3,22,35.4
1977,3,23,5.4
1977,3,25,7
1977,3,28,4
1977,3,31,11
1977,4,1,11
1977,4,2,26.8
1977,4,5,7
1977,4,6,10.2
1977,5,1,0
1977,6,1,0
1977,7,1,0
1977,8,1,0
1977,9,6,0.4
1977,10,31,2.5
1977,11,6,4.2
1977,11,7,0.6
1977,11,18,44
1977,11,20,0.2
1977,11,21,21.6
1977,11,22,3.5
1977,11,23,7.2
1977,11,27,28.6
1977,11,28,3.2
1977,12,1,1.6
1977,12,3,7
1977,12,11,0.8
1977,12,12,25.2
1977,12,14,1.4
1977,12,15,41.4
1977,12,16,8.2
1977,12,17,13.2
1977,12,18,10.2
1977,12,19,26
1977,12,20,4
1977,12,21,1.8
1978,1,2,3.4
1978,1,5,82.6
1978,1,7,13
1978,1,8,11.6
1978,1,9,15
1978,1,10,0.8
1978,1,11,0.6
1978,1,16,7
1978,1,17,0.6
1978,1,18,0.4
1978,1,19,20
1978,1,22,4
1978,1,23,11
1978,1,25,1.4
1978,1,26,10.2
1978,1,27,3.8
1978,1,28,14
1978,1,29,32
1978,2,4,0.4
1978,2,10,0.2
1978,2,13,4.5
1978,2,14,12
1978,2,15,1.2
1978,2,16,3
1978,2,17,9
1978,2,19,1.4
1978,2,20,1.4
1978,2,21,1.2
1978,2,22,5
1978,2,23,17
1978,2,24,4.2
1978,3,7,8.4
1978,4,1,40
1978,5,1,0
1978,6,11,6.7
1978,6,12,6.7
1978,6,13,6.7
1978,7,9,16.2
1978,7,10,17
1978,8,1,0
1978,9,5,12
1978,9,6,4
1978,9,26,5
1978,9,28,15
1978,10,20,2
1978,10,29,13.2
1978,10,30,10.2
1978,10,31,3
1978,11,11,5
1978,11,12,11
1978,11,18,13.2
1978,11,19,38
1978,12,3,19.4
1978,12,4,1
1978,12,5,7.6
1978,12,6,3
1978,12,8,2.2
1978,12,11,12
1978,12,21,18
1978,12,22,22
1978,12,24,2
1979,1,8,44.6
1979,1,14,38
1979,1,15,67.2
1979,1,18,16.4
1979,1,19,5.2
1979,1,21,4.8
1979,1,22,21
1979,1,23,15.2
1979,1,24,3.2
1979,1,25,2
1979,1,26,2.2
1979,1,31,1
1979,2,2,3
1979,2,3,14.2
1979,2,4,12
1979,2,10,11.4
1979,2,12,1
1979,2,14,1.2
1979,2,15,1.4
1979,2,16,13.4
1979,2,18,14
1979,2,19,27.6
1979,2,24,6
1979,2,26,1.4
1979,2,27,55
1979,2,28,17.4
1979,3,1,10
1979,3,2,1.4
1979,3,3,0.8
1979,3,4,86
1979,3,5,1.2
1979,3,6,16
1979,3,15,0.4
1979,4,1,0
1979,5,1,0
1979,6,1,0
1979,7,1,0
1979,8,1,0
1979,9,7,0.2
1979,9,30,7.8
1979,10,24,1
1979,11,3,8
1979,11,16,24.2
1979,11,17,2
1979,11,26,4
1979,12,17,1.2
1979,12,28,15.4
1979,12,30,2
1980,1,3,1.6
1980,1,4,7
1980,1,5,13.4
1980,1,12,31.2
1980,1,13,1.8
1980,1,21,2
1980,1,23,5
1980,1,31,20
1980,2,1,0.2
1980,2,2,9
1980,2,5,15.4
1980,2,6,17.4
1980,2,7,4.4
1980,2,8,16
1980,2,9,3.4
1980,2,11,28
1980,2,12,17.4
1980,2,13,10.2
1980,2,14,32.2
1980,2,15,11
1980,2,16,0.2
1980,2,22,2.2
1980,3,9,12.4
1980,3,21,2
1980,3,22,9
1980,4,1,0
1980,5,21,11
1980,5,22,2
1980,6,1,0
1980,7,1,0
1980,8,1,0
1980,9,1,0
1980,10,13,8.1
1980,10,14,14.1
1980,10,17,0.3
1980,10,20,5.3
1980,10,21,0.8
1980,10,24,0.7
1980,11,6,1.8
1980,11,7,6.3
1980,11,8,0.4
1980,11,14,4.5
1980,11,21,1.5
1980,11,28,0.2
1980,11,29,6
1980,12,1,0.5
1980,12,2,1
1980,12,3,4.5
1980,12,4,3
1980,12,16,47
1980,12,17,28
1980,12,23,2
1981,1,5,3.2
1981,1,6,0.2
1981,1,13,9
1981,1,14,22
1981,1,15,3.4
1981,1,16,4.2
1981,1,17,4.8
1981,1,19,11.2
1981,1,21,18.4
1981,1,23,44
1981,1,24,28.4
1981,1,26,0.4
1981,1,27,1.8
1981,1,28,0.8
1981,1,29,1
1981,2,2,12.8
1981,2,3,0.5
1981,2,4,11.8
1981,2,5,4.4
1981,2,6,21
1981,2,7,6.2
1981,2,10,3
1981,2,12,90.4
1981,2,13,4
1981,2,14,0.4
1981,2,16,2
1981,2,19,101
1981,2,20,0.8
1981,2,23,5
1981,3,2,12.8
1981,4,1,0
1981,5,21,2.2
1981,5,22,0.2
1981,6,1,0
1981,7,1,0
1981,8,21,3
1981,9,27,8
1981,10,2,20.4
1981,10,28,2.4
1981,11,7,1
1981,11,11,2
1981,11,13,2.8
1981,11,15,2.2
1981,11,16,7.8
1981,11,17,6.6
1981,11,19,1.8
1981,11,20,28.2
1981,11,21,1
1981,11,26,7
1981,11,28,36
1981,11,29,57.2
1981,12,3,3
1981,12,10,0.8
1981,12,11,12.8
1981,12,13,0.2
1981,12,14,6
1981,12,22,3
1981,12,24,7.4
1981,12,28,0.8
1981,12,29,7.2
1982,1,1,1.2
1982,1,7,4.2
1982,1,14,3.2
1982,1,16,10
1982,1,17,1.4
1982,1,18,5.8
1982,1,19,5.2
1982,1,20,1
1982,1,26,8.3
1982,1,27,10.5
1982,2,5,8.4
1982,2,6,42
1982,2,7,46.2
1982,2,8,4.8
1982,2,9,27.3
1982,2,10,51.4
1982,2,12,6.6
1982,2,13,7.9
1982,2,14,19.2
1982,2,19,8.2
1982,2,22,1.8
1982,2,23,14
1982,2,26,37
1982,3,2,1.4
1982,3,3,20
1982,3,5,7.8
1982,3,6,2
1982,3,19,2.2
1982,3,21,45
1982,3,22,9.7
1982,3,23,2.6
1982,3,24,27.5
1982,3,25,8.4
1982,4,29,0.2
1982,5,1,0
1982,6,1,0
1982,7,1,0
1982,8,1,0
1982,9,1,0
1982,10,1,0
1982,11,9,1
1982,11,18,1.8
1982,11,21,11
1982,11,22,2.5
1982,11,23,7.5
1982,11,25,2.5
1982,12,3,0.5
1982,12,4,21.6
1982,12,5,28
1982,12,8,28.8
1982,12,14,2.3
1982,12,16,1.2
1982,12,20,4.6
1982,12,24,8.5
1982,12,28,7.5
1982,12,30,6.8
1983,1,2,18.2
1983,1,6,1.8
1983,1,8,1.2
1983,1,25,9
1983,1,27,9
1983,2,2,0.2
1983,2,5,8.5
1983,2,7,2.2
1983,2,8,5.5
1983,2,14,27
1983,2,17,20
1983,2,21,0.6
1983,2,25,2
1983,3,1,68
1983,3,4,3.2
1983,3,5,5.8
1983,3,7,25.5
1983,3,8,6
1983,3,12,10
1983,3,13,26
1983,3,14,39
1983,3,15,22
1983,3,16,12.6
1983,3,17,12
1983,3,19,17.2
1983,3,20,2.2
1983,3,23,6.4
1983,3,24,4.2
1983,3,28,9.2
1983,3,29,3
1983,4,5,4.2
1983,4,23,51
1983,5,1,0
1983,6,1,0
1983,7,1,0
1983,8,1,0
1983,9,1,0
1983,10,8,11
1983,10,11,1.2
1983,10,17,5
1983,10,18,2.9
1983,10,31,9.4
1983,11,9,4.2
1983,11,10,7.2
1983,11,14,0.3
1983,11,15,15.4
1983,11,20,11.2
1983,11,22,11.2
1983,11,24,1.3
1983,11,27,8.8
1983,11,28,17
1983,12,2,1.6
1983,12,4,57
1983,12,21,4.8
1983,12,30,3
1984,1,3,18.6
1984,1,4,17.6
1984,1,5,47.8
1984,1,7,9.4
1984,1,9,5
1984,1,10,8.4
1984,1,11,0.5
1984,1,13,8.1
1984,1,14,4.4
1984,1,17,5.8
1984,1,18,46.8
1984,1,22,5.6
1984,1,23,11
1984,1,24,8.6
1984,1,25,1.8
1984,1,26,10
1984,1,27,8.7
1984,2,4,1.3
1984,2,12,8.6
1984,2,14,78
1984,2,15,7.6
1984,2,16,78
1984,2,23,7.4
1984,2,26,3
1984,2,29,17.6
1984,3,1,2.4
1984,3,5,10.2
1984,3,6,0.4
1984,3,11,6.4
1984,3,12,26.2
1984,3,16,76
1984,3,17,2
1984,3,19,6.4
1984,3,20,5.4
1984,3,24,17.8
1984,3,25,1.2
1984,3,28,0.4
1984,4,1,0
1984,5,1,0
1984,6,1,0
1984,7,1,0
1984,8,24,0.6
1984,9,12,20.8
1984,9,13,0.3
1984,9,15,3.1
1984,10,1,0
1984,11,3,1.4
1984,11,4,1
1984,11,9,10.8
1984,11,10,13.7
1984,11,11,19.8
1984,11,22,6.7
1984,12,9,3.4
1984,12,16,31
1984,12,17,10.2
1984,12,18,52
1984,12,19,4.2
1984,12,20,12
1984,12,21,0.2
1985,1,19,4.4
1985,1,25,0.8
1985,1,26,54.6
1985,1,27,10.8
1985,2,3,3
1985,2,6,69.6
1985,2,7,1
1985,2,8,3.2
1985,2,9,3.8
1985,2,10,2.6
1985,2,13,14
1985,2,15,34
1985,3,1,1.4
1985,3,3,1.6
1985,3,4,9
1985,3,15,2.8
1985,3,16,26.5
1985,3,18,0.6
1985,3,26,13.8
1985,3,27,44
1985,3,28,28
1985,3,29,49
1985,4,13,2
1985,4,14,1.6
1985,4,15,1.8
1985,5,25,11.8
1985,6,2,11.2
1985,7,1,0
1985,8,1,0
1985,9,1,0
1985,10,13,1
1985,10,24,9.6
1985,11,1,13
1985,11,5,14.2
1985,11,23,3.6
1985,11,24,2.8
1985,11,25,9
1985,11,26,11.6
1985,11,27,8.2
1985,12,2,15
1985,12,7,2
1985,12,24,3
1985,12,26,19
1985,12,27,19.8
1986,1,2,15.8
1986,1,3,0.8
1986,1,4,3
1986,1,11,1
1986,1,13,1
1986,1,14,2.2
1986,1,17,1
1986,1,19,9.6
1986,1,20,5.6
1986,1,21,2.6
1986,1,22,16
1986,1,23,12
1986,1,24,16.2
1986,1,25,5.6
1986,1,26,9
1986,1,27,1
1986,2,10,11.8
1986,2,20,1.8
1986,3,1,4.2
1986,3,10,1.6
1986,3,28,3.4
1986,4,1,0
1986,5,5,3.8
1986,5,6,3.4
1986,5,7,2.4
1986,5,10,2.2
1986,6,24,0.2
1986,7,1,3
1986,7,2,16.4
1986,7,24,2.6
1986,7,25,3.2
1986,7,28,1.2
1986,8,26,1.4
1986,9,28,12
1986,10,2,1
1986,10,7,0.6
1986,10,8,1.2
1986,10,22,8.2
1986,10,23,0.2
1986,10,28,6.6
1986,11,18,0.6
1986,12,4,1
1986,12,6,2.6
1987,1,14,5.2
1987,1,15,19
1987,1,16,30.9
1987,1,17,9.2
1987,1,18,8
1987,1,20,0.8
1987,1,21,14.2
1987,1,22,9.4
1987,1,23,3
1987,1,27,29.4
1987,1,28,48
1987,1,29,44
1987,1,30,31.8
1987,1,31,21.8
1987,2,1,11.2
1987,2,2,11.2
1987,2,3,23
1987,2,4,6.2
1987,2,11,4.4
1987,2,16,4.8
1987,2,19,16.2
1987,2,20,2
1987,2,21,5.2
1987,2,23,35.6
1987,2,24,36
1987,2,25,24
1987,2,26,71
1987,2,27,48.2
1987,3,1,0
1987,4,1,0
1987,5,1,0
1987,6,1,0
1987,7,1,0
1987,8,1,0
1987,9,1,0
1987,10,12,0.8
1987,11,1,3.3
1987,11,4,0.5
1987,11,11,0.2
1987,11,12,0.3
1987,11,13,18.4
1987,11,18,1
1987,11,19,22.2
1987,11,20,1.6
1987,11,25,3.8
1987,12,1,9.8
1987,12,11,7.6
1987,12,14,1.2
1987,12,16,22.9
1987,12,17,58.5
1987,12,22,0.4
1987,12,23,14.9
1987,12,24,7.4
1988,1,4,3.4
1988,1,5,3.2
1988,1,6,5.4
1988,1,11,6.2
1988,1,15,5.4
1988,1,18,5.2
1988,1,21,6.2
1988,1,29,0.6
1988,2,1,7.2
1988,2,2,7
1988,2,5,12.4
1988,2,6,32.2
1988,2,7,17
1988,2,11,22.8
1988,2,12,16.8
1988,2,21,21.6
1988,3,19,2.8
1988,3,26,1
1988,3,28,0.6
1988,3,29,0.8
1988,3,30,9.8
1988,3,31,13.4
1988,4,1,0
1988,5,1,0
1988,6,1,0
1988,7,1,0
1988,8,1,0
1988,9,3,6
1988,10,3,0.6
1988,10,10,6.4
1988,11,19,24.8
1988,11,20,11.8
1988,11,21,5.4
1988,11,22,48.8
1988,11,23,4.8
1988,12,1,22.6
1988,12,3,16.2
1988,12,6,6.6
1988,12,7,10.4
1988,12,8,3
1988,12,11,47.4
1988,12,12,22
1988,12,24,19.6
1988,12,25,15.8
1988,12,28,14
1988,12,29,5.2
1989,1,2,1.6
1989,1,14,2
1989,2,1,11.4
1989,2,8,8.5
1989,2,17,2
1989,2,22,0.8
1989,3,6,2
1989,3,7,3.4
1989,3,8,8
1989,3,9,11.6
1989,3,10,7.4
1989,3,11,32.2
1989,3,12,0.4
1989,3,13,7.2
1989,3,15,3.8
1989,3,16,75.4
1989,3,17,6.4
1989,3,20,27
1989,3,22,0.4
1989,3,24,1.6
1989,4,10,2.1
1989,4,17,36.4
1989,4,18,4
1989,5,1,4.2
1989,6,4,6.4
1989,6,5,17
1989,7,1,0
1989,8,1,0
1989,9,1,0
1989,10,16,14
1989,10,23,9.4
1989,11,16,6.2
1989,11,19,9
1989,12,1,1.2
1989,12,13,7
1989,12,15,5
1989,12,21,15.8
1989,12,28,12.9
1990,1,8,0.8
1990,1,9,7
1990,1,10,36.4
1990,1,11,4.8
1990,1,17,2.8
1990,1,22,9
1990,1,24,4.2
1990,1,30,11.2
1990,2,20,10.8
1990,3,1,36.6
1990,3,7,13.6
1990,4,17,6
1990,5,20,24
1990,6,1,0
1990,7,1,0
1990,8,31,12.4
1990,9,1,0
1990,10,17,3.8
1990,11,10,5.8
1990,11,23,5
1990,12,2,24
1990,12,6,0.9
1990,12,9,7.8
1990,12,10,4.7
1990,12,17,4.2
1990,12,29,12
1991,1,4,7.8
1991,1,5,6.4
1991,1,17,27
1991,1,19,4
1991,1,20,25.2
1991,1,21,10.6
1991,1,22,7.6
1991,1,24,16.8
1991,1,26,4.8
1991,1,28,18.8
1991,1,29,73.6
1991,1,30,3.2
1991,2,1,0.8
1991,2,2,6
1991,2,4,68.4
1991,2,5,46.8
1991,2,7,2.8
1991,2,14,102
1991,2,15,5.8
1991,2,16,25.8
1991,2,17,3
1991,2,19,41.2
1991,2,20,3
1991,2,21,94
1991,2,22,61.4
1991,3,28,11.4
1991,4,2,3.6
1991,5,1,0
1991,6,1,0
1991,7,1,0
1991,8,1,0
1991,9,1,0
1991,10,1,0
1991,11,1,5.8
1991,12,13,2.4
